node_id,career_id,skill_group,name,node_level,stage,axis,node_kind,is_optional,is_checkpoint,selection,choose_count,weight,completion_policy,required_proficiency,evidence_keywords,parent_id,previous_id,description,link1,link2,link3
frontend-internet,frontend,Web & Networking Fundamentals,Internet,1,FOUNDATION,MAIN,CORE,,,ALL,,3,EVIDENCE_ALLOWED,65,"internet,http,dns,domain,hosting,browser,tcp,ip",,,"The Internet is a global network of interconnected computers using TCP/IP protocols, connecting billions of devices worldwide. Revolutionized communication, commerce, education, and entertainment. Enables web browsing, streaming, and diverse applications while presenting privacy and security challenges.",https://roadmap.sh/guides/what-is-internet,https://en.wikipedia.org/wiki/Internet,
frontend-how-does-the-internet-work,frontend,Web & Networking Fundamentals,How does the internet work?,,FOUNDATION,BRANCH,CORE,,,ALL,,1,MANUAL_ONLY,,,frontend-internet,,"The internet is a global network connecting computers and devices for information sharing. Enables browsing, email, streaming, and communication through interconnected systems. Acts as worldwide infrastructure facilitating access to online resources and services.",https://roadmap.sh/guides/what-is-internet,https://cs.fyi/guide/how-does-internet-work,https://developer.mozilla.org/en-US/docs/Learn/Common_questions/How_does_the_Internet_work
frontend-what-is-http,frontend,Web & Networking Fundamentals,What is HTTP?,,FOUNDATION,BRANCH,CORE,,,ALL,,1,MANUAL_ONLY,,,frontend-internet,,"HTTP (Hypertext Transfer Protocol) enables browser-server communication through requests and responses. Stateless protocol using methods like GET and POST. HTTPS provides encrypted security. Newer versions (HTTP/2, HTTP/3) offer improved performance. Fundamental for web development understanding.",https://cs.fyi/guide/http-in-depth,https://www.cloudflare.com/en-gb/learning/ddos/glossary/hypertext-transfer-protocol-http/,https://howhttps.works
frontend-what-is-a-domain-name,frontend,Web & Networking Fundamentals,What is a Domain Name?,,FOUNDATION,BRANCH,CORE,,,ALL,,1,MANUAL_ONLY,,,frontend-internet,,"Domain names are human-friendly web addresses (e.g., [google.com](http://google.com)) substituting numerical IP addresses. Comprise second-level (""google"") and top-level ("".com"") domains. Registered through registrars, essential for branding and online presence. DNS translates names to IP addresses for accessibility.",http://google.com,https://developer.mozilla.org/en-US/docs/Learn/Common_questions/What_is_a_domain_name,https://www.cloudflare.com/en-gb/learning/dns/glossary/what-is-a-domain-name/
frontend-what-is-hosting,frontend,Web & Networking Fundamentals,What is Hosting?,,FOUNDATION,BRANCH,CORE,,,ALL,,1,MANUAL_ONLY,,,frontend-internet,,"Web hosting stores website files on servers, making sites accessible online. Types include shared (multiple sites per server) and dedicated (exclusive server) hosting. Providers offer additional services like email, domains, and security certificates. Critical for website performance and accessibility.",https://www.namecheap.com/hosting/what-is-web-hosting-definition/,https://www.youtube.com/watch?v=AXVZYzw8geg,https://www.youtube.com/watch?v=Kx_1NYYJS7Q
frontend-dns-and-how-it-works,frontend,Web & Networking Fundamentals,DNS and how it works?,,FOUNDATION,BRANCH,CORE,,,ALL,,1,MANUAL_ONLY,,,frontend-internet,,"DNS (Domain Name System) translates human-readable domain names into IP addresses through a global, decentralized server network. Enables easy internet navigation by converting names like [www.example.com](http://www.example.com) to numeric addresses browsers can connect to.",http://www.example.com,https://www.cloudflare.com/en-gb/learning/dns/what-is-dns/,https://messwithdns.net/
frontend-browsers-and-how-they-work,frontend,Web & Networking Fundamentals,Browsers and how they work?,,FOUNDATION,BRANCH,CORE,,,ALL,,1,MANUAL_ONLY,,,frontend-internet,,"Web browsers request and display websites by interpreting HTML, CSS, and JavaScript. Use rendering engines (Blink, Gecko) for display and JavaScript engines (V8) for code execution. Handle security, bookmarks, history, and user interactions for web navigation.",https://www.ramotion.com/blog/what-is-web-browser/,https://developer.mozilla.org/en-US/docs/Web/Performance/How_browsers_work,https://www.youtube.com/watch?v=5rLFYtXHo9s
frontend-html,frontend,HTML5,HTML,2,FOUNDATION,MAIN,CORE,,,ALL,,3,EVIDENCE_ALLOWED,65,"html,semantic,forms,markup,accessibility,seo",,frontend-internet,"HTML (Hypertext Markup Language) is the standard for creating web pages, structuring content with elements and attributes. Browsers interpret HTML tags to render pages. HTML5, the current standard, adds semantic elements, multimedia support, and form controls. It works with CSS for styling and JavaScript for interactivity, forming web development's foundation.",https://roadmap.sh/html,https://www.freecodecamp.org/learn/2022/responsive-web-design/,https://youtu.be/mJgBOIoGihA
frontend-semantic-html,frontend,HTML5,Semantic HTML,,FOUNDATION,BRANCH,CORE,,,ALL,,1,MANUAL_ONLY,,,frontend-html,,"HTML (Hypertext Markup Language) is the standard for creating web pages, structuring content with elements and attributes. Browsers interpret HTML tags to render pages. HTML5, the current standard, adds semantic elements, multimedia support, and form controls. It works with CSS for styling and JavaScript for interactivity, forming web development's foundation.",https://roadmap.sh/html,https://www.freecodecamp.org/learn/2022/responsive-web-design/,https://youtu.be/mJgBOIoGihA
frontend-forms-and-validation,frontend,HTML5,Forms and Validation,,FOUNDATION,BRANCH,CORE,,,ALL,,1,MANUAL_ONLY,,,frontend-html,,"HTML (Hypertext Markup Language) is the standard for creating web pages, structuring content with elements and attributes. Browsers interpret HTML tags to render pages. HTML5, the current standard, adds semantic elements, multimedia support, and form controls. It works with CSS for styling and JavaScript for interactivity, forming web development's foundation.",https://roadmap.sh/html,https://www.freecodecamp.org/learn/2022/responsive-web-design/,https://youtu.be/mJgBOIoGihA
frontend-accessibility-basics,frontend,HTML5,Accessibility Basics,,FOUNDATION,BRANCH,CORE,,,ALL,,1,MANUAL_ONLY,,,frontend-html,,"Website accessibility ensures sites are usable by everyone, including people with disabilities. Involves alt text for images, keyboard navigation, color contrast, and captions. Benefits all users, supports legal compliance, and expands audience reach.",https://web.dev/accessibility,https://youtube.com/playlist?list=PLNYkxOF6rcICWx0C9LVWWVqvHlYJyqw7g,
frontend-seo-basics,frontend,HTML5,SEO Basics,,FOUNDATION,BRANCH,CORE,,,ALL,,1,MANUAL_ONLY,,,frontend-html,,"HTML (Hypertext Markup Language) is the standard for creating web pages, structuring content with elements and attributes. Browsers interpret HTML tags to render pages. HTML5, the current standard, adds semantic elements, multimedia support, and form controls. It works with CSS for styling and JavaScript for interactivity, forming web development's foundation.",https://roadmap.sh/html,https://www.freecodecamp.org/learn/2022/responsive-web-design/,https://youtu.be/mJgBOIoGihA
frontend-css,frontend,CSS3,CSS,3,FOUNDATION,MAIN,CORE,,,ALL,,3,EVIDENCE_ALLOWED,65,"css,flexbox,grid,responsive,layout",,frontend-html,"CSS (Cascading Style Sheets) styles HTML documents, controlling layout, colors, and fonts. Separates design from content using selectors to target elements. Features responsive design with media queries, cascade rules, inheritance, and specificity. Modern CSS includes Flexbox, Grid, animations, and transitions.",https://roadmap.sh/css,https://www.freecodecamp.org/learn/2022/responsive-web-design/,https://web.dev/learn/css/
frontend-css-basics,frontend,CSS3,CSS Basics,,FOUNDATION,BRANCH,CORE,,,ALL,,1,MANUAL_ONLY,,,frontend-css,,"CSS (Cascading Style Sheets) styles HTML documents, controlling layout, colors, and fonts. Separates design from content using selectors to target elements. Features responsive design with media queries, cascade rules, inheritance, and specificity. Modern CSS includes Flexbox, Grid, animations, and transitions.",https://roadmap.sh/css,https://www.freecodecamp.org/learn/2022/responsive-web-design/,https://web.dev/learn/css/
frontend-layouts-with-flexbox-and-grid,frontend,CSS3,Layouts with Flexbox and Grid,,FOUNDATION,BRANCH,CORE,,,ALL,,1,MANUAL_ONLY,,,frontend-css,,"CSS (Cascading Style Sheets) styles HTML documents, controlling layout, colors, and fonts. Separates design from content using selectors to target elements. Features responsive design with media queries, cascade rules, inheritance, and specificity. Modern CSS includes Flexbox, Grid, animations, and transitions.",https://roadmap.sh/css,https://www.freecodecamp.org/learn/2022/responsive-web-design/,https://web.dev/learn/css/
frontend-responsive-design,frontend,CSS3,Responsive Design,,FOUNDATION,BRANCH,CORE,,,ALL,,1,MANUAL_ONLY,,,frontend-css,,"CSS (Cascading Style Sheets) styles HTML documents, controlling layout, colors, and fonts. Separates design from content using selectors to target elements. Features responsive design with media queries, cascade rules, inheritance, and specificity. Modern CSS includes Flexbox, Grid, animations, and transitions.",https://roadmap.sh/css,https://www.freecodecamp.org/learn/2022/responsive-web-design/,https://web.dev/learn/css/
frontend-javascript,frontend,JavaScript,JavaScript,4,FOUNDATION,MAIN,CORE,,,ALL,,3,EVIDENCE_ALLOWED,65,"javascript,js,dom,fetch,ajax,es6",,frontend-css,"JavaScript is a versatile programming language that makes websites interactive. Runs in browsers, servers (Node.js), and desktop applications. Features dynamic typing, event-driven programming, and constant evolution. Essential for modern web development across frontend and backend.",https://roadmap.sh/javascript,https://javascript.info/,https://javascript30.com/
frontend-javascript-basics,frontend,JavaScript,JavaScript Basics,,FOUNDATION,BRANCH,CORE,,,ALL,,1,MANUAL_ONLY,,,frontend-javascript,,"Generative AI uses algorithms to create new content, like code or designs, based on the data it's trained on. This means it can help frontend developers by automatically generating things like UI elements, suggesting code snippets, or even creating entire webpage layouts based on specific requirements and examples. Essentially, it's a tool that can automate repetitive tasks and inspire new ideas in the frontend development workflow.",https://www.ibm.com/think/topics/ai-in-software-development,https://github.com/resources/articles/ai-in-software-development,https://blog.logrocket.com/frontend-ai-tools-for-developers/
frontend-dom-manipulation,frontend,JavaScript,DOM Manipulation,,FOUNDATION,BRANCH,CORE,,,ALL,,1,MANUAL_ONLY,,,frontend-javascript,,"JavaScript is a versatile programming language that makes websites interactive. Runs in browsers, servers (Node.js), and desktop applications. Features dynamic typing, event-driven programming, and constant evolution. Essential for modern web development across frontend and backend.",https://roadmap.sh/javascript,https://javascript.info/,https://javascript30.com/
frontend-fetch-api-and-ajax,frontend,JavaScript,Fetch API and Ajax,,FOUNDATION,BRANCH,CORE,,,ALL,,1,MANUAL_ONLY,,,frontend-javascript,,"JavaScript is a versatile programming language that makes websites interactive. Runs in browsers, servers (Node.js), and desktop applications. Features dynamic typing, event-driven programming, and constant evolution. Essential for modern web development across frontend and backend.",https://roadmap.sh/javascript,https://javascript.info/,https://javascript30.com/
frontend-version-control,frontend,Git and Version Control,Version Control,5,FOUNDATION,MAIN,CORE,,,ALL,,3,EVIDENCE_ALLOWED,65,"git,github,version control,branch,commit",,frontend-javascript,"Version Control Systems (VCS) like Git track code changes and enable developer collaboration through modification history. Features include branching, merging, reverting, remote repositories, pull requests, and code reviews. Essential for modern software development productivity, quality, and teamwork.",https://roadmap.sh/git-github,https://inter-git.com/lessons/introduction,https://www.atlassian.com/git/tutorials/what-is-version-control
frontend-git-basics,frontend,Git and Version Control,Git Basics,,FOUNDATION,BRANCH,CORE,,,ALL,,1,MANUAL_ONLY,,,frontend-version-control,,"Git is a distributed version control system tracking code changes and enabling collaborative development. Features branching, merging, and complete project history. Allows offline work with local repositories. Fast, flexible, and the most popular VCS for software projects.",https://roadmap.sh/git-github,https://inter-git.com/lessons/introduction,https://thenewstack.io/tutorial-git-for-absolutely-everyone/
frontend-github,frontend,Git and Version Control,GitHub,,FOUNDATION,BRANCH,CORE,,,ALL,,1,MANUAL_ONLY,,,frontend-version-control,,"GitHub is the leading Git repository hosting platform for open-source and private projects. Owned by Microsoft since 2018, it's essential for modern software development, project showcasing, and open-source contributions. Central hub for developer collaboration and code sharing.",https://roadmap.sh/git-github,https://docs.github.com/en/get-started/quickstart/hello-world,https://skills.github.com/
frontend-gitlab,frontend,Git and Version Control,GitLab,,FOUNDATION,BRANCH,CORE,,,ALL,,1,MANUAL_ONLY,,,frontend-version-control,,"GitLab is a comprehensive DevOps platform offering integrated development tools including Git hosting, CI/CD, issue tracking, and deployment. Available as cloud service or self-hosted solution. Popular with enterprises seeking unified development workflows and built-in automation capabilities.",https://gitlab.com/,https://docs.gitlab.com/,https://thenewstack.io/development-connect-git-to-gitlab-for-small-projects/
frontend-package-managers,frontend,Package Managers,Package Managers,6,CORE,MAIN,CORE,,,CHOOSE_ONE,1,3,EVIDENCE_ALLOWED,65,"npm,yarn,pnpm,package,dependency",,frontend-version-control,"Package managers automate software package installation, updates, and dependency management. Examples include npm (JavaScript), pip (Python), and yarn. Enable code sharing, reuse, and consistent project setups. Essential for modern development workflows and team collaboration.",https://pnpm.io/,https://yarnpkg.com/en/docs/getting-started,https://nodesource.com/blog/an-absolute-beginners-guide-to-using-npm/
frontend-npm,frontend,Package Managers,npm,,CORE,BRANCH,ALTERNATIVE,,,ALL,,1,EVIDENCE_ALLOWED,65,"npm,package managers",frontend-package-managers,,"npm (Node Package Manager) is the primary JavaScript package manager for finding, sharing, and managing code dependencies. Uses package.json to track project requirements and enables consistent builds across environments. Remains the most popular choice despite alternatives like Yarn and pnpm.",https://docs.npmjs.com/,https://peterxjang.com/blog/modern-javascript-explained-for-dinosaurs.html,https://www.youtube.com/watch?v=2V1UUhBJ62Y
frontend-yarn,frontend,Package Managers,yarn,,CORE,BRANCH,ALTERNATIVE,,,ALL,,1,EVIDENCE_ALLOWED,65,"package managers,yarn",frontend-package-managers,,"Yarn is Facebook's JavaScript package manager offering fast, reliable, secure alternative to npm. Features lockfile consistency, parallel installations, offline mode, and checksum verification. Yarn Berry with Plug'n'Play improves performance for large projects.",https://yarnpkg.com/en/docs/getting-started,https://www.youtube.com/watch?v=g9_6KmiBISk,
frontend-pnpm,frontend,Package Managers,pnpm,,CORE,BRANCH,ALTERNATIVE,,,ALL,,1,EVIDENCE_ALLOWED,65,"package managers,pnpm",frontend-package-managers,,"pnpm (performant npm) is a fast, disk-efficient JavaScript package manager using global storage with symlinks. Saves disk space, ensures strict package.json compliance, supports monorepos, and provides better security through dependency isolation. Growing popularity for speed and efficiency.",https://pnpm.io,https://blog.bitsrc.io/pnpm-javascript-package-manager-4b5abd59dc9,https://www.youtube.com/watch?v=MvbReZDSKHI
frontend-pick-a-framework,frontend,Frontend Framework,Pick a Framework,7,CORE,MAIN,CORE,,,CHOOSE_ONE,1,3,EVIDENCE_ALLOWED,65,"framework,component,spa,react,vue,angular,svelte",,frontend-package-managers,"Web frameworks are development toolkits providing libraries, structure, rules, and tools for building applications. Different frameworks offer varying features based on project needs. Popular examples include React, Angular, and Vue, each with unique strengths and capabilities.",https://www.youtube.com/watch?v=466U-2D86bc,https://www.youtube.com/watch?v=cuHDQhDhvPE,
frontend-react,frontend,,React,,CORE,BRANCH,ALTERNATIVE,,,ALL,,1,EVIDENCE_ALLOWED,65,react,frontend-pick-a-framework,,"React is a JavaScript tool from Facebook for building UIs, especially for single-page apps. It lets you create reusable UI parts that update when data changes. React uses a virtual DOM for speed and has a one-way data flow. This component style makes code neat and reusable. React also works with tools like Redux for data management and React Native for mobile apps. It's popular because it's clear, fast, and has a big community.",https://roadmap.sh/react,https://www.youtube.com/watch?v=Bvwq_S0n2pk,https://react.dev
frontend-vue-js,frontend,,Vue.js,,CORE,BRANCH,ALTERNATIVE,,,ALL,,1,EVIDENCE_ALLOWED,65,vue.js,frontend-pick-a-framework,,"Vue.js is a JavaScript framework for building website interfaces. It's easy to start with and can be added to projects bit by bit. Vue uses templates and a virtual DOM (a lightweight copy of the real page) to show things on screen efficiently. It has a system of reusable components, making code organized. While Vue mainly handles what users see, it works well with other tools for things like managing data or page navigation. It's known for being easy to learn, flexible, and fast, making it popular for all kinds of projects.",https://roadmap.sh/vue,https://vuejs.org/,https://www.youtube.com/watch?v=VeNfHj6MhgA
frontend-angular,frontend,,Angular,,CORE,BRANCH,ALTERNATIVE,,,ALL,,1,EVIDENCE_ALLOWED,65,angular,frontend-pick-a-framework,,"Angular is a popular tool from Google for building websites and web apps. It uses TypeScript (a type of JavaScript) to create large, efficient single-page applications (SPAs), where content loads in one go without needing to reload the whole page. Angular builds UIs with reusable components, like building blocks. It has features like two-way data binding (data updates automatically in different places), dependency injection (helps manage code parts), and a strong template system. Angular also offers tools for testing, page navigation, and managing app data, making it great for big, complex projects.",https://roadmap.sh/angular,https://angular.dev/tutorials/learn-angular,https://www.youtube.com/watch?v=3qBXWUpoPHo
frontend-svelte,frontend,,Svelte,,CORE,BRANCH,ALTERNATIVE,,,ALL,,1,EVIDENCE_ALLOWED,65,svelte,frontend-pick-a-framework,,"Svelte is a JavaScript tool for building UIs. Unlike others, Svelte does its main work during build time, not in the browser. It turns your code into small, fast, plain JavaScript. Svelte uses components and has a simple syntax, so you write less code. It includes features for managing data, styling, and animations. Because Svelte doesn't use a virtual DOM, pages load and update quickly. It's liked for its simplicity and speed.",https://www.youtube.com/playlist?list=PL4cUxeGkcC9hlbrVO_2QFVqVPhlZmz7tO,https://svelte.dev/,https://thenewstack.io/svelte-and-the-future-of-front-end-development/
frontend-writing-css,frontend,Modern CSS and Styling,Writing CSS,8,CORE,MAIN,CORE,,,CHOOSE_ONE,1,3,EVIDENCE_ALLOWED,65,"tailwind,css frameworks,utility css,styling",,frontend-pick-a-framework,"Modern CSS creates responsive designs using media queries, flexible typography, CSS-in-JS, and frameworks like Tailwind. Features CSS Logical Properties for internationalization and CSS Houdini for custom styling. Goals: performance, maintainability, and accessible designs across all devices.",https://roadmap.sh/css,https://moderncss.dev/,https://css-tricks.com/modern-css/
frontend-tailwind-css,frontend,,Tailwind CSS,,CORE,BRANCH,ALTERNATIVE,,,ALL,,1,EVIDENCE_ALLOWED,65,tailwind css,frontend-writing-css,,"Tailwind CSS is a utility-first CSS framework providing small, composable classes for rapid custom design development. Features mobile-first approach, automatic unused style removal (purging), and flexible customization. Enables quick responsive design prototyping without writing custom CSS.",https://www.youtube.com/watch?v=lCxcTsOHrjo,https://tailwindcss.com,https://play.tailwindcss.com
frontend-css-frameworks,frontend,,CSS Frameworks,,CORE,BRANCH,ALTERNATIVE,,,ALL,,1,EVIDENCE_ALLOWED,65,css frameworks,frontend-writing-css,,"Modern CSS creates responsive designs using media queries, flexible typography, CSS-in-JS, and frameworks like Tailwind. Features CSS Logical Properties for internationalization and CSS Houdini for custom styling. Goals: performance, maintainability, and accessible designs across all devices.",https://roadmap.sh/css,https://moderncss.dev/,https://css-tricks.com/modern-css/
frontend-build-tools,frontend,Build Tools and Bundlers,Build Tools,9,PRACTICAL,MAIN,CORE,,,CHOOSE_ONE,1,3,EVIDENCE_ALLOWED,65,"vite,esbuild,rollup,bundler,build",,frontend-writing-css,"Module bundlers combine multiple JavaScript files into optimized bundles for browsers. Handle dependencies, code transformation, and splitting for performance. Examples: Webpack, Rollup, Parcel. Enable modern JavaScript features, improve load times, and streamline development workflows.",https://rollupjs.org/,https://webpack.js.org/,https://snipcart.com/blog/javascript-module-bundler
frontend-vite,frontend,,Vite,,PRACTICAL,BRANCH,ALTERNATIVE,,,ALL,,1,EVIDENCE_ALLOWED,65,vite,frontend-build-tools,,"Vite is a modern build tool using native ES modules for instant server starts and fast Hot Module Replacement. Supports Vue, React, Svelte with Rollup for production builds. Features CSS pre-processors and TypeScript integration. Enhances developer experience with faster development cycles.",https://vite.dev,https://vite.dev/guide/,https://youtu.be/LQQ3CR2JTX8
frontend-esbuild,frontend,,esbuild,,PRACTICAL,BRANCH,ALTERNATIVE,,,ALL,,1,EVIDENCE_ALLOWED,65,esbuild,frontend-build-tools,,"esbuild is an extremely fast JavaScript bundler and minifier written in Go. Handles modern JavaScript, TypeScript, and JSX with near-instant bundling. Simple API with excellent performance for development and as foundation for other tools. Trades some advanced features for speed.",https://www.youtube.com/watch?v=KLdF1yu_bmI,https://esbuild.github.io/,https://www.youtube.com/watch?v=ZY8Vu8cbWF0
frontend-rollup,frontend,,Rollup,,PRACTICAL,BRANCH,ALTERNATIVE,,,ALL,,1,EVIDENCE_ALLOWED,65,rollup,frontend-build-tools,,"Rollup is a JavaScript bundler creating efficient bundles from ES modules. Excels at tree-shaking to remove unused code and supports multiple output formats. Produces smaller bundles than alternatives, ideal for libraries and modern JavaScript projects requiring optimization.",https://rollupjs.org/,https://www.youtube.com/watch?v=ICYLOZuFMz8,
frontend-linters-and-formatters,frontend,Code Quality Tools,Linters and Formatters,10,PRACTICAL,MAIN,CORE,,,ALL,,3,EVIDENCE_ALLOWED,65,"eslint,prettier,lint,format",,frontend-build-tools,"Linters and formatters improve code quality by finding errors, bugs, and style issues (linters) and automatically fixing formatting like indentation and spacing (formatters). Ensure consistency, readability, and early error detection. Examples: ESLint, Prettier.",https://www.testim.io/blog/what-is-a-linter-heres-a-definition-and-quick-start-guide/,,
frontend-eslint,frontend,Code Quality Tools,ESLint,,PRACTICAL,BRANCH,CORE,,,ALL,,1,MANUAL_ONLY,,,frontend-linters-and-formatters,,"ESLint is a JavaScript linter checking code for problems, maintains consistent style, and finds errors. Highly configurable with custom or preset rules. Supports modern JavaScript, JSX, and TypeScript. Integrates with editors and builds tools, offering automatic fixing for team consistency.",https://eslint.org/,https://2coffee.dev/en/articles/what-is-eslint-and-how-to-use-eslint-to-detect-fix-code-for-javascript-projects,https://www.youtube.com/watch?v=qhuFviJn-es
frontend-prettier,frontend,Code Quality Tools,Prettier,,PRACTICAL,BRANCH,CORE,,,ALL,,1,MANUAL_ONLY,,,frontend-linters-and-formatters,,"Prettier automatically formats code for consistency across JavaScript, TypeScript, CSS, and other languages. Enforces opinionated style rules, eliminating style debates and saving time. Integrates with editors and pre-commit hooks. Popular for maintaining uniform code appearance across teams.",https://prettier.io,https://prettier.io/docs/en/why-prettier.html,https://www.youtube.com/watch?v=DqfQ4DPnRqI
frontend-testing,frontend,Frontend Testing,Testing,11,PRACTICAL,MAIN,CORE,,,ALL,,3,EVIDENCE_ALLOWED,65,"jest,vitest,playwright,unit test,e2e",,frontend-linters-and-formatters,"Testing verifies software functionality and quality through unit, integration, functional, UI/UX, performance, security, accessibility, and compatibility testing. Modern approaches use automated tools, CI/CD pipelines, TDD, and BDD methodologies. Early bug detection improves application reliability.",https://www.atlassian.com/continuous-delivery/software-testing/types-of-software-testing,https://www.youtube.com/watch?v=l3qjQpYBR8c,
frontend-unit-testing-with-jest,frontend,Frontend Testing,Unit Testing with Jest,,PRACTICAL,BRANCH,CORE,,,ALL,,1,MANUAL_ONLY,,,frontend-testing,,"Jest is Facebook's JavaScript testing framework for unit testing with auto mocking, code coverage, and snapshot testing. Works with React, Angular, Vue. Features parallel test execution, watch mode, and built-in assertion library. Top choice for JavaScript developers.",https://jestjs.io/,https://youtu.be/IPiUDhwnZxA?si=2_lE2bDo2fRuo2CU,
frontend-end-to-end-testing-with-playwright,frontend,Frontend Testing,End-to-End Testing with Playwright,,PRACTICAL,BRANCH,CORE,,,ALL,,1,MANUAL_ONLY,,,frontend-testing,,"Playwright is Microsoft's cross-browser automation testing framework supporting Chromium, Firefox, WebKit across platforms. Works with JavaScript, TypeScript, Python, .NET. Features auto-waiting, network control, mobile simulation. Excellent for modern web app testing with debugging tools.",https://playwright.dev/,https://thenewstack.io/playwright-a-time-saving-end-to-end-testing-framework/,https://www.youtube.com/playlist?list=PLQ6Buerc008ed-F9OksF7ek37wR3y916p
frontend-vitest,frontend,Frontend Testing,Vitest,,PRACTICAL,BRANCH,CORE,,,ALL,,1,MANUAL_ONLY,,,frontend-testing,,"Vitest is a fast JavaScript/TypeScript testing framework optimized for Vite with Jest-compatible API. Features live test updates, snapshot testing, mocking, code coverage, parallel execution, and watch mode. Designed for Vite projects but works with any JavaScript project.",https://vitest.dev/,https://vitest.dev/guide/,https://www.youtube.com/watch?v=snCLQmINqCU
frontend-type-checkers,frontend,TypeScript,Type Checkers,12,PRACTICAL,MAIN,CORE,,,ALL,,3,EVIDENCE_ALLOWED,65,"typescript,ts,types,interface,generics",,frontend-testing,"Type checkers are tools that analyze code to verify that the types of values used in a program are consistent with their declared or inferred types. They help catch type-related errors during development, before the code is run, by identifying mismatches between expected and actual data types. This process ensures that operations are performed on compatible data, reducing the likelihood of runtime errors and improving code reliability.",https://finchtrade.com/glossary/type-checking,,
frontend-typescript,frontend,TypeScript,TypeScript,,PRACTICAL,BRANCH,CORE,,,ALL,,1,MANUAL_ONLY,,,frontend-type-checkers,,"Type checkers are tools that analyze code to verify that the types of values used in a program are consistent with their declared or inferred types. They help catch type-related errors during development, before the code is run, by identifying mismatches between expected and actual data types. This process ensures that operations are performed on compatible data, reducing the likelihood of runtime errors and improving code reliability.",https://finchtrade.com/glossary/type-checking,,
frontend-authentication,frontend,Authentication Strategies,Authentication,13,ADVANCED,MAIN,CORE,,,ALL,,3,EVIDENCE_ALLOWED,65,"jwt,oauth,sso,session,token,auth",,frontend-type-checkers,"Authentication strategies verify a user's identity to grant access. Common methods include Basic Auth (username/password), Session-based (server remembers login), Token-based (like JWT, a secure digital key), OAuth (for third-party access like ""Login with Google""), and SSO (Single Sign-On, one login for many apps). Knowing these helps choose the right security for your app.",https://roadmap.sh/guides/basic-authentication,https://roadmap.sh/guides/session-based-authentication-visually-explained,https://roadmap.sh/guides/token-authentication
frontend-authentication-strategies,frontend,Authentication Strategies,Authentication Strategies,,ADVANCED,BRANCH,CORE,,,ALL,,1,MANUAL_ONLY,,,frontend-authentication,,"Authentication strategies verify a user's identity to grant access. Common methods include Basic Auth (username/password), Session-based (server remembers login), Token-based (like JWT, a secure digital key), OAuth (for third-party access like ""Login with Google""), and SSO (Single Sign-On, one login for many apps). Knowing these helps choose the right security for your app.",https://roadmap.sh/guides/basic-authentication,https://roadmap.sh/guides/session-based-authentication-visually-explained,https://roadmap.sh/guides/token-authentication
frontend-web-security,frontend,Web Security and OWASP,Web Security,14,ADVANCED,MAIN,CORE,,,ALL,,3,EVIDENCE_ALLOWED,65,"https,cors,csp,xss,owasp,security",,frontend-authentication,"Web security protects websites from cyber threats through HTTPS/TLS, XSS/SQL injection/CSRF prevention, CSP, secure authentication, input validation, and regular updates. Involves understanding OWASP Top Ten vulnerabilities, access controls, secure coding practices, and threat awareness for comprehensive protection.",https://owasp.org/,https://cheatsheetseries.owasp.org/cheatsheets/AJAX_Security_Cheat_Sheet.html,https://developer.mozilla.org/en-US/docs/Web/HTTP/CSP
frontend-https,frontend,Web Security and OWASP,HTTPS,,ADVANCED,BRANCH,CORE,,,ALL,,1,MANUAL_ONLY,,,frontend-web-security,,"HTTPS (Hypertext Transfer Protocol Secure) is HTTP's encrypted version, securing data transmission between browsers and websites. Essential for protecting sensitive information like banking and email. Ensures privacy and security through data encryption for online communications.",https://www.cloudflare.com/en-gb/learning/ssl/what-is-https/,https://developers.google.com/web/fundamentals/security/encrypt-in-transit/why-https,https://web.dev/enable-https/
frontend-cors,frontend,Web Security and OWASP,CORS,,ADVANCED,BRANCH,CORE,,,ALL,,1,MANUAL_ONLY,,,frontend-web-security,,CORS (Cross-Origin Resource Sharing) controls web page access to resources from different domains through HTTP headers. Servers specify allowed origins while browsers send preflight requests for permission. Prevents unauthorized access while enabling legitimate cross-origin requests for modern multi-domain applications.,https://developer.mozilla.org/en-US/docs/Web/HTTP/CORS,https://rbika.com/blog/understanding-cors,https://www.youtube.com/watch?v=PNtFSVU-YTI
frontend-content-security-policy,frontend,Web Security and OWASP,Content Security Policy,,ADVANCED,BRANCH,CORE,,,ALL,,1,MANUAL_ONLY,,,frontend-web-security,,"Content Security Policy (CSP) prevents XSS and clickjacking attacks by specifying trusted content sources through HTTP headers. Website creators define safe sources for scripts, styles, images, and other resources. Limits malicious code execution and provides violation reporting for security monitoring.",https://developer.mozilla.org/en-US/docs/Web/HTTP/CSP,https://web.dev/csp/,
frontend-owasp-risks,frontend,Web Security and OWASP,OWASP Risks,,ADVANCED,BRANCH,CORE,,,ALL,,1,MANUAL_ONLY,,,frontend-web-security,,"OWASP (Open Web Application Security Project) identifies top web application security risks including injection attacks, broken authentication, data exposure, and vulnerable dependencies. Provides guidance on secure coding practices, regular security testing, and comprehensive protection strategies for web applications.",https://owasp.org/,https://cheatsheetseries.owasp.org/cheatsheets/AJAX_Security_Cheat_Sheet.html,https://github.com/0xRadi/OWASP-Web-Checklist
frontend-web-components,frontend,Web Components,Web Components,15,ADVANCED,MAIN,CORE,,,ALL,,3,EVIDENCE_ALLOWED,65,"web components,custom elements,shadow dom,templates",,frontend-web-security,"Web Components create reusable HTML elements using Custom Elements, Shadow DOM, and HTML Templates. Work across browsers and frameworks with encapsulated styles and structure. Enable modular, shareable code with reduced style conflicts. Standard for building interoperable web parts.",https://developer.mozilla.org/en-US/docs/Web/Web_Components,https://webcomponents.github.io/,https://www.youtube.com/watch?v=PCWaFLy3VUo
frontend-custom-elements,frontend,Web Components,Custom Elements,,ADVANCED,BRANCH,CORE,,,ALL,,1,MANUAL_ONLY,,,frontend-web-components,,Custom Elements enable creating your own HTML tags as part of Web Components. Build reusable webpage components with custom behavior instead of nested standard HTML. Keeps HTML cleaner and components more manageable with encapsulated functionality.,https://developer.mozilla.org/en-US/docs/Web/Web_Components/Using_custom_elements,https://www.youtube.com/watch?v=1GT35DSdZbI,https://app.daily.dev/tags/webdev?ref=roadmapsh
frontend-shadow-dom,frontend,Web Components,Shadow DOM,,ADVANCED,BRANCH,CORE,,,ALL,,1,MANUAL_ONLY,,,frontend-web-components,,"Shadow DOM creates private, encapsulated DOM trees inside elements, isolating HTML, CSS, and JavaScript from the main page. Prevents style and script conflicts, enabling cleaner, reusable components. Essential for web components requiring self-contained functionality.",https://developer.mozilla.org/en-US/docs/Web/Web_Components/Using_shadow_DOM,https://youtu.be/7Tok22qxPzQ?si=2cw36PNSgFTcNHWx,https://app.daily.dev/tags/dom?ref=roadmapsh
frontend-html-templates,frontend,Web Components,HTML Templates,,ADVANCED,BRANCH,CORE,,,ALL,,1,MANUAL_ONLY,,,frontend-web-components,,The `<template>` HTML element holds hidden content for later use by JavaScript. Acts as a reusable blueprint for creating dynamic page elements. Enables efficient content templating and component-based development patterns in web applications.,https://developer.mozilla.org/en-US/docs/Web/Web_Components/Using_templates_and_slots,https://app.daily.dev/tags/html?ref=roadmapsh,
frontend-server-side-rendering,frontend,Server-Side Rendering,Server-Side Rendering,16,ADVANCED,MAIN,CORE,,,CHOOSE_ONE,1,3,EVIDENCE_ALLOWED,65,"ssr,next,nuxt,sveltekit,hydration",,frontend-web-components,"Server-side rendering (SSR) generates complete HTML on the server before sending to browsers. Improves initial load times, SEO, and performance on slow devices. Frameworks: Next.js (React), Nuxt.js (Vue). Increases server load but enhances user experience.",https://vuejs.org/guide/scaling-up/ssr.html,https://www.youtube.com/watch?v=ObrSuDYMl1s,https://www.youtube.com/watch?v=okvg3MRAPs0
frontend-next-js,frontend,,Next.js,,ADVANCED,BRANCH,ALTERNATIVE,,,ALL,,1,EVIDENCE_ALLOWED,65,next.js,frontend-server-side-rendering,,"Next.js is a React framework supporting server-side rendering and static site generation. Features automatic code splitting, file-based routing, CSS support, API routes, and optimized performance. Includes live updates, smart preloading, and easy deployment. Ideal for SEO-friendly applications.",https://roadmap.sh/nextjs,https://nextjs.org/,https://youtu.be/1WmNXEVia8I
frontend-nuxt-js,frontend,,Nuxt.js,,ADVANCED,BRANCH,ALTERNATIVE,,,ALL,,1,EVIDENCE_ALLOWED,65,nuxt.js,frontend-server-side-rendering,,"Nuxt.js is a Vue.js framework providing structure, automatic routing, and server-side rendering. Supports static site generation, code splitting, and data fetching. Offers flexible rendering options with focus on developer experience and performance. Popular for SEO-friendly Vue applications with plugin ecosystem.",https://vueschool.io/courses/nuxtjs-fundamentals,https://nuxtjs.org/,https://explorers.netlify.com/learn/get-started-with-nuxt
frontend-sveltekit,frontend,,SvelteKit,,ADVANCED,BRANCH,ALTERNATIVE,,,ALL,,1,EVIDENCE_ALLOWED,65,sveltekit,frontend-server-side-rendering,,"SvelteKit is a full-stack framework for building websites and applications with Svelte. Features file-based routing, code splitting, server-side rendering, and static site generation. Designed for simplicity and performance with excellent developer experience and easy deployment options.",https://kit.svelte.dev/,https://kit.svelte.dev/docs/introduction,https://www.youtube.com/watch?v=H1eEFfAkIik
frontend-graphql,frontend,GraphQL,GraphQL,17,ADVANCED,MAIN,CORE,,,CHOOSE_ONE,1,3,EVIDENCE_ALLOWED,65,"graphql,apollo,relay,query,mutation",,frontend-server-side-rendering,"GraphQL is Facebook's query language for APIs allowing clients to request exactly the data needed. Reduces over-fetching and under-fetching compared to REST. Ideal for mobile applications, complex APIs, and rapidly changing requirements with strong typing.",https://roadmap.sh/graphql,https://graphql.org/learn/,https://thenewstack.io/introduction-to-graphql/
frontend-apollo-client,frontend,GraphQL,Apollo Client,,ADVANCED,BRANCH,ALTERNATIVE,,,ALL,,1,EVIDENCE_ALLOWED,65,"apollo client,graphql",frontend-graphql,,"Apollo GraphQL is a comprehensive platform for GraphQL applications. Apollo Client handles caching, data fetching, and state management. Apollo Server builds GraphQL APIs. Includes tools for schema management, performance monitoring, and developer tooling for faster, scalable apps.",https://roadmap.sh/graphql,https://www.apollographql.com,https://www.apollographql.com/docs/
frontend-relay-modern,frontend,GraphQL,Relay Modern,,ADVANCED,BRANCH,ALTERNATIVE,,,ALL,,1,EVIDENCE_ALLOWED,65,"graphql,relay modern",frontend-graphql,,"Relay is Facebook's JavaScript library for data-heavy React applications using GraphQL. Co-locates data requirements with components, enabling efficient fetching and updates. Handles caching, real-time updates, and optimistic UI changes. Ideal for complex applications requiring sophisticated data management.",https://relay.dev/,https://github.com/facebook/relay,https://www.youtube.com/watch?v=A4POd93GI_I
frontend-static-site-generation,frontend,Static Site Generation,Static Site Generation,18,JOB_READY,MAIN,CORE,,,CHOOSE_ONE,1,3,EVIDENCE_ALLOWED,65,"ssg,astro,eleventy,static site",,frontend-graphql,"Static Site Generators (SSGs) build websites as pre-generated HTML files from content and templates. Make sites fast, secure, and easy to host. Examples: Jekyll, Hugo, Eleventy. Ideal for blogs, documentation, and content-focused sites with excellent performance.",https://www.cloudflare.com/learning/performance/static-site-generator/,https://thenewstack.io/get-back-basics-static-website-generators/,https://www.youtube.com/watch?v=Qms4k6y7OgI
frontend-astro,frontend,,Astro,,JOB_READY,BRANCH,ALTERNATIVE,,,ALL,,1,EVIDENCE_ALLOWED,65,astro,frontend-static-site-generation,,"Astro is a static site generator supporting multiple frameworks (React, Vue, Svelte) with partial hydration. Renders components to static HTML, sending JavaScript only when needed. Features file-based routing and markdown support. Ideal for blogs, documentation, and marketing sites.",https://www.youtube.com/watch?v=e-hTm5VmofI,https://astro.build/,https://www.contentful.com/blog/what-is-astro/
frontend-eleventy,frontend,,Eleventy,,JOB_READY,BRANCH,ALTERNATIVE,,,ALL,,1,EVIDENCE_ALLOWED,65,eleventy,frontend-static-site-generation,,"Eleventy (11ty) is a flexible static site generator supporting multiple template languages (HTML, Markdown, JavaScript). Creates pages from data sources, adds no client-side JavaScript for fast loading. Highly customizable with useful plugins for navigation and image processing.",https://www.11ty.dev/,https://11ty.rocks/,https://www.youtube.com/watch?v=-dM6AmNmMFA
frontend-vuepress,frontend,,Vuepress,,JOB_READY,BRANCH,ALTERNATIVE,,,ALL,,1,EVIDENCE_ALLOWED,65,vuepress,frontend-static-site-generation,,"VuePress is a Vue.js-powered static site generator optimized for documentation. Creates fast, SEO-friendly sites with Vue-based theming, syntax highlighting, and Markdown support with Vue components. Features built-in search, responsive layouts, and plugin/theme customization. Ideal for documentation and simple websites.",https://vuepress.vuejs.org/,https://www.youtube.com/watch?v=iRhRdY7SQJg,
frontend-progressive-web-apps,frontend,Progressive Web Apps,Progressive Web Apps,19,JOB_READY,MAIN,CORE,,,ALL,,3,EVIDENCE_ALLOWED,65,"pwa,service worker,storage,offline",,frontend-static-site-generation,"Progressive Web Apps (PWAs) are web applications behaving like native apps using HTML, CSS, JavaScript. Feature offline functionality, push notifications, home screen installation, and service workers for caching. Cross-platform, discoverable, and cost-effective alternative to native apps.",https://web.dev/learn/pwa/,https://developer.mozilla.org/en-US/docs/Web/Progressive_web_apps/,https://www.youtube.com/watch?v=3ODP6tTpjqA
frontend-service-workers,frontend,Progressive Web Apps,Service Workers,,JOB_READY,BRANCH,CORE,,,ALL,,1,MANUAL_ONLY,,,frontend-progressive-web-apps,,"Service Workers are JavaScript files that act as proxy servers between web browsers and web servers. They can intercept network requests, cache resources, and deliver push notifications, even when the user is offline. This allows for improved performance and offline capabilities for web applications.",https://developer.mozilla.org/en-US/docs/Web/API/Service_Worker_API,https://web.dev/learn/pwa/service-workers,https://developer.chrome.com/docs/workbox/service-worker-overview
frontend-using-devtools,frontend,Progressive Web Apps,Using DevTools,,JOB_READY,BRANCH,CORE,,,ALL,,1,MANUAL_ONLY,,,frontend-progressive-web-apps,,"DevTools are a set of web developer tools built directly into web browsers. They allow you to inspect and debug HTML, CSS, and JavaScript, monitor network activity, analyze performance bottlenecks, and more. By using DevTools, frontend developers can understand how their code is executed in the browser and identify areas for optimization.",https://developer.mozilla.org/en-US/docs/Learn_web_development/Howto/Tools_and_setup/What_are_browser_developer_tools,https://aws.amazon.com/what-is/developer-tools/,https://developer.chrome.com/docs/devtools
frontend-web-performance,frontend,Web Performance Optimization,Web Performance,20,JOB_READY,MAIN,CORE,,,ALL,,3,EVIDENCE_ALLOWED,65,"performance,lighthouse,web vitals,code splitting",,frontend-progressive-web-apps,"Performance, in the context of web development, refers to how quickly and efficiently a website or web application loads and responds to user interactions. It encompasses various aspects like loading times, rendering speed, and overall responsiveness. Optimizing performance ensures a smooth and enjoyable user experience, leading to increased engagement and satisfaction.",https://developer.mozilla.org/en-US/docs/Web/Performance,https://www.shopify.com/enterprise/blog/web-performance-optimization,https://www.youtube.com/watch?v=0fONene3OIA
frontend-lighthouse,frontend,Web Performance Optimization,Lighthouse,,JOB_READY,BRANCH,CORE,,,ALL,,1,MANUAL_ONLY,,,frontend-web-performance,,"Lighthouse is an open-source, automated tool for improving the quality of web pages. You can run it against any web page, public or requiring authentication. It has audits for performance, accessibility, progressive web apps, SEO, and more. Lighthouse provides reports with actionable insights to help developers improve their website's user experience.",https://developer.chrome.com/docs/lighthouse/overview,https://github.com/GoogleChrome/lighthouse,https://www.semrush.com/blog/google-lighthouse/
frontend-performance-best-practices,frontend,Web Performance Optimization,Performance Best Practices,,JOB_READY,BRANCH,CORE,,,ALL,,1,MANUAL_ONLY,,,frontend-web-performance,,"Performance, in the context of web development, refers to how quickly and efficiently a website or web application loads and responds to user interactions. It encompasses various aspects like loading times, rendering speed, and overall responsiveness. Optimizing performance ensures a smooth and enjoyable user experience, leading to increased engagement and satisfaction.",https://developer.mozilla.org/en-US/docs/Web/Performance,https://www.shopify.com/enterprise/blog/web-performance-optimization,https://www.youtube.com/watch?v=0fONene3OIA
frontend-web-accessibility,frontend,Web Accessibility (a11y),Web Accessibility,21,JOB_READY,MAIN,CORE,,,ALL,,3,EVIDENCE_ALLOWED,65,"accessibility,a11y,aria,keyboard,wcag",,frontend-web-performance,"Website accessibility ensures sites are usable by everyone, including people with disabilities. Involves alt text for images, keyboard navigation, color contrast, and captions. Benefits all users, supports legal compliance, and expands audience reach.",https://web.dev/accessibility,https://youtube.com/playlist?list=PLNYkxOF6rcICWx0C9LVWWVqvHlYJyqw7g,
frontend-accessibility-standards,frontend,Web Accessibility (a11y),Accessibility Standards,,JOB_READY,BRANCH,CORE,,,ALL,,1,MANUAL_ONLY,,,frontend-web-accessibility,,"Website accessibility ensures sites are usable by everyone, including people with disabilities. Involves alt text for images, keyboard navigation, color contrast, and captions. Benefits all users, supports legal compliance, and expands audience reach.",https://web.dev/accessibility,https://youtube.com/playlist?list=PLNYkxOF6rcICWx0C9LVWWVqvHlYJyqw7g,
frontend-web-apis,frontend,Web Accessibility (a11y),Web APIs,,JOB_READY,BRANCH,CORE,,,ALL,,1,MANUAL_ONLY,,,frontend-web-accessibility,,"Web APIs are interfaces provided by web browsers that allow JavaScript code to interact with the browser environment and the wider web. These APIs provide access to functionalities like manipulating the Document Object Model (DOM), handling user input, making network requests, managing browser history, and accessing device hardware like the camera or microphone. They essentially bridge the gap between JavaScript and the capabilities of the browser and the underlying operating system.",https://developer.mozilla.org/en-US/docs/Web/API,https://www.w3schools.com/js/js_api_intro.asp,https://www.youtube.com/watch?v=_7rT-ixivWU
frontend-cross-platform-apps,frontend,Cross-Platform Apps,Cross-Platform Apps,22,JOB_READY,MAIN,CORE,,,CHOOSE_ONE,1,3,EVIDENCE_ALLOWED,65,"react native,flutter,electron,tauri,mobile,desktop",,frontend-web-accessibility,"Mobile applications are software programs designed to run specifically on smartphones, tablets, and other portable handheld devices. They are typically accessed through dedicated app stores and are developed to leverage device-specific features like GPS, cameras, and push notifications to provide an optimized user experience. While native apps are built with platform-specific languages, developers can also use cross-platform frameworks to write a single codebase that deploys across both iOS and Android environments.",https://reactnative.dev/,https://flutter.dev,https://ionicframework.com
frontend-react-native,frontend,,React Native,,JOB_READY,BRANCH,ALTERNATIVE,,,ALL,,1,EVIDENCE_ALLOWED,65,react native,frontend-cross-platform-apps,,"React Native enables building native mobile apps for iOS and Android using JavaScript and React. Compiles to native components for authentic look and performance. Features code sharing, hot reloading, and device API access. Ideal for React developers transitioning to mobile development.",https://roadmap.sh/react-native,https://reactnative.dev/,
frontend-flutter,frontend,,Flutter,,JOB_READY,BRANCH,ALTERNATIVE,,,ALL,,1,EVIDENCE_ALLOWED,65,flutter,frontend-cross-platform-apps,,"Flutter is Google's cross-platform framework building apps for iOS, Android, web, desktop from single Dart codebase. Features rich widget library, hot reload, and custom rendering engine for consistent UI. Popular for mobile development, expanding to web and desktop platforms.",https://roadmap.sh/flutter,https://www.youtube.com/watch?v=VPvVD8t02U8,https://flutter.dev/multi-platform/desktop
frontend-electron,frontend,,Electron,,JOB_READY,BRANCH,ALTERNATIVE,,,ALL,,1,EVIDENCE_ALLOWED,65,electron,frontend-cross-platform-apps,,"Electron builds cross-platform desktop apps using web technologies (HTML, CSS, JavaScript) with Chromium and Node.js. Provides native OS access and powers apps like VS Code. Enables rapid development but can be resource-intensive. Popular choice for web developers.",https://www.electronjs.org/,https://www.electronjs.org/docs/latest/,https://www.youtube.com/watch?v=ML743nrkMHw
frontend-tauri,frontend,,Tauri,,JOB_READY,BRANCH,ALTERNATIVE,,,ALL,,1,EVIDENCE_ALLOWED,65,tauri,frontend-cross-platform-apps,,"Tauri builds small, secure desktop apps using web technologies with Rust backend. Uses system webview instead of bundled browser, resulting in smaller apps. Features strong security and JavaScript framework compatibility. Focuses on performance and minimal resource usage compared to Electron.",https://tauri.app/,https://tauri.app/v1/guides/,https://thenewstack.io/how-tauri-turns-web-designs-into-compact-native-apps/
backend-internet,backend,Web & Networking Fundamentals,Internet,1,FOUNDATION,MAIN,CORE,,,ALL,,3,EVIDENCE_ALLOWED,65,"web,networking,fundamentals,internet",,,"The Internet is a global network of interconnected computers using TCP/IP protocols. Requests travel through ISPs to DNS servers for domain-to-IP translation, then are routed across networks via routers to destination servers. Enables dynamic, decentralized global communication.",https://cs.fyi/guide/how-does-internet-work,https://www.vox.com/2014/6/16/18076282/the-internet,https://www.youtube.com/watch?v=zN8YNNHcaZc
backend-what-is-http,backend,Web & Networking Fundamentals,What is HTTP?,,FOUNDATION,BRANCH,CORE,,,ALL,,1,MANUAL_ONLY,,,backend-internet,,"HTTP (Hypertext Transfer Protocol) transmits hypertext over the web using a request-response model. Defines message formatting and server-browser communication. Stateless protocol where each request is independent. Forms the foundation of web communication, often used with HTTPS for encryption.",https://www.youtube.com/watch?v=2JYT5f2isg4,https://www.cloudflare.com/en-gb/learning/ddos/glossary/hypertext-transfer-protocol-http/,https://www.smashingmagazine.com/2021/08/http3-core-concepts-part1/
backend-domain-name,backend,Web & Networking Fundamentals,Domain Name,,FOUNDATION,BRANCH,CORE,,,ALL,,1,MANUAL_ONLY,,,backend-internet,,"Domain names are human-readable internet addresses that translate to IP addresses for computer identification. Consists of a second-level domain (""example"") and a top-level domain ("".com""). Managed by registrars, providing user-friendly website navigation instead of numeric IP addresses.",https://developer.mozilla.org/en-US/docs/Learn/Common_questions/What_is_a_domain_name,https://www.cloudflare.com/en-gb/learning/dns/glossary/what-is-a-domain-name/,https://www.youtube.com/watch?v=Y4cRx19nhJk
backend-dns,backend,Web & Networking Fundamentals,DNS,,FOUNDATION,BRANCH,CORE,,,ALL,,1,MANUAL_ONLY,,,backend-internet,,"DNS (Domain Name System) translates human-readable domain names into IP addresses. Uses hierarchical structure with root servers, TLD servers (.com, .org), authoritative servers, and local DNS servers. Essential for internet functionality, enabling memorable names instead of IP addresses.",https://cs.fyi/guide/everything-you-need-to-know-about-dns,https://www.cloudflare.com/en-gb/learning/dns/what-is-dns/,https://howdns.works/
backend-hosting,backend,Web & Networking Fundamentals,Hosting,,FOUNDATION,BRANCH,CORE,,,ALL,,1,MANUAL_ONLY,,,backend-internet,,"Hosting provides server space and resources for storing and delivering websites over the internet. Types include shared hosting, VPS, dedicated hosting, and cloud hosting with scalable resources. Services include infrastructure, domain registration, security, and technical support for reliable website availability.",https://developer.mozilla.org/en-US/docs/Learn/Common_questions/Web_mechanics/Pages_sites_servers_and_search_engines,https://developer.mozilla.org/en-US/docs/Learn/Common_questions/Web_mechanics/What_is_a_web_server,https://www.youtube.com/watch?v=H8oAvyqQwew
backend-browsers,backend,Web & Networking Fundamentals,Browsers,,FOUNDATION,BRANCH,CORE,,,ALL,,1,MANUAL_ONLY,,,backend-internet,,"Web browsers interpret HTML, CSS, and JavaScript to render web pages. Modern browsers use rendering engines (Blink, Gecko, WebKit) and JavaScript engines, offering features like tabs, bookmarks, extensions, and security through sandboxing and HTTPS enforcement.",https://www.ramotion.com/blog/what-is-web-browser/,https://developer.mozilla.org/en-US/docs/Web/Performance/How_browsers_work,https://www.youtube.com/watch?v=5rLFYtXHo9s
backend-pick-a-language,backend,,Pick a Language,2,FOUNDATION,MAIN,CORE,,,CHOOSE_ONE,1,3,MANUAL_ONLY,,,,backend-internet,"Pick one programming language and go deep with it. The language you choose becomes the backbone of your backend work ??you don't need to learn them all. FPT's core stack is Java, but any of these is a valid path.",https://roadmap.sh/backend,,
backend-java,backend,Java,Java,,FOUNDATION,BRANCH,ALTERNATIVE,,,ALL,,1,EVIDENCE_ALLOWED,65,java,backend-pick-a-language,,"Java is Oracle's high-level, object-oriented language following ""write once, run anywhere"" via JVM. Features automatic memory management, vast standard library, and strong security. Widely used for enterprise applications, Android apps, and backend systems.",https://roadmap.sh/java,https://www.java.com/,https://www.youtube.com/watch?v=xk4_1vDrzzo
backend-python,backend,Python,Python,,FOUNDATION,BRANCH,ALTERNATIVE,,,ALL,,1,EVIDENCE_ALLOWED,65,python,backend-pick-a-language,,"Python is a high-level, interpreted language known for readability, simplicity, and versatility. Supports multiple paradigms with rich ecosystem including Django/Flask (web), Pandas/NumPy (data), TensorFlow/PyTorch (ML). Used for web development, data science, automation, and scripting.",https://roadmap.sh/python,https://www.youtube.com/watch?v=ix9cRaBkVe0,https://www.python.org/
backend-javascript-node-js,backend,JavaScript,JavaScript (Node.js),,FOUNDATION,BRANCH,ALTERNATIVE,,,ALL,,1,EVIDENCE_ALLOWED,65,"javascript,javascript (node.js),js,node,node.js,nodejs,typescript",backend-pick-a-language,,"JavaScript is a programming language primarily used to add interactivity to websites. It allows developers to create dynamic content, control multimedia, animate images, and much more, enhancing the user experience beyond static HTML and CSS. While often associated with front-end development, JavaScript can also be used on the back-end with technologies like Node.js.",https://roadmap.sh/javascript,https://www.gurukultti.org/admin/notice/javascript.pdf,https://javascript.info/
backend-go,backend,Go,Go,,FOUNDATION,BRANCH,ALTERNATIVE,,,ALL,,1,EVIDENCE_ALLOWED,65,go,backend-pick-a-language,,"Go (Golang) is Google's statically typed, compiled language combining efficiency with ease of use. Features built-in concurrency via goroutines and channels, simple syntax, fast compilation, and a comprehensive standard library. Popular for microservices, web servers, and cloud-native development.",https://roadmap.sh/golang,https://go.dev/doc/,https://gobyexample.com/
backend-c,backend,C#,C#,,FOUNDATION,BRANCH,ALTERNATIVE,,,ALL,,1,EVIDENCE_ALLOWED,65,".net,asp.net,c#,csharp,dotnet",backend-pick-a-language,,"C# is Microsoft's modern, object-oriented language combining C++ power with Visual Basic simplicity. Used for Windows apps, [ASP.NET](http://ASP.NET) web development, Unity games, and Xamarin mobile apps. Features garbage collection, type safety, and strong .NET ecosystem integration.",https://docs.microsoft.com/en-us/learn/paths/csharp-first-steps/?WT.mc_id=dotnet-35129-website,https://learn.microsoft.com/en-us/dotnet/csharp/tour-of-csharp/,https://www.youtube.com/watch?v=YrtFtdTTfv0
backend-php,backend,PHP,PHP,,FOUNDATION,BRANCH,ALTERNATIVE,,,ALL,,1,EVIDENCE_ALLOWED,65,php,backend-pick-a-language,,"PHP (Hypertext Preprocessor) is an open-source scripting language for web development embedded in HTML to create dynamic pages. Known for simplicity and database integration, particularly MySQL. Powers major platforms like WordPress, Joomla, and Drupal with server-side scripting capabilities.",https://roadmap.sh/php,https://php.net/,https://phptherightway.com/
backend-ruby,backend,Ruby,Ruby,,FOUNDATION,BRANCH,ALTERNATIVE,,,ALL,,1,EVIDENCE_ALLOWED,65,ruby,backend-pick-a-language,,"Ruby is a high-level, object-oriented language known for simplicity, productivity, and elegant syntax. Emphasizes developer happiness and supports multiple paradigms. Famous for the Ruby on Rails framework, enabling rapid web application development. Popular for web development, scripting, and prototyping.",https://roadmap.sh/ruby,https://www.ruby-lang.org/en/documentation/quickstart/,https://thenewstack.io/ruby-a-programmers-best-friend/
backend-rust,backend,Rust,Rust,,FOUNDATION,BRANCH,ALTERNATIVE,,,ALL,,1,EVIDENCE_ALLOWED,65,rust,backend-pick-a-language,,"Rust is a systems programming language focused on safety, performance, and concurrency. Provides memory safety without garbage collection through ownership model preventing null pointers and data races. Strong type system with modern features suitable for systems programming to web servers.",https://roadmap.sh/rust,https://doc.rust-lang.org/book/,https://thenewstack.io/rust-vs-go-why-theyre-better-together/
backend-version-control,backend,Git and Version Control,Version Control,3,FOUNDATION,MAIN,CORE,,,ALL,,3,EVIDENCE_ALLOWED,65,"version,control",,backend-pick-a-language,"Version Control Systems (VCS) manage and track code changes over time, enabling efficient collaboration. Record file changes, allow reverting to previous versions, and maintain modification history. Can be centralized (Subversion) or distributed (Git, Mercurial) for collaboration and code integrity.",https://roadmap.sh/git-github,https://inter-git.com/lessons/introduction,https://www.atlassian.com/git/tutorials/what-is-version-control
backend-git,backend,Git and Version Control,Git,,FOUNDATION,BRANCH,CORE,,,ALL,,1,MANUAL_ONLY,,,backend-version-control,,"Git is a distributed version control system created by Linus Torvalds in 2005. Tracks code changes, enables collaborative development, maintains complete history, and supports branching/merging. Each developer has full repository copy, allowing offline work and robust collaboration.",https://roadmap.sh/git-github,https://inter-git.com/lessons/introduction,https://thenewstack.io/tutorial-git-for-absolutely-everyone/
backend-github,backend,Git and Version Control,GitHub,,FOUNDATION,BRANCH,CORE,,,ALL,,1,MANUAL_ONLY,,,backend-version-control,,"GitHub is Microsoft's web-based Git hosting platform offering repositories, pull requests, issues, and automated workflows. Supports public/private repos, code review, project management, and social coding features. Central hub for open-source and team development collaboration.",https://roadmap.sh/git-github,https://docs.github.com,https://www.youtube.com/watch?v=w3jLJU7DT5E
backend-gitlab,backend,Git and Version Control,GitLab,,FOUNDATION,BRANCH,CORE,,,ALL,,1,MANUAL_ONLY,,,backend-version-control,,"GitLab is a comprehensive DevOps platform providing source code management, CI/CD, issue tracking, and more in one application. Features merge requests, built-in pipelines, container registry, and Kubernetes integration. Offers cloud-hosted and self-hosted options for complete development lifecycle management.",https://gitlab.com/,https://docs.gitlab.com/,https://www.youtube.com/watch?v=bnF7f1zGpo4
backend-relational-databases,backend,,Relational Databases,4,CORE,MAIN,CORE,,,ALL,,3,MANUAL_ONLY,,,,backend-version-control,"Relational databases store data in tables with rows and columns, linked by keys and queried with SQL. Learn how to model data, write queries, and reason about transactions and ORMs ??the concepts carry across every engine you might use.",https://roadmap.sh/sql,https://www.postgresql.org/,
backend-pick-a-database,backend,,Pick a Database,,CORE,BRANCH,CORE,,,CHOOSE_ONE,1,2,MANUAL_ONLY,,,backend-relational-databases,,"Choose one relational database engine to learn in depth. The SQL you learn transfers between engines, so focus on one and get comfortable running, querying, and administering it.",https://roadmap.sh/sql,,
backend-postgresql,backend,PostgreSQL,PostgreSQL,,CORE,BRANCH,ALTERNATIVE,,,ALL,,1,EVIDENCE_ALLOWED,65,postgresql,backend-pick-a-database,,"PostgreSQL is an advanced, open-source RDBMS known for robustness, extensibility, and standards compliance. Supports complex queries, custom data types, full-text search, and ACID properties. Highly extensible with strong concurrency support, suitable for web apps to data warehousing.",https://roadmap.sh/postgresql-dba,https://www.postgresql.org/,https://www.postgresqltutorial.com/
backend-mysql,backend,MySQL,MySQL,,CORE,BRANCH,ALTERNATIVE,,,ALL,,1,EVIDENCE_ALLOWED,65,mysql,backend-pick-a-database,,"MySQL is an open-source RDBMS known for speed, reliability, and ease of use. Supports SQL, transactions, indexing, and stored procedures. Widely used for web applications, integrates with many languages, and is part of the LAMP stack. Maintained by Oracle with large community support.",https://www.mysql.com/,https://planetscale.com/courses/mysql-for-developers/introduction/course-introduction,https://www.mysqltutorial.org/
backend-mariadb,backend,MariaDB,MariaDB,,CORE,BRANCH,ALTERNATIVE,,,ALL,,1,EVIDENCE_ALLOWED,65,mariadb,backend-pick-a-database,,"MariaDB is a community-developed MySQL fork created by original MySQL team members. Designed as a feature-rich, stable, drop-in replacement for MySQL with better licensing. Works with external developers to deliver a comprehensive open-source SQL server.",https://mariadb.org/,https://www.guru99.com/mariadb-vs-mysql.html,https://www.youtube.com/watch?v=_AMj02sANpI
backend-sqlite,backend,SQLite,SQLite,,CORE,BRANCH,ALTERNATIVE,,,ALL,,1,EVIDENCE_ALLOWED,65,sqlite,backend-pick-a-database,,"SQLite is a lightweight, serverless, self-contained SQL database engine storing data in a single file. Used in mobile apps, desktop applications, and small websites. Supports standard SQL with ACID compliance. Popular for compact, high-performance database needs with minimal configuration.",https://www.sqlite.org/index.html,https://www.sqlitetutorial.net/,https://www.youtube.com/watch?v=8Xyn8R9eKB8
backend-oracle,backend,Oracle,Oracle,,CORE,BRANCH,ALTERNATIVE,,,ALL,,1,EVIDENCE_ALLOWED,65,oracle,backend-pick-a-database,,"Oracle Database is an enterprise-grade RDBMS known for scalability, reliability, and comprehensive features. Supports complex data management, SQL querying, transaction management, clustering, and multiple data models (relational, spatial, graph). Used for large-scale, secure, high-performance applications.",https://www.oracle.com/database/,https://docs.oracle.com/en/database/index.html,https://www.youtube.com/watch?v=ObbNGhcxXJA
backend-ms-sql,backend,MS SQL,MS SQL,,CORE,BRANCH,ALTERNATIVE,,,ALL,,1,EVIDENCE_ALLOWED,65,ms sql,backend-pick-a-database,,"Microsoft SQL Server is a relational database management system for structured data management. Supports querying, transactions, data warehousing with T-SQL, SSIS integration, SSAS analytics, and SSRS reporting. Used in enterprise environments for reliable storage and processing.",https://roadmap.sh/sql,https://www.microsoft.com/en-ca/sql-server/,https://docs.microsoft.com/en-us/sql/sql-server/tutorials-for-sql-server-2016?view=sql-server-ver15
backend-orms,backend,,ORMs,,CORE,BRANCH,CORE,,,ALL,,1,MANUAL_ONLY,,,backend-relational-databases,,"ORM (Object-Relational Mapping) allows developers to interact with databases using object-oriented concepts. Maps database tables to classes and rows to objects, eliminating raw SQL queries. Simplifies data manipulation and improves maintainability. Popular ORMs: Hibernate (Java), Entity Framework (.NET), SQLAlchemy (Python).",https://stackoverflow.com/a/1279678,https://www.freecodecamp.org/news/what-is-an-orm-the-meaning-of-object-relational-mapping-database-tools/,https://www.youtube.com/watch?v=vHt2LC1EM3Q
backend-transactions,backend,,Transactions,,CORE,BRANCH,CORE,,,ALL,,1,MANUAL_ONLY,,,backend-relational-databases,,"Database transactions are series of operations executed as atomic units to ensure data integrity. Follow ACID properties: Atomicity (all-or-nothing), Consistency (valid state), Isolation (no interference), Durability (permanent changes). Ensure reliable concurrent operations and data consistency.",https://fauna.com/blog/database-transaction,https://www.sqlservertutorial.net/sql-server-basics/sql-server-transaction/,https://www.youtube.com/watch?v=wHUOeXbZCYA
backend-caching,backend,Caching,Caching,5,CORE,MAIN,CORE,,,CHOOSE_ONE,1,3,EVIDENCE_ALLOWED,65,caching,,backend-relational-databases,"Caching is a technique used to store copies of data in a temporary storage location so that future requests for that data can be served faster. This temporary storage, known as a cache, can be located closer to the request source than the original data source, reducing latency and improving application performance. By retrieving data from the cache instead of the original source, applications can respond more quickly and efficiently.",https://redis.io/university/courses/ru101/,https://www.cloudflare.com/en-gb/learning/cdn/what-is-caching/,https://blog.bytebytego.com/p/top-caching-strategies
backend-redis,backend,,Redis,,CORE,BRANCH,ALTERNATIVE,,,ALL,,1,EVIDENCE_ALLOWED,65,redis,backend-caching,,"Redis is an open-source, in-memory data structure store supporting strings, lists, sets, hashes, and sorted sets. Used for caching, session management, real-time analytics, and message brokering. Offers persistence, replication, clustering, and low-latency high-throughput performance.",https://roadmap.sh/redis,https://www.youtube.com/watch?v=XCsS_NVAa1g,https://redis.io/docs/latest/
backend-memcached,backend,,Memcached,,CORE,BRANCH,ALTERNATIVE,,,ALL,,1,EVIDENCE_ALLOWED,65,memcached,backend-caching,,Memcached is a distributed memory-caching system that speeds up dynamic websites by caching data and objects in RAM. Provides large distributed hash table across multiple machines with LRU eviction. Applications layer requests in RAM before falling back to slower backing stores.,https://github.com/memcached/memcached#readme,https://www.tutorialspoint.com/memcached/index.htm,https://www.youtube.com/watch?v=Gyy1SiE8avE
backend-nosql-databases,backend,,NoSQL Databases,,CORE,BRANCH,ALTERNATIVE,,,ALL,,1,EVIDENCE_ALLOWED,65,nosql databases,backend-caching,,"NoSQL databases handle unstructured, semi-structured, or rapidly changing data with flexible schemas. Four types: Document stores (MongoDB, CouchDB), Key-value stores (Redis, Riak), Column-family (Cassandra, HBase), and Graph databases (Neo4j, Neptune). Used for high scalability, flexibility, and performance applications.",https://www.mongodb.com/nosql-explained,https://www.youtube.com/watch?v=0buKQHokLK8,https://www.youtube.com/watch?v=ruz-vK8IesE
backend-apis,backend,REST,APIs,6,CORE,MAIN,CORE,,,ALL,,3,EVIDENCE_ALLOWED,65,"rest,apis",,backend-caching,"REST API is an architectural style using standard HTTP methods (GET, POST, PUT, DELETE) to interact with URI-represented resources. It's stateless, requiring complete request information, uses HTTP status codes, and typically communicates via JSON/XML. Popular for simplicity and scalability.",https://www.redhat.com/en/topics/api/what-is-a-rest-api,https://learn.microsoft.com/en-us/azure/architecture/best-practices/api-design,https://restapitutorial.com/
backend-json-apis,backend,JSON APIs,JSON APIs,,CORE,BRANCH,CORE,,,ALL,,1,MANUAL_ONLY,,,backend-apis,,"JSON (JavaScript Object Notation) is an encoding scheme eliminating ad-hoc code for server communication. JSON API provides a standardized implementation for data stores and structures, including entity types, bundles, and fields with defined communication protocols.",https://fullstackopen.com/en/part3,https://www.json.org/json-en.html,https://jsonapi.org/recommendations/
backend-graphql,backend,GraphQL,GraphQL,,CORE,BRANCH,CORE,,,ALL,,1,MANUAL_ONLY,,,backend-apis,,"GraphQL is Facebook's query language for APIs, allowing clients to request exactly the data they need. Uses a single endpoint with schema-defined data structure, reducing over-fetching and under-fetching. More flexible than REST for complex applications with diverse platform needs.",https://roadmap.sh/graphql,https://graphql.org/,https://www.youtube.com/watch?v=eIQh02xuVw4
backend-grpc,backend,gRPC,gRPC,,CORE,BRANCH,CORE,,,ALL,,1,MANUAL_ONLY,,,backend-apis,,"gRPC is a high-performance, open-source RPC (Remote Procedure Call) framework. Allows programs to execute procedures on remote computers like local functions. Developers don't need to handle remote interaction details, and client/server can use different programming languages.",https://grpc.io/,https://www.wallarm.com/what/the-concept-of-grpc,https://www.youtube.com/watch?v=hVrwuMnCtok
backend-soap,backend,SOAP,SOAP,,CORE,BRANCH,CORE,,,ALL,,1,MANUAL_ONLY,,,backend-apis,,"SOAP (Simple Object Access Protocol) is a structured message protocol for exchanging information between systems and applications. SOAP APIs are developed in formal, structured ways. Messages can be carried over various protocols, including HTTP.",https://aws.amazon.com/what-is/soap-vs-rest/,https://www.guru99.com/soap-simple-object-access-protocol.html,https://www.youtube.com/watch?v=_fq8Ye8kodA
backend-open-api-spec,backend,,Open API Spec,,CORE,BRANCH,CORE,,,ALL,,1,MANUAL_ONLY,,,backend-apis,,"OpenAPI Specification (OAS), formerly Swagger, is a standard for defining and documenting RESTful APIs in YAML/JSON format. Describes endpoints, formats, authentication, and metadata. Enables client generation, automated documentation, testing, and promotes API design consistency.",https://swagger.io/specification/,https://swagger.io/tools/swagger-editor/,https://www.youtube.com/watch?v=6kwmW_p_Tig
backend-authentication,backend,Authentication & Session Management,Authentication,7,PRACTICAL,MAIN,CORE,,,ALL,,3,EVIDENCE_ALLOWED,65,"authentication,session,management",,backend-apis,"API authentication verifies client identity to ensure only authorized access to resources. Common methods include API keys, OAuth 2.0, JWT, and basic auth. It protects data, prevents unauthorized access, enables usage tracking, and provides granular control over API resources.",https://roadmap.sh/guides/basic-authentication,https://roadmap.sh/guides/session-based-authentication,https://roadmap.sh/guides/token-authentication
backend-jwt,backend,JWT,JWT,,PRACTICAL,BRANCH,CORE,,,ALL,,1,MANUAL_ONLY,,,backend-authentication,,"JWT (JSON Web Token) securely transmits information as JSON objects with three parts: header (token type/algorithm), payload (claims/data), and signature (integrity verification). Used for authentication and authorization in web/mobile apps. Compact, self-contained, and HTTP header-friendly.",https://jwt.io/,https://www.akana.com/blog/what-is-jwt,https://curity.io/resources/learn/jwt-best-practices/
backend-oauth,backend,OAuth,OAuth,,PRACTICAL,BRANCH,CORE,,,ALL,,1,MANUAL_ONLY,,,backend-authentication,,"OAuth is an open authorization standard allowing third-party applications to access user resources without exposing credentials. Uses access tokens issued after user permission, involving the resource owner, the resource server, and the authorization server. Enables secure token-based access management for services.",https://developer.okta.com/blog/2017/06/21/what-the-heck-is-oauth,https://www.digitalocean.com/community/tutorials/an-introduction-to-oauth-2,https://www.youtube.com/watch?v=ZV5yTm4pT8g
backend-openid,backend,OpenID,OpenID,,PRACTICAL,BRANCH,CORE,,,ALL,,1,MANUAL_ONLY,,,backend-authentication,,"OpenID is an open standard for decentralized authentication enabling single sign-on across multiple websites using one set of credentials managed by an identity provider. Often works with OAuth 2.0 for authorization, enhancing user convenience and streamlining identity management.",https://openid.net/,https://auth0.com/docs/authenticate/protocols/openid-connect-protocol,https://www.youtube.com/watch?v=t18YB3xDfXI
backend-saml,backend,SAML,SAML,,PRACTICAL,BRANCH,CORE,,,ALL,,1,MANUAL_ONLY,,,backend-authentication,,SAML (Security Assertion Markup Language) is an XML-based framework for single sign-on (SSO) and identity federation. Enables authentication exchange between identity providers (IdP) and service providers (SP) through XML assertions containing user identity and permissions. Streamlines user management and centralized authentication.,https://www.onelogin.com/learn/saml,https://www.youtube.com/watch?v=VzRnb9u8T1A,
backend-basic-authentication,backend,,Basic Authentication,,PRACTICAL,BRANCH,CORE,,,ALL,,1,MANUAL_ONLY,,,backend-authentication,,Basic Authentication sends base64-encoded username:password in HTTP headers. Simple to implement but insecure since base64 is easily decoded. Should only be used over HTTPS for credential protection. Best for low-risk scenarios or fallback mechanisms.,https://roadmap.sh/guides/http-basic-authentication,https://www.youtube.com/watch?v=rhi1eIjSbvk,https://www.youtube.com/watch?v=mwccHwUn7Gc
backend-cookie-based-authentication,backend,,Cookie-Based Authentication,,PRACTICAL,BRANCH,CORE,,,ALL,,1,MANUAL_ONLY,,,backend-authentication,,"Cookie-based authentication maintains user sessions by storing session IDs in browser cookies. Server stores session data and uses cookies as keys. Simple to implement and browser-native, but vulnerable to CSRF attacks and challenging for cross-origin requests.",https://developer.mozilla.org/en-US/docs/Web/HTTP/Cookies,https://www.section.io/engineering-education/token-based-vs-session-based-authentication/,https://www.youtube.com/watch?v=UBUNrFtufWo
backend-token-authentication,backend,,Token Authentication,,PRACTICAL,BRANCH,CORE,,,ALL,,1,MANUAL_ONLY,,,backend-authentication,,"Token-based authentication verifies user identity and provides unique access tokens. Users access protected resources without re-entering credentials while token remains valid. Works like stamped tickets, invalidated on logout. Offers second security layer with detailed administrative control.",https://roadmap.sh/guides/token-authentication,https://www.okta.com/identity-101/what-is-token-based-authentication/,https://www.youtube.com/watch?v=P2CPd9ynFLg
backend-password-hashing,backend,bcrypt,Password Hashing,8,PRACTICAL,MAIN,CORE,,,CHOOSE_ONE,1,3,EVIDENCE_ALLOWED,65,"bcrypt,password,hashing",,backend-authentication,"Bcrypt is a secure password-hashing function based on Blowfish cipher with built-in salt protection. Features adaptive cost factor that increases difficulty over time to resist brute-force attacks. Produces 60-character hashes, widely used for secure password storage.",https://github.com/kelektiv/node.bcrypt.js,https://auth0.com/blog/hashing-in-action-understanding-bcrypt/,https://www.freecodecamp.org/news/why-you-should-use-bcrypt-to-hash-passwords/
backend-sha,backend,SHA,SHA,,PRACTICAL,BRANCH,ALTERNATIVE,,,ALL,,1,EVIDENCE_ALLOWED,65,sha,backend-password-hashing,,"SHA (Secure Hash Algorithm) is a family of cryptographic hash functions generating fixed-size hash values for data integrity and security. Includes SHA-1 (weak, 160-bit), SHA-2 (stronger, 224-512 bits), and SHA-3 (latest with additional security features). Used for password storage and digital signatures.",https://www.encryptionconsulting.com/education-center/what-is-sha/,https://www.youtube.com/watch?v=DMtFhACPnTY,
backend-scrypt,backend,scrypt,scrypt,,PRACTICAL,BRANCH,ALTERNATIVE,,,ALL,,1,EVIDENCE_ALLOWED,65,scrypt,backend-password-hashing,,"scrypt is a memory-hard key derivation function designed to resist brute-force and hardware-based attacks (GPUs, ASICs). Combines hash functions with high memory usage and CPU-intensive computation, making large-scale attacks costly and impractical. Used for secure password storage and cryptocurrency mining.",https://www.tarsnap.com/scrypt.html,https://en.wikipedia.org/wiki/Scrypt,
backend-md5,backend,MD5,MD5,,PRACTICAL,BRANCH,ALTERNATIVE,,,ALL,,1,EVIDENCE_ALLOWED,65,md5,backend-password-hashing,,"MD5 (Message-Digest Algorithm 5) produces 128-bit hash values as 32-character hexadecimal strings. Once popular for data integrity and passwords, now considered cryptographically broken due to collision vulnerabilities. Largely replaced by secure alternatives like SHA-256.",https://en.wikipedia.org/wiki/MD5,https://www.techtarget.com/searchsecurity/definition/MD5,https://infosecscout.com/why-md5-is-not-safe/
backend-web-security,backend,OWASP Risks,Web Security,9,PRACTICAL,MAIN,CORE,,,ALL,,3,EVIDENCE_ALLOWED,65,"owasp,risks,web,security",,backend-password-hashing,"OWASP (Open Web Application Security Project) is an online community producing freely-available articles, methodologies, documentation, tools, and technologies for web application security.",https://owasp.org/,https://github.com/OWASP/ASVS,https://cheatsheetseries.owasp.org/IndexTopTen.html
backend-https,backend,HTTPS,HTTPS,,PRACTICAL,BRANCH,CORE,,,ALL,,1,MANUAL_ONLY,,,backend-web-security,,"HTTPS (Hypertext Transfer Protocol Secure) extends HTTP with SSL/TLS encryption for secure data transmission. Ensures confidentiality, integrity, and authenticity, protecting against interception and tampering. Essential standard for web applications handling sensitive user data.",https://www.cloudflare.com/en-gb/learning/ssl/what-is-https/,https://howhttps.works/,https://baida.dev/articles/https-explained-with-carrier-pigeons
backend-ssl-and-tls,backend,SSL/TLS,SSL and TLS,,PRACTICAL,BRANCH,CORE,,,ALL,,1,MANUAL_ONLY,,,backend-web-security,,SSL and TLS are cryptographic protocols providing internet communication security through data encryption. SSL is deprecated due to security flaws; modern browsers no longer support it. TLS remains secure and widely supported for encrypted data transmission.,https://en.wikipedia.org/wiki/Transport_Layer_Security,https://www.cloudflare.com/learning/ssl/what-is-ssl/,https://www.youtube.com/watch?v=j9QmMEWmcfo
backend-cors,backend,CORS,CORS,,PRACTICAL,BRANCH,CORE,,,ALL,,1,MANUAL_ONLY,,,backend-web-security,,CORS (Cross-Origin Resource Sharing) is a browser security mechanism controlling cross-domain resource access. Uses HTTP headers and preflight requests to determine allowed origins. Extends Same-Origin Policy while preventing unauthorized access to sensitive data.,https://developer.mozilla.org/en-US/docs/Web/HTTP/CORS,https://rbika.com/blog/understanding-cors,https://www.youtube.com/watch?v=4KHiSt0oLJ0
backend-content-security-policy,backend,CSP,Content Security Policy,,PRACTICAL,BRANCH,CORE,,,ALL,,1,MANUAL_ONLY,,,backend-web-security,,"CSP (Content Security Policy) prevents XSS and code injection attacks by specifying trusted content sources. Implemented via HTTP headers or meta tags, defining rules for scripts, stylesheets, images, and fonts. Reduces malicious code execution risk but requires careful configuration.",https://developer.mozilla.org/en-US/docs/Web/HTTP/CSP,https://developers.google.com/web/fundamentals/security/csp,https://www.youtube.com/watch?v=-LjPRzFR5f0
backend-server-security,backend,Server Security,Server Security,,PRACTICAL,BRANCH,CORE,,,ALL,,1,MANUAL_ONLY,,,backend-web-security,,"Server security protects servers from threats through patch management, access control, firewalls, encryption, security hardening, regular backups, and monitoring. Ensures confidentiality, integrity, and availability of data and services with continuous threat detection and response.",https://www.sophos.com/en-us/cybersecurity-explained/what-is-server-hardening,https://www.youtube.com/watch?v=Jnxx_IAC0G4,
backend-testing,backend,Testing Techniques,Testing,10,PRACTICAL,MAIN,CORE,,,ALL,,3,EVIDENCE_ALLOWED,65,"testing,techniques",,backend-web-security,"Testing systematically evaluates software functionality, performance, and quality against requirements. Includes unit, integration, system, and acceptance testing levels. Can be manual or automated to identify defects, validate features, and ensure reliable performance before deployment.",https://www.guru99.com/software-testing-introduction-importance.html,https://www.browserstack.com/guide/testing-pyramid-for-test-automation,https://app.daily.dev/tags/testing?ref=roadmapsh
backend-unit-testing,backend,,Unit Testing,,PRACTICAL,BRANCH,CORE,,,ALL,,1,MANUAL_ONLY,,,backend-testing,,Unit testing tests individual components or units in isolation to ensure correct functionality. Focuses on smallest testable parts like functions with predefined inputs and expected outcomes. Automated tests written by developers during coding to catch bugs early and improve reliability.,https://jestjs.io/docs/getting-started,https://github.com/goldbergyoni/javascript-testing-best-practices,https://www.guru99.com/unit-testing-guide.html
backend-integration-testing,backend,,Integration Testing,,PRACTICAL,BRANCH,CORE,,,ALL,,1,MANUAL_ONLY,,,backend-testing,,"Integration testing verifies interactions between software components to ensure they work together correctly. Tests module communication via APIs, databases, and third-party services. Catches integration issues like data mismatches and protocol errors that unit tests miss.",https://github.com/ladjs/supertest,https://www.guru99.com/integration-testing.html,https://thenewstack.io/how-to-integrate-and-test-your-tech-stack/
backend-functional-testing,backend,,Functional Testing,,PRACTICAL,BRANCH,CORE,,,ALL,,1,MANUAL_ONLY,,,backend-testing,,"Functional testing ensures software meets functional requirements through black box testing. Testers provide input and compare expected vs actual output without understanding source code. Contrasts with non-functional testing (performance, load, scalability).",https://playwright.dev/docs/intro,https://www.guru99.com/functional-testing.html,https://www.atlassian.com/continuous-delivery/software-testing/functional-testing
backend-web-servers,backend,Web Server Fundamentals,Web Servers,11,ADVANCED,MAIN,CORE,,,CHOOSE_ONE,1,3,EVIDENCE_ALLOWED,65,"web,server,fundamentals,servers",,backend-testing,"Web servers handle client requests and serve web content like HTML pages and images. Process HTTP/HTTPS requests, interact with databases, and send responses. Popular servers include Apache, Nginx, and IIS. Essential for hosting websites, managing traffic, and providing SSL/TLS security.",https://developer.mozilla.org/en-US/docs/Learn/Common_questions/What_is_a_web_server,https://www.hostinger.co.uk/tutorials/what-is-a-web-server,https://youtu.be/9J1nJOivdyw
backend-nginx,backend,Nginx,Nginx,,ADVANCED,BRANCH,ALTERNATIVE,,,ALL,,1,EVIDENCE_ALLOWED,65,nginx,backend-web-servers,,"Nginx is a high-performance web server and reverse proxy known for efficiency and low resource consumption. Also used as load balancer, HTTP cache, and mail proxy. Excels at concurrent connections via asynchronous, event-driven architecture. Popular for modern web infrastructures.",https://nginx.org/,https://www.youtube.com/watch?v=JKxlsvZXG7c,https://www.youtube.com/watch?v=9t9Mp0BGnyI
backend-apache,backend,Apache,Apache,,ADVANCED,BRANCH,ALTERNATIVE,,,ALL,,1,EVIDENCE_ALLOWED,65,apache,backend-web-servers,,"Apache HTTP Server is a popular open-source web server known for flexibility and extensive features. It supports multiple OS platforms, offers virtual hosting, SSL/TLS, and modular architecture. Part of the LAMP stack, it remains widely used despite competition from Nginx due to stability and community support.",https://httpd.apache.org/,https://httpd.apache.org/docs/2.4/,https://www.youtube.com/watch?v=kaaenHXO4t4
backend-caddy,backend,Caddy,Caddy,,ADVANCED,BRANCH,ALTERNATIVE,,,ALL,,1,EVIDENCE_ALLOWED,65,caddy,backend-web-servers,,"Caddy is a modern Go-based web server known for simplicity and automatic HTTPS with Let's Encrypt certificates. Features zero-config static file serving, HTTP/2 support, and plugins for reverse proxying and load balancing. Ideal for small-to-medium projects requiring hassle-free setup.",https://caddyserver.com/,https://github.com/caddyserver/caddy,https://www.youtube.com/watch?v=WgUV_BlHvj0
backend-ms-iis,backend,MS IIS,MS IIS,,ADVANCED,BRANCH,ALTERNATIVE,,,ALL,,1,EVIDENCE_ALLOWED,65,ms iis,backend-web-servers,,"Microsoft IIS is a flexible, secure web server for hosting web applications on Windows Server. Supports [ASP.NET](http://ASP.NET), PHP, static content with features like authentication, SSL/TLS, URL rewriting. Offers GUI and command-line management tools for enterprise Windows-based deployments.",https://www.iis.net/,https://www.youtube.com/watch?v=1VdxPWwtISA,https://www.youtube.com/watch?v=hPWSqEXOjQY
backend-system-design,backend,System Design,System Design,12,ADVANCED,MAIN,CORE,,,ALL,,3,EVIDENCE_ALLOWED,65,"system,design",,backend-web-servers,"Architectural patterns are reusable solutions to common software architecture problems. They address issues like performance limitations, high availability, and business risk minimization, providing proven templates for system design and structure.",https://www.redhat.com/architect/14-software-architecture-patterns,https://towardsdatascience.com/10-common-software-architectural-patterns-in-a-nutshell-a0b47a1e9013,https://www.oreilly.com/library/view/software-architecture-patterns/9781491971437/
backend-monolithic-apps,backend,,Monolithic Apps,,ADVANCED,BRANCH,CORE,,,ALL,,1,MANUAL_ONLY,,,backend-system-design,,"Monolithic applications are single, cohesive units with tightly integrated components running as one service. Simplifies development and deployment but creates scalability and maintainability challenges. Changes require full system redeployment. Suitable for smaller applications; larger ones often transition to microservices.",https://microservices.io/patterns/monolithic.html,https://datamify.medium.com/monolithic-architecture-advantages-and-disadvantages-e71a603eec89,https://www.youtube.com/watch?v=NdeTGlZ__Do
backend-microservices,backend,,Microservices,,ADVANCED,BRANCH,CORE,,,ALL,,1,MANUAL_ONLY,,,backend-system-design,,"Microservices architecture structures applications as loosely coupled, independently deployable services focused on specific business capabilities. Communicate via HTTP or messaging. Enables scalability, flexibility, diverse technologies, and continuous deployment but adds complexity in communication and orchestration.",https://microservices.io/patterns/microservices.html,https://smartbear.com/solutions/microservices/,https://thenewstack.io/microservices-101/
backend-soa,backend,,SOA,,ADVANCED,BRANCH,CORE,,,ALL,,1,MANUAL_ONLY,,,backend-system-design,,"SOA (Service-Oriented Architecture) uses reusable, loosely coupled services that interact over networks through standardized protocols like HTTP and XML. Each service performs specific business functions independently. Enables scalable, flexible, interoperable systems with modular development and easier integration.",https://aws.amazon.com/what-is/service-oriented-architecture/,http://docs.oasis-open.org/soa-rm/soa-ra/v1.0/soa-ra.html,https://www.youtube.com/watch?v=PA9RjHI463g
backend-serverless,backend,,Serverless,,ADVANCED,BRANCH,CORE,,,ALL,,1,MANUAL_ONLY,,,backend-system-design,,"Serverless computing lets developers build applications without managing server infrastructure. Cloud providers handle scaling and maintenance while developers deploy event-triggered functions. Billing based on actual usage. Platforms: AWS Lambda, Google Cloud Functions, Azure Functions.",https://www.ibm.com/cloud/learn/serverless,https://aws.amazon.com/serverless/,https://www.youtube.com/watch?v=W_VV2Fx32_Y&ab_channel=Fireship
backend-service-mesh,backend,,Service Mesh,,ADVANCED,BRANCH,CORE,,,ALL,,1,MANUAL_ONLY,,,backend-system-design,,"Service mesh enhances communication, security, and management between microservices using intelligent proxies. Provides load balancing, service discovery, observability, and traffic management. Uses sidecar pattern where each microservice pairs with a proxy for independent network functionality management.",https://aws.amazon.com/what-is/service-mesh/,https://www.redhat.com/en/topics/microservices/what-is-a-service-mesh,https://www.youtube.com/watch?v=vh1YtWjfcyk
backend-event-driven-architecture,backend,Event-Driven Architecture (EDA),Event-Driven Architecture,13,ADVANCED,MAIN,CORE,,,CHOOSE_ONE,1,3,EVIDENCE_ALLOWED,65,"event,driven,architecture,eda",,backend-system-design,"Message brokers facilitate communication between distributed systems by routing and delivering messages. Enable asynchronous messaging, decoupling producers from consumers. Include features like queuing, load balancing, persistence, and acknowledgment. Popular examples: Kafka, RabbitMQ, ActiveMQ.",https://www.ibm.com/topics/message-brokers,https://www.youtube.com/watch?v=57Qr9tk6Uxc,https://www.youtube.com/watch?v=_5mu7lZz5X4
backend-rabbitmq,backend,,RabbitMQ,,ADVANCED,BRANCH,ALTERNATIVE,,,ALL,,1,EVIDENCE_ALLOWED,65,rabbitmq,backend-event-driven-architecture,,"RabbitMQ is an open-source message broker using AMQP for asynchronous communication between distributed systems. Enables message queuing, routing, durability, and acknowledgments. Supports various messaging patterns (pub/sub, request/reply, point-to-point). Used for high-throughput enterprise messaging.",https://www.rabbitmq.com/getstarted.html,https://www.youtube.com/watch?v=nFxjaVmFj5E,https://m.youtube.com/watch?v=NQ3fZtyXji0
backend-kafka,backend,,Kafka,,ADVANCED,BRANCH,ALTERNATIVE,,,ALL,,1,EVIDENCE_ALLOWED,65,kafka,backend-event-driven-architecture,,"Apache Kafka is a distributed event streaming platform for high-throughput, fault-tolerant data processing. Acts as message broker with publish/subscribe model. Features topics, partitions for parallel processing, and replication for fault tolerance. Ideal for real-time analytics and data integration.",https://kafka.apache.org/quickstart,https://kafka.apache.org/documentation/streams/,https://docs.confluent.io/platform/current/streams/concepts.html
backend-scaling-advanced-data,backend,Advanced Data Retrieval & Analytics,Scaling & Advanced Data,14,JOB_READY,MAIN,CORE,,,ALL,,3,EVIDENCE_ALLOWED,65,"advanced,data,retrieval,analytics,scaling",,backend-event-driven-architecture,Scaling databases adapts them to handle more data and users efficiently through vertical scaling (upgrading hardware) or horizontal scaling (adding servers). Key techniques include sharding and replication to maintain robustness as databases grow.,https://medium.com/@anil.goyal0057/strategies-for-scaling-databases-a-comprehensive-guide-b69cda7df1d3,https://www.freecodecamp.org/news/horizontal-vs-vertical-scaling-in-database/,https://towardsdatascience.com/database-replication-explained-5c76a200d8f3
backend-database-indexes,backend,,Database Indexes,,JOB_READY,BRANCH,CORE,,,ALL,,1,MANUAL_ONLY,,,backend-scaling-advanced-data,,"Database indexes are data structures that speed up data retrieval by creating references to table data without full table scans. Include B-tree, bitmap, and hash types. Enhance query performance but increase storage requirements and slow down writes due to index maintenance.",https://www.postgresql.org/docs/current/indexes.html,https://www.codecademy.com/article/sql-indexes,https://use-the-index-luke.com/
backend-data-replication,backend,,Data Replication,,JOB_READY,BRANCH,CORE,,,ALL,,1,MANUAL_ONLY,,,backend-scaling-advanced-data,,"Data replication creates multiple copies of data across distributed system nodes for availability, reliability, and performance. Can be synchronous or asynchronous. Uses master-slave, multi-master, or peer-to-peer models. Improves fault tolerance but challenges data consistency.",https://www.ibm.com/topics/data-replication,https://www.youtube.com/watch?v=iO8a1nMbL1o,
backend-sharding-strategies,backend,,Sharding Strategies,,JOB_READY,BRANCH,CORE,,,ALL,,1,MANUAL_ONLY,,,backend-scaling-advanced-data,,Sharding splits large datasets into smaller chunks (logical shards) distributed across different machines/database nodes to distribute traffic load. Improves application scalability. Supported by many but not all databases.,https://en.wikipedia.org/wiki/Shard_(database_architecture,https://stackoverflow.blog/2022/03/14/how-sharding-a-database-can-make-it-faster/,https://www.youtube.com/watch?v=XP98YCr-iXQ
backend-search-engines,backend,,Search Engines,,JOB_READY,BRANCH,CORE,,,ALL,,1,MANUAL_ONLY,,,backend-scaling-advanced-data,,"Search engines like Elasticsearch are specialized tools for fast, scalable searching and analyzing large data volumes. Built on Apache Lucene, they offer full-text search, real-time indexing, distributed architecture, powerful query DSL, and analytics capabilities for log and event data analysis.",https://roadmap.sh/elasticsearch,https://www.elastic.co/guide/en/elasticsearch/reference/current/elasticsearch-intro.html,https://opensearch.org/docs/latest/getting-started/intro/
backend-site-reliability-observability,backend,Site Reliability Engineering (SRE),Site Reliability & Observability,15,JOB_READY,MAIN,CORE,,,ALL,,3,EVIDENCE_ALLOWED,65,"site,reliability,engineering,sre,observability",,backend-scaling-advanced-data,"Observability monitors system internal state through external outputs like metrics, logs, and traces. Involves collecting, analyzing, and visualizing data for performance insights, anomaly detection, and troubleshooting. Enables proactive management and rapid issue response.",https://docs.datadoghq.com/,https://docs.sentry.io/,https://newrelic.com/blog/best-practices/observability-instrumentation
backend-monitoring,backend,,Monitoring,,JOB_READY,BRANCH,CORE,,,ALL,,1,MANUAL_ONLY,,,backend-site-reliability-observability,,"Monitoring involves continuously collecting, analyzing, and alerting on metrics, logs, and traces from applications and infrastructure. It helps detect issues early, understand performance bottlenecks, and ensure system reliability. Key tools include Prometheus for metrics collection, Grafana for dashboards and visualization, and distributed tracing tools like Jaeger or Zipkin.",https://prometheus.io/docs/introduction/overview/,https://grafana.com/docs/grafana/latest/,https://www.youtube.com/watch?v=9TJx7QTrTyo
backend-telemetry,backend,,Telemetry,,JOB_READY,BRANCH,CORE,,,ALL,,1,MANUAL_ONLY,,,backend-site-reliability-observability,,"Telemetry automates collection, transmission, and analysis of data from distributed systems to monitor performance and health. Provides real-time insights, identifies issues, optimizes performance. Collects metrics like resource usage and error rates for anomaly detection and decision-making.",https://www.youtube.com/watch?v=r8UvWSX3KA8,https://www.techtarget.com/whatis/definition/telemetry,
full-stack-internet,full-stack,Web & Networking Fundamentals,Internet,1,FOUNDATION,MAIN,CORE,,,ALL,,3,EVIDENCE_ALLOWED,65,"web,networking,fundamentals,internet",,,"The Internet is a global network of interconnected computers using TCP/IP protocols. Requests travel through ISPs to DNS servers for domain-to-IP translation, then are routed across networks via routers to destination servers. Enables dynamic, decentralized global communication.",https://cs.fyi/guide/how-does-internet-work,https://www.vox.com/2014/6/16/18076282/the-internet,https://www.youtube.com/watch?v=zN8YNNHcaZc
full-stack-html,full-stack,HTML5,HTML,2,FOUNDATION,MAIN,CORE,,,ALL,,3,EVIDENCE_ALLOWED,65,"html5,html",,full-stack-internet,"HTML (Hypertext Markup Language) is the standard for creating web pages, structuring content with elements and attributes. Browsers interpret HTML tags to render pages. HTML5, the current standard, adds semantic elements, multimedia support, and form controls. It works with CSS for styling and JavaScript for interactivity, forming web development's foundation.",https://roadmap.sh/html,https://www.freecodecamp.org/learn/2022/responsive-web-design/,https://youtu.be/mJgBOIoGihA
full-stack-css,full-stack,CSS3,CSS,3,FOUNDATION,MAIN,CORE,,,ALL,,3,EVIDENCE_ALLOWED,65,"css3,css",,full-stack-html,"CSS (Cascading Style Sheets) styles HTML documents, controlling layout, colors, and fonts. Separates design from content using selectors to target elements. Features responsive design with media queries, cascade rules, inheritance, and specificity. Modern CSS includes Flexbox, Grid, animations, and transitions.",https://roadmap.sh/css,https://www.freecodecamp.org/learn/2022/responsive-web-design/,https://web.dev/learn/css/
full-stack-javascript,full-stack,JavaScript,JavaScript,4,FOUNDATION,MAIN,CORE,,,ALL,,3,EVIDENCE_ALLOWED,65,javascript,,full-stack-css,"JavaScript is a versatile programming language that makes websites interactive. Runs in browsers, servers (Node.js), and desktop applications. Features dynamic typing, event-driven programming, and constant evolution. Essential for modern web development across frontend and backend.",https://roadmap.sh/javascript,https://javascript.info/,https://javascript30.com/
full-stack-version-control,full-stack,Git & GitHub,Version Control,5,FOUNDATION,MAIN,CORE,,,ALL,,3,EVIDENCE_ALLOWED,65,"git,github,version,control",,full-stack-javascript,"Version Control Systems (VCS) manage and track code changes over time, enabling efficient collaboration. Record file changes, allow reverting to previous versions, and maintain modification history. Can be centralized (Subversion) or distributed (Git, Mercurial) for collaboration and code integrity.",https://roadmap.sh/git-github,https://inter-git.com/lessons/introduction,https://www.atlassian.com/git/tutorials/what-is-version-control
full-stack-git,full-stack,,Git,,FOUNDATION,BRANCH,CORE,,,ALL,,1,MANUAL_ONLY,,,full-stack-version-control,,"Git is a distributed version control system created by Linus Torvalds in 2005. Tracks code changes, enables collaborative development, maintains complete history, and supports branching/merging. Each developer has full repository copy, allowing offline work and robust collaboration.",https://roadmap.sh/git-github,https://inter-git.com/lessons/introduction,https://thenewstack.io/tutorial-git-for-absolutely-everyone/
full-stack-github,full-stack,,GitHub,,FOUNDATION,BRANCH,CORE,,,ALL,,1,MANUAL_ONLY,,,full-stack-version-control,,"GitHub is Microsoft's web-based Git hosting platform offering repositories, pull requests, issues, and automated workflows. Supports public/private repos, code review, project management, and social coding features. Central hub for open-source and team development collaboration.",https://roadmap.sh/git-github,https://docs.github.com,https://www.youtube.com/watch?v=w3jLJU7DT5E
full-stack-package-managers,full-stack,Package Managers,Package Managers,6,FOUNDATION,MAIN,CORE,,,ALL,,3,EVIDENCE_ALLOWED,65,"package,managers",,full-stack-version-control,"Package managers automate software package installation, updates, and dependency management. Examples include npm (JavaScript), pip (Python), and yarn. Enable code sharing, reuse, and consistent project setups. Essential for modern development workflows and team collaboration.",https://pnpm.io/,https://yarnpkg.com/en/docs/getting-started,https://nodesource.com/blog/an-absolute-beginners-guide-to-using-npm/
full-stack-frontend-framework,full-stack,React.js,Frontend Framework,7,CORE,MAIN,CORE,,,ALL,,3,EVIDENCE_ALLOWED,65,"react,js,frontend,framework",,full-stack-package-managers,"React is a JavaScript tool from Facebook for building UIs, especially for single-page apps. It lets you create reusable UI parts that update when data changes. React uses a virtual DOM for speed and has a one-way data flow. This component style makes code neat and reusable. React also works with tools like Redux for data management and React Native for mobile apps. It's popular because it's clear, fast, and has a big community.",https://roadmap.sh/react,https://www.youtube.com/watch?v=Bvwq_S0n2pk,https://react.dev
full-stack-css-frameworks,full-stack,CSS Frameworks,CSS Frameworks,,CORE,BRANCH,CORE,,,ALL,,1,MANUAL_ONLY,,,full-stack-frontend-framework,,"Tailwind CSS is a utility-first CSS framework providing small, composable classes for rapid custom design development. Features mobile-first approach, automatic unused style removal (purging), and flexible customization. Enables quick responsive design prototyping without writing custom CSS.",https://www.youtube.com/watch?v=lCxcTsOHrjo,https://tailwindcss.com,https://play.tailwindcss.com
full-stack-backend-runtime,full-stack,Node.js,Backend Runtime,8,PRACTICAL,MAIN,CORE,,,ALL,,3,EVIDENCE_ALLOWED,65,"node,js,backend,runtime",,full-stack-frontend-framework,"Node.js is an open-source and cross-platform JavaScript runtime environment. It is a popular tool for almost any kind of project! Node.js runs the V8 JavaScript engine, Google Chrome's core, outside the browser. This allows Node.js to be very performant. A Node.js app runs in a single process, without creating a new thread for every request. Node.js provides a set of asynchronous I/O primitives in its standard library that prevent JavaScript code from blocking and generally, libraries in Node.js are written using non-blocking paradigms, making blocking behavior the exception rather than the norm.",https://roadmap.sh/nodejs,https://nodejs.org/en/about/,https://nodejs.org/en/learn/getting-started/introduction-to-nodejs
full-stack-databases,full-stack,Relational Databases,Databases,9,PRACTICAL,MAIN,CORE,,,ALL,,3,EVIDENCE_ALLOWED,65,"relational,databases",,full-stack-backend-runtime,"Relational databases organize data into structured tables with rows and columns, using SQL for querying. Enforce data integrity through keys and constraints, handle complex queries and transactions efficiently. Examples: MySQL, PostgreSQL, Oracle. Used for structured data storage and strong consistency.",https://www.edx.org/course/databases-5-sql,https://www.ibm.com/cloud/learn/relational-databases,https://www.udacity.com/course/intro-to-relational-databases--ud197
full-stack-nosql-and-caching,full-stack,NoSQL Databases & Caching,NoSQL and Caching,,PRACTICAL,BRANCH,CORE,,,ALL,,1,MANUAL_ONLY,,,full-stack-databases,,"NoSQL databases handle unstructured, semi-structured, or rapidly changing data with flexible schemas. Four types: Document stores (MongoDB, CouchDB), Key-value stores (Redis, Riak), Column-family (Cassandra, HBase), and Graph databases (Neo4j, Neptune). Used for high scalability, flexibility, and performance applications.",https://www.mongodb.com/nosql-explained,https://www.youtube.com/watch?v=0buKQHokLK8,https://www.youtube.com/watch?v=ruz-vK8IesE
full-stack-rest-apis,full-stack,RESTful API Design & Architecture,REST APIs,10,PRACTICAL,MAIN,CORE,,,ALL,,3,EVIDENCE_ALLOWED,65,"restful,api,design,architecture,rest,apis",,full-stack-databases,"REST API is an architectural style using standard HTTP methods (GET, POST, PUT, DELETE) to interact with URI-represented resources. It's stateless, requiring complete request information, uses HTTP status codes, and typically communicates via JSON/XML. Popular for simplicity and scalability.",https://www.redhat.com/en/topics/api/what-is-a-rest-api,https://learn.microsoft.com/en-us/azure/architecture/best-practices/api-design,https://restapitutorial.com/
full-stack-authentication,full-stack,Authentication & Session Management,Authentication,11,PRACTICAL,MAIN,CORE,,,ALL,,3,EVIDENCE_ALLOWED,65,"authentication,session,management",,full-stack-rest-apis,"API authentication verifies client identity to ensure only authorized access to resources. Common methods include API keys, OAuth 2.0, JWT, and basic auth. It protects data, prevents unauthorized access, enables usage tracking, and provides granular control over API resources.",https://roadmap.sh/guides/basic-authentication,https://roadmap.sh/guides/session-based-authentication,https://roadmap.sh/guides/token-authentication
full-stack-linux-shell,full-stack,Linux Basics & Shell,Linux & Shell,12,ADVANCED,MAIN,CORE,,,ALL,,3,EVIDENCE_ALLOWED,65,"linux,basics,shell",,full-stack-authentication,"Knowledge of UNIX is a must for almost all kind of development as most of the code that you write is most likely going to be finally deployed on a UNIX/Linux machine. Linux has been the backbone of the free and open source software movement, providing a simple and elegant operating system for almost all your needs.",https://roadmap.sh/linux,https://www.coursera.org/courses?query=unix,https://www.tutorialspoint.com/unix/index.htm
full-stack-cloud-deployment,full-stack,Cloud Computing & AWS,Cloud & Deployment,13,ADVANCED,MAIN,CORE,,,ALL,,3,EVIDENCE_ALLOWED,65,"cloud,computing,aws,deployment",,full-stack-linux-shell,"Amazon Web Services has been the market-leading cloud computing platform since 2011, ahead of Azure and Google Cloud. AWS offers over 200 services with data centers located all over the globe. AWS is an online platform that provides scalable and cost-effective cloud computing solutions. It is a broadly adopted cloud platform that offers several on-demand operations like compute power, database storage, content delivery, and so on.",https://roadmap.sh/aws,https://www.youtube.com/watch?v=zA8guDqfv40,https://aws.amazon.com/getting-started/cloud-essentials/
full-stack-ci-cd,full-stack,CI/CD & Workflow Automation,CI/CD,14,ADVANCED,MAIN,CORE,,,ALL,,3,EVIDENCE_ALLOWED,65,"ci,cd,workflow,automation",,full-stack-cloud-deployment,"CI/CD automates building, testing, and deploying code changes. Continuous Integration merges code frequently with automated builds/tests. Continuous Delivery/Deployment extends this to staging/production. Improves software quality and development efficiency through early issue detection.",https://about.gitlab.com/topics/ci-cd/,https://thenewstack.io/a-primer-continuous-integration-and-continuous-delivery-ci-cd/,https://www.youtube.com/watch?v=scEDHsr3APg
full-stack-infrastructure-as-code,full-stack,Infrastructure as Code (IaC),Infrastructure as Code,15,JOB_READY,MAIN,CORE,,,ALL,,3,EVIDENCE_ALLOWED,65,"infrastructure,code,iac",,full-stack-ci-cd,"Terraform is an open-source infrastructure as code tool that allows you to define and manage your data center infrastructure using a declarative configuration language. By writing infrastructure requirements in human-readable files, you can automate the creation, update, and versioning of cloud resources across various providers. It maintains a state file to track the current configuration of your environment, ensuring that the deployed infrastructure matches the intended design defined in your code.",https://roadmap.sh/terraform,https://www.terraform.io/docs,https://www.youtube.com/watch?v=7xngnjfIlK4
full-stack-configuration-management,full-stack,Configuration Management & Automation,Configuration Management,,JOB_READY,BRANCH,CORE,,,ALL,,1,MANUAL_ONLY,,,full-stack-infrastructure-as-code,,"Configuration Management is the process of systematically handling changes to a system in a way that ensures it maintains its integrity over time. It involves automating the setup, maintenance, and versioning of software and infrastructure settings to ensure that environments remain consistent across development, testing, and production.",https://www.atlassian.com/microservices/microservices-architecture/configuration-management,https://www.redhat.com/en/topics/automation/what-is-configuration-management,https://www.youtube.com/watch?v=9In7ysQJGBs
full-stack-application-monitoring,full-stack,Application Monitoring,Application Monitoring,,JOB_READY,BRANCH,CORE,,,ALL,,1,MANUAL_ONLY,,,full-stack-infrastructure-as-code,,"Monitoring involves continuously collecting, analyzing, and alerting on metrics, logs, and traces from applications and infrastructure. It helps detect issues early, understand performance bottlenecks, and ensure system reliability. Key tools include Prometheus for metrics collection, Grafana for dashboards and visualization, and distributed tracing tools like Jaeger or Zipkin.",https://prometheus.io/docs/introduction/overview/,https://grafana.com/docs/grafana/latest/,https://www.youtube.com/watch?v=9TJx7QTrTyo
devops-learn-a-programming-language,devops,,Learn a Programming Language,1,FOUNDATION,MAIN,CORE,,,CHOOSE_ONE,1,3,EVIDENCE_ALLOWED,65,"programming,language,scripting,automation,code",,,"Learning a programming language is a valuable skill in today's world, opening doors to various opportunities, including automation, web development, data analysis, and more. Choosing the right language depends on your specific goals and interests. For beginners, Python is often recommended due to its easy-to-read syntax and wide range of applications. Learning a programming language is a rewarding journey. Start with a language that interests you and explore!",https://cs.fyi/guide/programming-language-for-devops,,
devops-python,devops,Python,Python,,FOUNDATION,BRANCH,ALTERNATIVE,,,ALL,,1,EVIDENCE_ALLOWED,65,python,devops-learn-a-programming-language,,"Python is a high-level, interpreted programming language known for its clear syntax and readability. It supports multiple programming paradigms, including procedural, object-oriented, and functional programming, making it highly versatile for various tasks. Because of its extensive standard library and broad ecosystem of third-party packages, it is widely used for automating system tasks, scripting infrastructure operations, and developing scalable web applications.",https://roadmap.sh/python,https://www.python.org/,
devops-go,devops,Go,Go,,FOUNDATION,BRANCH,ALTERNATIVE,,,ALL,,1,EVIDENCE_ALLOWED,65,go,devops-learn-a-programming-language,,"Go, also known as Golang, is a statically typed, compiled programming language developed by Google. It emphasizes simplicity, efficiency, and built-in concurrency support. Go features fast compilation, garbage collection, and a robust standard library. Its syntax is clean and concise, promoting easy readability and maintainability. Go's goroutines and channels provide powerful tools for concurrent programming. The language is particularly well-suited for system programming, network services, and cloud-native applications. Go's efficient memory usage and quick execution make it popular for building scalable server-side applications and microservices. With its focus on simplicity and performance, Go has gained significant adoption in DevOps tooling, containerization technologies, and cloud infrastructure projects.",https://roadmap.sh/golang,https://go.dev/tour/welcome/1,
devops-ruby,devops,Ruby,Ruby,,FOUNDATION,BRANCH,ALTERNATIVE,,,ALL,,1,EVIDENCE_ALLOWED,65,ruby,devops-learn-a-programming-language,,"Ruby is a dynamic, open-source programming language with a focus on simplicity and productivity. It features an elegant syntax that is natural to read and easy to write, making it a popular choice for web development, particularly through the Ruby on Rails framework. Its object-oriented design and powerful standard library allow developers to build robust applications efficiently by prioritizing human-friendly code over complex machine-level logic.",https://roadmap.sh/ruby,https://www.ruby-lang.org/en/,
devops-rust,devops,Rust,Rust,,FOUNDATION,BRANCH,ALTERNATIVE,,,ALL,,1,EVIDENCE_ALLOWED,65,rust,devops-learn-a-programming-language,,"Rust is a multi-paradigm programming language designed for performance and safety, particularly safe concurrency. It achieves memory safety without a garbage collector by using a unique ownership model that checks references at compile time. Because of its efficiency and ability to manage low-level resources reliably, it is increasingly used to build high-performance infrastructure tools, cloud services, and command-line applications.",https://roadmap.sh/rust,https://practice.course.rs/,
devops-javascript-node-js,devops,JavaScript,JavaScript / Node.js,,FOUNDATION,BRANCH,ALTERNATIVE,,,ALL,,1,EVIDENCE_ALLOWED,65,"javascript,javascript / node.js,js,node,node.js,nodejs,typescript",devops-learn-a-programming-language,,"JavaScript is a high-level, interpreted programming language primarily used for client-side web development. It enables interactive and dynamic content on web pages, allowing developers to create responsive user interfaces and complex web applications. JavaScript is a core technology of the World Wide Web, alongside HTML and CSS. It supports object-oriented, imperative, and functional programming paradigms. With the advent of Node.js, JavaScript has also become popular for server-side development. The language features dynamic typing, first-class functions, and prototype-based object-orientation. JavaScript's ubiquity in web browsers, extensive ecosystem of libraries and frameworks (like React, Angular, and Vue.js), and its versatility across front-end and back-end development have made it one of the most widely used programming languages in modern software development.",https://roadmap.sh/javascript,https://javascript.info/,
devops-operating-system,devops,Operating Systems,Operating System,2,FOUNDATION,MAIN,CORE,,,CHOOSE_ONE,1,3,EVIDENCE_ALLOWED,65,"operating,system,os,kernel,linux,windows",,devops-learn-a-programming-language,"An operating system is the foundational software that manages a computer's hardware and software resources, providing common services for various programs. It acts as an intermediary between users and hardware, handling tasks like process scheduling, memory management, file systems, and device control. By abstracting the complexity of physical components, it allows applications to run consistently across different environments.",https://en.wikipedia.org/wiki/Operating_system,https://www.tutorialspoint.com/operating_system/os_overview.htm,
devops-windows,devops,Windows,Windows,,FOUNDATION,BRANCH,ALTERNATIVE,,,ALL,,1,EVIDENCE_ALLOWED,65,windows,devops-operating-system,,"Windows is a series of operating systems developed by Microsoft, widely used across personal, business, and server environments. It provides a graphical user interface (GUI) that simplifies interaction with the computer, featuring a desktop environment with icons, windows, and menus. Key versions include Windows 10, known for its user-friendly interface and support for modern applications, and Windows 11, which introduces a refreshed design and new features like improved virtual desktops and enhanced security. Windows supports a wide range of software applications and hardware devices, making it a versatile and popular choice for many users and organizations.",http://microsoft.com/windows,https://learn.microsoft.com/en-us/windows/,
devops-unix,devops,Operating Systems,Unix,,FOUNDATION,BRANCH,ALTERNATIVE,,,CHOOSE_ONE,1,1,EVIDENCE_ALLOWED,65,"operating systems,unix",devops-operating-system,,"Unix is a family of multitasking, multiuser operating systems that established core design principles still used today, including a hierarchical file system, pipes, and a large collection of small composable command-line tools. It underpins many modern DevOps environments through its Unix-like descendants such as Linux and BSD.",https://en.wikipedia.org/wiki/Unix,,
devops-freebsd,devops,,FreeBSD,,FOUNDATION,BRANCH,ALTERNATIVE,,,ALL,,1,EVIDENCE_ALLOWED,65,freebsd,devops-unix,,"FreeBSD is an open-source Unix-like operating system known for its high performance, stability, and advanced networking capabilities. It is developed as a complete operating system rather than just a kernel, providing a robust environment for servers, embedded systems, and network appliances. Known for its distinct ZFS file system integration and ""Jails"" virtualization technology, it offers a secure and highly scalable platform for managing infrastructure and services.",https://www.freebsd.org/,https://www.freebsd.org/projects/newbies/,
devops-openbsd,devops,,OpenBSD,,FOUNDATION,BRANCH,ALTERNATIVE,,,ALL,,1,EVIDENCE_ALLOWED,65,openbsd,devops-unix,,"OpenBSD is a free, multi-platform, Unix-like operating system that focuses heavily on security, correctness, and code purity. It is developed by a global community that prioritizes proactive security measures, such as extensive code auditing and the implementation of advanced memory protection features. Beyond its reputation for being highly secure, OpenBSD serves as a versatile platform for network services, firewalls, and research, often providing the foundation for widely used software like OpenSSH.",https://www.openbsd.org/,https://www.youtube.com/watch?v=-7gSMEsF3Q0,
devops-netbsd,devops,,NetBSD,,FOUNDATION,BRANCH,ALTERNATIVE,,,ALL,,1,EVIDENCE_ALLOWED,65,netbsd,devops-unix,,"NetBSD is a free, fast, and secure Unix-like operating system known for its emphasis on code clarity, portability, and clean design. It is designed to run on a vast range of hardware architectures, from embedded devices and handhelds to large-scale servers and workstations. By maintaining a highly modular and hardware-independent codebase, it serves as a versatile foundation for research, specialized appliance development, and environments where high performance and stability are required across diverse platforms.",https://netbsd.org/,https://netbsd.org/docs/,
devops-linux,devops,Linux,Linux,,FOUNDATION,BRANCH,ALTERNATIVE,,,CHOOSE_ONE,1,1,EVIDENCE_ALLOWED,65,linux,devops-operating-system,,"Linux is a free, open-source, Unix-like operating system kernel that powers the vast majority of servers, containers, and cloud infrastructure. Its stability, flexibility, and strong command-line tooling make it the primary operating system DevOps engineers work with day to day.",https://en.wikipedia.org/wiki/Linux,,
devops-ubuntu-debian,devops,,Ubuntu / Debian,,FOUNDATION,BRANCH,ALTERNATIVE,,,ALL,,1,EVIDENCE_ALLOWED,65,"debian,ubuntu,ubuntu / debian",devops-linux,,"Ubuntu and Debian are Linux-based operating systems that serve as the foundation for running applications and managing server infrastructure. Debian is known for its stability and commitment to free software, while Ubuntu is built on top of Debian and focuses on ease of use, frequent updates, and broad hardware support. These distributions provide a command-line interface and a comprehensive package management system ?APT?, which allows users to efficiently install, configure, and maintain the software required for hosting services and automating system tasks.",https://labex.io/courses/linux-basic-commands-practice-online,https://www.debian.org/,
devops-suse-linux,devops,,SUSE Linux,,FOUNDATION,BRANCH,ALTERNATIVE,,,ALL,,1,EVIDENCE_ALLOWED,65,suse linux,devops-linux,,"openSUSE is a Linux-based operating system known for its stability, versatility, and focus on user-friendly system management. It offers two main distributions: openSUSE Leap, a stable, enterprise-grade version with regular point releases, and openSUSE Tumbleweed, a rolling release version with the latest software updates. OpenSUSE is widely used by developers, system administrators, and enterprise environments due to its robust package management via Zypper and YaST (Yet another Setup Tool), which simplifies system configuration. It also supports a wide range of hardware and offers strong community-driven support.",https://www.opensuse.org/,https://en.opensuse.org/Main_Page,
devops-rhel-derivatives,devops,,RHEL / Derivatives,,FOUNDATION,BRANCH,ALTERNATIVE,,,ALL,,1,EVIDENCE_ALLOWED,65,"centos,derivatives,fedora,red hat,rhel,rhel / derivatives",devops-linux,,"RHEL (Red Hat Enterprise Linux) is a commercial open-source operating system designed for enterprise environments, providing a stable and secure foundation for running applications at scale. Its derivatives, such as AlmaLinux, Rocky Linux, and CentOS Stream, are community-driven projects that maintain high binary compatibility with RHEL. These systems are widely used in server infrastructure to manage resources, handle networking, and execute software deployments through package management tools like DNF and RPM.",https://www.redhat.com/en/technologies/linux-platforms/enterprise-linux,https://access.redhat.com/documentation/en-us/red_hat_enterprise_linux/,
devops-terminal-knowledge,devops,Command Line & Scripting,Terminal Knowledge,3,FOUNDATION,MAIN,CORE,,,ALL,,3,EVIDENCE_ALLOWED,65,"terminal,command,line,cli,shell,scripting",,devops-operating-system,"The terminal is a command-line interface that allows you to interact with your computer's operating system by typing text commands instead of using a graphical user interface. By mastering basic shell commands, you can perform tasks like navigating through file systems, managing processes, manipulating files, and automating repetitive operations directly through the command line. This skill serves as the foundation for controlling servers and executing scripts efficiently within any computing environment.",https://roadmap.sh/shell-bash,https://en.wikipedia.org/wiki/Command-line_interface,
devops-scripting,devops,Command Line & Scripting,Scripting,,FOUNDATION,BRANCH,CORE,,,CHOOSE_ONE,1,1,MANUAL_ONLY,,,devops-terminal-knowledge,,"Scripting is the practice of writing small programs to automate repetitive tasks such as deployments, backups, and system configuration. DevOps engineers rely heavily on shell scripting to glue together tools, orchestrate workflows, and manage infrastructure efficiently.",https://en.wikipedia.org/wiki/Shell_script,,
devops-bash,devops,Bash Scripting,Bash,,FOUNDATION,BRANCH,ALTERNATIVE,,,ALL,,1,EVIDENCE_ALLOWED,65,"bash,bash scripting",devops-scripting,,"Bash is a command language interpreter that allows users to interact with an operating system by executing text-based commands. It serves as the default shell for most Linux distributions and provides a scripting environment for automating repetitive tasks through shell scripts. By using Bash, you can navigate file systems, manage processes, manipulate text files, and chain multiple programs together to perform complex system operations efficiently.",https://roadmap.sh/shell-bash,https://www.youtube.com/watch?v=tK9Oc6AEnR4,
devops-power-shell,devops,PowerShell,Power Shell,,FOUNDATION,BRANCH,ALTERNATIVE,,,ALL,,1,EVIDENCE_ALLOWED,65,"power shell,powershell",devops-scripting,,"PowerShell is a cross-platform task automation solution made up of a command-line shell, a scripting language, and a configuration management framework. It allows users to execute commands and scripts to manage systems, automate repetitive administrative tasks, and interact with various cloud services or local infrastructure components. By utilizing objects instead of text for input and output, it provides a powerful way to manipulate data and streamline workflows across Windows, Linux, and macOS environments.",https://learn.microsoft.com/en-us/powershell/,https://www.youtube.com/watch?v=ZOoCaWyifmI,
devops-editors,devops,Command Line & Scripting,Editors,,FOUNDATION,BRANCH,CORE,,,ALL,,1,MANUAL_ONLY,,,devops-terminal-knowledge,,"A text editor is an essential tool for writing code, editing configuration files, and working directly on remote servers via the terminal. Comfort with at least one terminal-based editor is a core DevOps skill.",https://en.wikipedia.org/wiki/Text_editor,,
devops-vim-nano-emacs,devops,,Vim / Nano /  Emacs,,FOUNDATION,BRANCH,CORE,,,ALL,,1,MANUAL_ONLY,,,devops-editors,,"Vim, Nano, and Emacs are text editors designed to be used directly within the command-line interface. Nano provides a user-friendly, beginner-oriented experience with simple keyboard shortcuts, while Vim and Emacs are highly powerful, extensible tools that rely on complex commands and configurations to allow developers to manipulate text efficiently without leaving the terminal. Each of these editors serves as a primary environment for creating, editing, and managing configuration files or source code on remote servers and local systems.",https://dokumen.pub/practical-vim-2nd-edition-2nd-edition-9781680501278.html,https://www.vim.org,
devops-process-monitoring,devops,Command Line & Scripting,Process Monitoring,,FOUNDATION,BRANCH,CORE,,,ALL,,1,MANUAL_ONLY,,,devops-terminal-knowledge,,"Process monitoring involves tracking the execution, resource usage, and health of programs running on an operating system. By using command-line utilities, you can identify which processes are consuming significant CPU or memory, inspect their status, and manage their lifecycles by starting, stopping, or terminating them as needed. This practice ensures system stability and helps troubleshoot performance bottlenecks by providing real-time visibility into the activities of your machine.",https://neverendingsecurity.wordpress.com/2015/04/13/lsof-commands-cheatsheet/,https://man7.org/linux/man-pages/man8/lsof.8.html,
devops-performance-monitoring,devops,Command Line & Scripting,Performance Monitoring,,FOUNDATION,BRANCH,CORE,,,ALL,,1,MANUAL_ONLY,,,devops-terminal-knowledge,,"Performance monitoring involves tracking and analyzing the resource usage and health of a computer system in real-time. By using command-line tools like `top`, `htop`, `vmstat`, and `iostat`, you can observe how CPU, memory, disk I/O, and network bandwidth are being consumed by various processes. This practice helps in identifying bottlenecks, troubleshooting unexpected spikes in resource demand, and ensuring that applications run efficiently under different workloads.",https://www.redhat.com/sysadmin/linux-commands-vmstat,https://man7.org/linux/man-pages/man8/vmstat.8.html,
devops-networking-tools,devops,Command Line & Scripting,Networking Tools,,FOUNDATION,BRANCH,CORE,,,ALL,,1,MANUAL_ONLY,,,devops-terminal-knowledge,,"Networking tools are command-line utilities used to monitor, diagnose, and troubleshoot network connections between computers and servers. These tools allow you to verify connectivity via ping, inspect active network sockets, trace the route of data packets, and analyze traffic passing through specific network interfaces. By utilizing these commands, you can identify configuration issues, test firewall rules, and ensure that your applications can successfully communicate across internal and external networks.",https://www.tecmint.com/scp-commands-examples/,https://phoenixnap.com/kb/linux-scp-command,
devops-text-manipulation,devops,Command Line & Scripting,Text Manipulation,,FOUNDATION,BRANCH,CORE,,,ALL,,1,MANUAL_ONLY,,,devops-terminal-knowledge,,"Text manipulation involves using command-line tools to search, filter, transform, and extract data from text files or streams. These utilities, such as `grep`, `sed`, `awk`, and `cut`, allow you to process large amounts of output, reformat configuration files, or parse logs directly within the terminal. By chaining these commands together through pipes, you can efficiently automate repetitive data processing tasks and gain quick insights into system information.",https://roadmap.sh/shell-bash,https://earthly.dev/blog/linux-text-processing-commands/,
devops-version-control-systems,devops,Git and Version Control,Version Control Systems,4,FOUNDATION,MAIN,CORE,,,ALL,,3,EVIDENCE_ALLOWED,65,"version,control,git,vcs",,devops-terminal-knowledge,"Version control systems (VCS) are tools that track changes to code and files over time, enabling multiple users to collaborate on projects, maintain history, and manage different versions of codebases. They help in tracking modifications, merging changes, and resolving conflicts. There are two main types of VCS: centralized and distributed. Centralized systems (like Subversion and CVS) rely on a single central repository, while distributed systems (like Git and Mercurial) allow each user to have a complete copy of the repository, including its history. Distributed VCSs, such as Git, are particularly popular for their flexibility, branching capabilities, and robust support for collaborative workflows.",https://roadmap.sh/git-github,https://git-scm.com/,
devops-git,devops,Git and Version Control,Git,,FOUNDATION,BRANCH,CORE,,,ALL,,1,MANUAL_ONLY,,,devops-version-control-systems,,"Git is a distributed version control system that tracks changes in source code during software development. It allows multiple developers to work on the same project simultaneously by maintaining a history of modifications, enabling easy collaboration, branching, and merging of code. Every developer has a full copy of the project history on their local machine, which ensures data integrity and allows for offline work.",https://roadmap.sh/git-github,https://antonz.org/git-by-example/,
devops-vcs-hosting,devops,VCS Hosting Platforms,VCS Hosting,5,CORE,MAIN,CORE,,,CHOOSE_ONE,1,3,EVIDENCE_ALLOWED,65,"vcs,hosting,github,gitlab,repository",,devops-version-control-systems,"When working on a team, you often need a remote place to put your code so others can access it, create their own branches, and create or review pull requests. This remote place is called a repository, and these services often include issue tracking, code review, and continuous integration features. A few popular choices are GitHub, GitLab, Bitbucket, and AWS CodeCommit.",https://github.com,https://about.gitlab.com/,
devops-github,devops,VCS Hosting Platforms,GitHub,,CORE,BRANCH,ALTERNATIVE,,,ALL,,1,EVIDENCE_ALLOWED,65,"github,vcs hosting platforms",devops-vcs-hosting,,"GitHub is a cloud-based platform that uses Git to store, manage, and track changes to software code. It provides a collaborative environment where developers can host repositories, review code, manage projects, and automate workflows using integrated tools. By offering a centralized space for version control, it allows multiple contributors to work on the same project simultaneously while keeping a detailed history of all modifications.",https://roadmap.sh/git-github,https://github.com,
devops-gitlab,devops,VCS Hosting Platforms,GitLab,,CORE,BRANCH,ALTERNATIVE,,,ALL,,1,EVIDENCE_ALLOWED,65,"gitlab,vcs hosting platforms",devops-vcs-hosting,,"GitLab is a web-based platform that provides a complete software development lifecycle tool, including a Git repository manager, issue tracking, and CI/CD pipelines. It allows teams to manage their codebase, collaborate on code reviews, and automate the process of building, testing, and deploying applications within a single application.",https://gitlab.com/,https://docs.gitlab.com/,
devops-bitbucket,devops,VCS Hosting Platforms,Bitbucket,,CORE,BRANCH,ALTERNATIVE,,,ALL,,1,EVIDENCE_ALLOWED,65,"bitbucket,vcs hosting platforms",devops-vcs-hosting,,"Bitbucket is a web-based version control repository hosting service owned by Atlassian that supports both Git and Mercurial. It provides teams with a centralized platform to store code, track issues, and manage project workflows through pull requests and branch permissions. Built to integrate seamlessly with other Atlassian tools like Jira and Trello, it allows developers to collaborate on codebases, perform code reviews, and automate delivery pipelines directly within the platform.",https://bitbucket.org,https://bitbucket.org/product/guides/getting-started/overview,
devops-containers,devops,Containerization,Containers,6,CORE,MAIN,CORE,,,CHOOSE_ONE,1,3,EVIDENCE_ALLOWED,65,"containers,docker,lxc,containerization",,devops-vcs-hosting,"Containers are lightweight, standalone, and executable software packages that include everything needed to run an application, such as code, runtime, system tools, libraries, and settings. By isolating software from its environment, they ensure that applications run consistently regardless of where they are deployed. This technology allows developers to bundle an application with all its dependencies into a single unit, which can then be moved seamlessly between different computing environments.",https://cloud.google.com/learn/what-are-containers,https://www.docker.com/resources/what-container/,
devops-docker,devops,Docker,Docker,,CORE,BRANCH,ALTERNATIVE,,,ALL,,1,EVIDENCE_ALLOWED,65,docker,devops-containers,,"Docker is an open-source platform that automates the deployment, scaling, and management of applications using containerization technology. It enables developers to package applications with all their dependencies into standardized units called containers, ensuring consistent behavior across different environments. Docker provides a lightweight alternative to full machine virtualization, using OS-level virtualization to run multiple isolated systems on a single host. Its ecosystem includes tools for building, sharing, and running containers, such as Docker Engine, Docker Hub, and Docker Compose. Docker has become integral to modern DevOps practices, facilitating microservices architectures, continuous integration/deployment pipelines, and efficient resource utilization in both development and production environments.",https://roadmap.sh/docker,https://courses.mooc.fi/org/uh-cs/courses/devops-with-docker,
devops-lxc,devops,Containerization,LXC,,CORE,BRANCH,ALTERNATIVE,,,ALL,,1,EVIDENCE_ALLOWED,65,"containerization,lxc",devops-containers,,"LXC, or Linux Containers, is an operating-system-level virtualization method for running multiple isolated Linux systems on a single control host. It works by utilizing kernel features like cgroups and namespaces to partition resources, allowing applications to run in distinct environments without the overhead of a full virtual machine. Each container acts like a lightweight virtual server, sharing the host?s kernel while maintaining its own filesystem, network stack, and process space.",https://linuxcontainers.org/lxc/documentation/,https://www.youtube.com/watch?v=CWmkSj_B-wo,
devops-what-is-and-how-to-setup-x,devops,Network Services Setup,What is and how to setup X ?,7,CORE,MAIN,CORE,,,ALL,,3,EVIDENCE_ALLOWED,65,"proxy,load,balancer,firewall,web,server,setup",,devops-containers,"Beyond writing code, DevOps engineers are often responsible for setting up and configuring the infrastructure services an application depends on, including proxies, caching layers, firewalls, load balancers, and web servers. Understanding what each of these does and how to configure it is fundamental to running reliable systems.",https://roadmap.sh/devops,,
devops-forward-proxy,devops,Network Services Setup,Forward Proxy,,CORE,BRANCH,CORE,,,ALL,,1,MANUAL_ONLY,,,devops-what-is-and-how-to-setup-x,,"A forward proxy is an intermediary server that sits between a client and the internet to act on behalf of the client. When a request is made, the client sends it to the proxy, which then forwards the request to the destination server, receives the response, and passes it back to the client. This setup is commonly used to bypass network restrictions, filter outgoing traffic, enforce security policies, and cache frequently accessed content to improve performance.",https://www.fortinet.com/resources/cyberglossary/proxy-server,https://oxylabs.io/blog/reverse-proxy-vs-forward-proxy,
devops-reverse-proxy,devops,Network Services Setup,Reverse Proxy,,CORE,BRANCH,CORE,,,ALL,,1,MANUAL_ONLY,,,devops-what-is-and-how-to-setup-x,,"A reverse proxy is a server that sits in front of one or more web servers and intercepts requests from clients. Instead of a client connecting directly to an application server, it connects to the reverse proxy, which then forwards the request to the appropriate backend server and returns the response back to the client. This setup is commonly used to manage traffic load, improve security by hiding the identity of backend servers, and handle tasks like SSL termination or caching to optimize performance.",https://www.cloudflare.com/en-gb/learning/cdn/glossary/reverse-proxy/,https://www.nginx.com/resources/glossary/reverse-proxy-server/,
devops-caching-server,devops,Network Services Setup,Caching Server,,CORE,BRANCH,CORE,,,ALL,,1,MANUAL_ONLY,,,devops-what-is-and-how-to-setup-x,,"A caching server is a dedicated system or software service that stores copies of frequently accessed data in temporary storage to speed up information retrieval. By keeping this data closer to the user or application, it reduces the need to repeatedly fetch the same information from the primary source or origin server. This process significantly decreases latency and reduces the load on backend infrastructure, allowing systems to respond much faster to incoming requests.",https://www.cloudflare.com/en-gb/learning/cdn/what-is-caching/,https://networkencyclopedia.com/cache-server/,
devops-firewall,devops,Network Services Setup,Firewall,,CORE,BRANCH,CORE,,,ALL,,1,MANUAL_ONLY,,,devops-what-is-and-how-to-setup-x,,"A firewall is a network security device that monitors and filters incoming and outgoing network traffic based on an organization's previously established security policies. It acts as a barrier between a trusted internal network and untrusted external networks, such as the internet, by analyzing data packets to determine whether they should be allowed or blocked. Setting up a firewall involves defining rules that specify which ports, protocols, and IP addresses are permitted to communicate with your infrastructure, effectively minimizing the surface area for potential unauthorized access.",https://www.checkpoint.com/cyber-hub/network-security/what-is-firewall/,https://www.cisco.com/c/en_in/products/security/firewalls/what-is-a-firewall.html,
devops-load-balancer,devops,Network Services Setup,Load Balancer,,CORE,BRANCH,CORE,,,ALL,,1,MANUAL_ONLY,,,devops-what-is-and-how-to-setup-x,,"A load balancer is a device or software application that acts as a traffic cop, sitting in front of your servers and routing incoming client requests across all servers capable of fulfilling those requests. By distributing the workload, it prevents any single server from becoming overwhelmed, which increases the responsiveness and availability of applications. To set one up, you typically choose between a hardware appliance or a software-based solution like NGINX or HAProxy, configure your backend server pool, and define the distribution algorithm, such as round-robin or least connections, to ensure traffic is shared effectively.",https://www.nginx.com/resources/glossary/load-balancing/,https://www.cloudflare.com/en-gb/learning/performance/what-is-load-balancing/,
devops-web-server,devops,Network Services Setup,Web Server,,CORE,BRANCH,CORE,,,CHOOSE_ONE,1,1,MANUAL_ONLY,,,devops-what-is-and-how-to-setup-x,,"A web server is software that serves web content over HTTP/HTTPS, handling incoming requests and returning responses such as static files or proxied application data. Choosing and configuring the right web server is a common DevOps responsibility.",https://en.wikipedia.org/wiki/Web_server,,
devops-nginx,devops,,Nginx,,CORE,BRANCH,ALTERNATIVE,,,ALL,,1,EVIDENCE_ALLOWED,65,nginx,devops-web-server,,"Nginx is a high-performance web server that also functions as a reverse proxy, load balancer, and HTTP cache. It is designed to handle a large number of concurrent connections with low memory usage, making it an efficient tool for serving static content or distributing incoming traffic across multiple backend application servers.",https://nginx.org/,https://swissmade.host/en/blog/basic-nginx-setup-ubuntu-guide-to-a-functional-and-secure-website-serving,
devops-tomcat,devops,,Tomcat,,CORE,BRANCH,ALTERNATIVE,,,ALL,,1,EVIDENCE_ALLOWED,65,tomcat,devops-web-server,,"Apache Tomcat is an open-source web server and servlet container that implements Java Servlet, JavaServer Pages (JSP), and Java Expression Language (EL) specifications. It is widely used to deploy and manage Java-based web applications. Tomcat provides a robust platform for running Java web applications with features like request handling, session management, and resource pooling. It is known for its performance, scalability, and ease of integration with other Java technologies, making it a popular choice for developers seeking to run Java applications in a production environment.",https://tomcat.apache.org/,https://tomcat.apache.org/tomcat-10.0-doc/index.html,
devops-caddy,devops,,Caddy,,CORE,BRANCH,ALTERNATIVE,,,ALL,,1,EVIDENCE_ALLOWED,65,caddy,devops-web-server,,"Caddy is an open-source web server that automatically manages HTTPS certificates for your websites and applications. It is written in Go and is designed to be easy to configure using a simple file format called the Caddyfile. By default, it handles the complexities of TLS/SSL, meaning it automatically provisions and renews certificates from Let's Encrypt without requiring manual intervention. You can set it up by downloading the binary for your operating system, creating a basic Caddyfile that defines your domain and back-end service, and running the command to start the server.",https://caddyserver.com/,https://github.com/caddyserver/caddy,
devops-apache,devops,,Apache,,CORE,BRANCH,ALTERNATIVE,,,ALL,,1,EVIDENCE_ALLOWED,65,apache,devops-web-server,,"Apache HTTP Server is an open-source web server software that powers a significant portion of the websites on the internet. It works by processing incoming requests from clients and delivering the requested web content, such as HTML files or images, over the HTTP protocol. To set it up, you typically install the package via your operating system's package manager, configure the main settings file to define your server's root directory and virtual hosts, and then start the service to begin hosting your applications.",https://httpd.apache.org/,https://www.youtube.com/watch?v=kaaenHXO4t4,
devops-iis,devops,,IIS,,CORE,BRANCH,ALTERNATIVE,,,ALL,,1,EVIDENCE_ALLOWED,65,iis,devops-web-server,,"Internet Information Services (IIS) is a flexible and secure web server created by Microsoft for hosting anything on the web. It runs on Windows operating systems and allows you to host websites, web applications, and services using technologies like [ASP.NET](http://ASP.NET) and PHP. Setting up IIS involves enabling the ""Web Server (IIS)"" role through the Windows Server Manager or PowerShell, configuring site bindings to map domain names to specific ports, and managing application pools to ensure your web services run in isolated, stable environments.",http://ASP.NET,https://www.iis.net/,
devops-networking-and-protocols,devops,Web & Networking Fundamentals,Networking & Protocols,8,CORE,MAIN,CORE,,,ALL,,3,EVIDENCE_ALLOWED,65,"networking,protocols,dns,http,ssh,tcp,ip",,devops-what-is-and-how-to-setup-x,"Networking and protocols refer to the rules and systems that allow computers and servers to communicate with each other over a network. Networking involves the hardware and software used to connect machines, such as routers, switches, and firewalls, while protocols like HTTP, TCP/IP, DNS, and SSH act as standardized languages that define how data is packaged, sent, and received. Understanding these concepts is essential for ensuring that applications can interact reliably, securely, and efficiently within an infrastructure.",https://roadmap.sh/network-engineer,https://www.youtube.com/watch?v=Wj0od2ag5sk,
devops-ftp-sftp,devops,Web & Networking Fundamentals,FTP / SFTP,,CORE,BRANCH,CORE,,,ALL,,1,MANUAL_ONLY,,,devops-networking-and-protocols,,"FTP (File Transfer Protocol) is a standard network protocol used to transfer computer files between a client and a server on a computer network. SFTP (SSH File Transfer Protocol) is a secure version of this process that uses the SSH (Secure Shell) protocol to encrypt both commands and data, ensuring that sensitive information remains protected from unauthorized access during transit.",https://www.fortinet.com/resources/cyberglossary/file-transfer-protocol-ftp-meaning,https://www.kiteworks.com/risk-compliance-glossary/sftp/,
devops-dns,devops,Web & Networking Fundamentals,DNS,,CORE,BRANCH,CORE,,,ALL,,1,MANUAL_ONLY,,,devops-networking-and-protocols,,"DNS, or Domain Name System, is a hierarchical naming system that functions like a phonebook for the internet by translating human-readable domain names, such as [www.example.com](http://www.example.com), into numerical IP addresses that computers use to identify each other on a network. When you enter a web address into a browser, the system queries various servers to locate the specific IP address associated with that domain, allowing your device to establish a connection with the correct server. This process eliminates the need for users to memorize complex strings of numbers, ensuring that network communication remains user-friendly and efficient.",http://www.example.com,https://www.cloudflare.com/en-gb/learning/dns/what-is-dns/,
devops-http,devops,Web & Networking Fundamentals,HTTP,,CORE,BRANCH,CORE,,,ALL,,1,MANUAL_ONLY,,,devops-networking-and-protocols,,"HTTP (Hypertext Transfer Protocol) is the foundational protocol used for transmitting data across the web, enabling communication between web browsers and servers. It operates on a request-response model where a client sends a request to a server, and the server returns a response containing the requested resource or a status code. By utilizing methods like GET, POST, PUT, and DELETE, it standardizes how information is exchanged, formatted, and identified throughout the internet.",https://cs.fyi/guide/http-in-depth,https://www.cloudflare.com/en-gb/learning/ddos/glossary/hypertext-transfer-protocol-http/,
devops-https,devops,Web & Networking Fundamentals,HTTPS,,CORE,BRANCH,CORE,,,ALL,,1,MANUAL_ONLY,,,devops-networking-and-protocols,,"HTTPS (Hypertext Transfer Protocol Secure) is an extension of the HTTP protocol that uses encryption to provide secure communication over a computer network. It works by layering the HTTP protocol over the TLS (Transport Layer Security) or SSL (Secure Sockets Layer) protocol, which encrypts data packets to ensure that information exchanged between a web browser and a server remains private and tamper-proof. By using digital certificates, HTTPS also authenticates the identity of the website, protecting users from attackers trying to intercept sensitive data like login credentials or payment details.",https://www.cloudflare.com/en-gb/learning/ssl/what-is-https/,https://developers.google.com/web/fundamentals/security/encrypt-in-transit/why-https,
devops-ssl-tls,devops,Web & Networking Fundamentals,SSL / TLS,,CORE,BRANCH,CORE,,,ALL,,1,MANUAL_ONLY,,,devops-networking-and-protocols,,"Secure Sockets Layer (SSL) and Transport Layer Security (TLS) are cryptographic protocols used to provide security in internet communications. These protocols encrypt the data that is transmitted over the web, so anyone who tries to intercept packets will not be able to interpret the data. One difference that is important to know is that SSL is now deprecated due to security flaws, and most modern web browsers no longer support it. But TLS is still secure and widely supported, so prefer to use TLS.",https://www.cloudflare.com/learning/ssl/what-is-ssl/,https://www.cloudflare.com/en-gb/learning/ssl/transport-layer-security-tls/,
devops-ssh,devops,Web & Networking Fundamentals,SSH,,CORE,BRANCH,CORE,,,ALL,,1,MANUAL_ONLY,,,devops-networking-and-protocols,,"SSH (Secure Shell) is a cryptographic network protocol used to securely access and manage remote machines over an unsecured network. It provides encrypted communication, ensuring confidentiality and integrity, and allows for secure file transfers, command execution, and tunneling. SSH is widely used for remote administration of servers, cloud infrastructure, and networking devices, typically employing key-based authentication or passwords. Tools like OpenSSH are commonly used to establish SSH connections, providing a secure alternative to older, less secure protocols like Telnet.",https://www.ssh.com/academy/ssh/protocol,https://www.baeldung.com/cs/ssh-intro,
devops-osi-model,devops,Web & Networking Fundamentals,OSI Model,,CORE,BRANCH,CORE,,,ALL,,1,MANUAL_ONLY,,,devops-networking-and-protocols,,"The OSI (Open Systems Interconnection) model is a conceptual framework that standardizes the functions of a telecommunication or computing system into seven abstraction layers. These layers, from bottom to top, are: Physical, Data Link, Network, Transport, Session, Presentation, and Application. Each layer serves a specific purpose in the process of data communication, with lower layers handling more hardware-oriented tasks and upper layers dealing with software and user-interface aspects. The model helps in understanding how data moves through a network, troubleshooting network issues, and designing network protocols and hardware. While not strictly adhered to in real-world implementations, the OSI model remains a valuable educational tool and reference point for network engineers and developers, providing a common language for discussing network operations and architecture.",https://www.cloudflare.com/en-gb/learning/ddos/glossary/open-systems-interconnection-model-osi/,https://www.youtube.com/watch?v=dV8mjZd1OtU,
devops-email-protocols,devops,Web & Networking Fundamentals,Email Protocols,,CORE,BRANCH,CORE,,,ALL,,1,MANUAL_ONLY,,,devops-networking-and-protocols,,"Email protocols and related standards define how mail servers send, receive, and authenticate email, and how spam and spoofing are mitigated. DevOps engineers may need to configure and troubleshoot these when managing mail infrastructure.",https://en.wikipedia.org/wiki/Email,,
devops-white-grey-listing,devops,,White / Grey Listing,,CORE,BRANCH,CORE,,,ALL,,1,MANUAL_ONLY,,,devops-email-protocols,,"White listing is a security practice that involves creating a list of trusted entities, such as IP addresses or applications, that are explicitly permitted to access a network or system while blocking everything else by default. In contrast, grey listing is a temporary restriction method that rejects requests from unknown or suspicious sources, forcing them to retry before gaining access to ensure they are legitimate. Together, these techniques help filter traffic, reduce the attack surface, and prevent unauthorized connections from reaching sensitive infrastructure.",https://en.wikipedia.org/wiki/Greylisting_(email,https://www.youtube.com/watch?v=ljtU6I0sIiw,
devops-smtp,devops,,SMTP,,CORE,BRANCH,CORE,,,ALL,,1,MANUAL_ONLY,,,devops-email-protocols,,"Simple Mail Transfer Protocol (SMTP) is a standard communication protocol used for sending and relaying electronic mail between servers. It operates on a client-server model where a client sends an email message to a mail server, which then uses the protocol to route the message to the recipient's mail server. SMTP primarily handles the outgoing transmission of messages, while other protocols like IMAP or POP3 are typically used to retrieve incoming emails from a server.",https://www.cloudflare.com/learning/email-security/what-is-smtp,https://en.wikipedia.org/wiki/Simple_Mail_Transfer_Protocol,
devops-dmarc,devops,,DMARC,,CORE,BRANCH,CORE,,,ALL,,1,MANUAL_ONLY,,,devops-email-protocols,,"DMARC (Domain-based Message Authentication, Reporting, and Conformance) is an email authentication protocol that helps protect a domain from being used for email spoofing and phishing attacks. It works by building upon the existing SPF (Sender Policy Framework) and DKIM (DomainKeys Identified Mail) standards to provide instructions to receiving mail servers on how to handle emails that fail authentication. By publishing a DMARC policy in their DNS records, domain owners can specify whether suspicious emails should be delivered, marked as spam, or rejected entirely, while also receiving reports about mail flow and potential security threats.",https://dmarc.org/,https://www.youtube.com/watch?v=zLxJLKf-ua8,
devops-imap,devops,,IMAP,,CORE,BRANCH,CORE,,,ALL,,1,MANUAL_ONLY,,,devops-email-protocols,,"IMAP (Internet Message Access Protocol) is a standard email protocol used by email clients to retrieve messages from a mail server over a TCP/IP connection. It allows users to access and manage their emails directly on the server, meaning messages remain synchronized across multiple devices. Because it stores mail on the server rather than downloading it locally, it provides a centralized way to organize folders, search content, and view the status of emails from anywhere.",https://en.wikipedia.org/wiki/Internet_Message_Access_Protocol,https://www.youtube.com/watch?v=gLNOVbcyWbI,
devops-spf,devops,,SPF,,CORE,BRANCH,CORE,,,ALL,,1,MANUAL_ONLY,,,devops-email-protocols,,"Sender Policy Framework (SPF) is used to authenticate the sender of an email. With an SPF record in place, Internet Service Providers can verify that a mail server is authorized to send email for a specific domain. An SPF record is a DNS TXT record containing a list of the IP addresses that are allowed to send email on behalf of your domain.",https://www.cloudflare.com/learning/dns/dns-records/dns-spf-record/,https://www.youtube.com/watch?v=5HG8xJ2lWuc,
devops-pop3s,devops,,POP3S,,CORE,BRANCH,CORE,,,ALL,,1,MANUAL_ONLY,,,devops-email-protocols,,"POP3 (port 110) or POP3s (port 995) stands for The Post Office Protocol. It's an Internet standard protocol used by local email software clients to retrieve emails from a remote mail server over a TCP/IP connection. Email servers hosted by Internet service providers also use POP3 to receive and hold emails intended for their subscribers. Periodically, these subscribers will use email client software to check their mailbox on the remote server and download any emails addressed to them. Once the email client has downloaded the emails, they are usually deleted from the server, although some email clients allow users to specify that mails be copied or saved on the server for a period of time.",https://www.techtarget.com/whatis/definition/POP3-Post-Office-Protocol-3,https://www.youtube.com/watch?v=gLNOVbcyWbI,
devops-domain-keys,devops,,Domain Keys,,CORE,BRANCH,CORE,,,ALL,,1,MANUAL_ONLY,,,devops-email-protocols,,"DomainKeys is an email authentication system designed to verify that an email message was sent by an authorized sender and has not been altered during transit. It works by attaching a digital signature to the header of an email, which the receiving mail server can then cryptographically validate using a public key published in the sender's DNS records. This process helps prevent email spoofing and ensures that the integrity of the message remains intact from the source to the destination.",https://www.brainkart.com/article/DomainKeys-Identified-Mail_8493/,https://www.youtube.com/watch?v=IBhO0akhMlQ,
devops-cloud-providers,devops,Cloud Providers,Cloud Providers,9,CORE,MAIN,CORE,,,CHOOSE_ONE,1,3,EVIDENCE_ALLOWED,65,"cloud,providers,aws,azure,gcp,hosting",,devops-networking-and-protocols,"Cloud providers provide a layer of APIs to abstract infrastructure and provision it based on security and billing boundaries. The cloud runs on servers in data centers, but the abstractions cleverly give the appearance of interacting with a single ?platform? or large application. The ability to quickly provision, configure, and secure resources with cloud providers has been key to both the tremendous success and complexity of modern DevOps.",https://www.techtarget.com/searchitchannel/definition/cloud-service-provider-cloud-provider,https://www.redhat.com/en/topics/cloud-computing/what-are-cloud-providers,
devops-aws,devops,AWS,AWS,,CORE,BRANCH,ALTERNATIVE,,,ALL,,1,EVIDENCE_ALLOWED,65,aws,devops-cloud-providers,,"Amazon Web Services has been the market-leading cloud computing platform since 2011, ahead of Azure and Google Cloud. AWS offers over 200 services with data centers located all over the globe. AWS is an online platform that provides scalable and cost-effective cloud computing solutions. It is a broadly adopted cloud platform that offers several on-demand operations like compute power, database storage, content delivery, and so on.",https://roadmap.sh/aws,https://www.youtube.com/watch?v=zA8guDqfv40,
devops-azure,devops,Azure,Azure,,CORE,BRANCH,ALTERNATIVE,,,ALL,,1,EVIDENCE_ALLOWED,65,azure,devops-cloud-providers,,"Azure is a comprehensive cloud computing platform offered by Microsoft that provides a wide range of services including computing, analytics, storage, and networking. It allows users to build, deploy, and manage applications through a global network of data centers. Organizations use this platform to host their infrastructure, run virtual machines, and integrate various cloud-native tools to support their development and operational workflows.",https://azure.microsoft.com/en-us/,https://www.youtube.com/watch?v=5abffC-K40c,
devops-google-cloud,devops,Google Cloud Platform (GCP),Google Cloud,,CORE,BRANCH,ALTERNATIVE,,,ALL,,1,EVIDENCE_ALLOWED,65,"gcp,google cloud,google cloud platform,google cloud platform (gcp)",devops-cloud-providers,,"Google Cloud is a suite of cloud computing services offered by Google that runs on the same infrastructure used internally for its end-user products, such as Google Search and YouTube. It provides a wide range of modular services including computing, data storage, data analytics, and machine learning, allowing developers to build, test, and deploy applications in a highly scalable and reliable environment.",https://cloud.google.com/,https://thenewstack.io/5-tips-to-become-a-google-cloud-certified-professional-architect/,
devops-digital-ocean,devops,Cloud Providers,Digital Ocean,,CORE,BRANCH,ALTERNATIVE,,,ALL,,1,EVIDENCE_ALLOWED,65,"cloud providers,digital ocean",devops-cloud-providers,,"DigitalOcean is a cloud infrastructure provider that offers simple, affordable, and developer-friendly virtual private servers, known as ""Droplets."" It focuses on providing straightforward cloud computing services, including virtual machines, managed databases, object storage, and Kubernetes clusters. DigitalOcean is known for its user-friendly interface, transparent pricing, and extensive documentation, making it popular among developers, startups, and small to medium-sized businesses. The platform emphasizes simplicity and performance, offering features like one-click applications, team management, and a robust API for automation. While not as feature-rich as some larger cloud providers, DigitalOcean's streamlined approach and competitive pricing make it an attractive option for those seeking uncomplicated cloud infrastructure solutions.",https://www.digitalocean.com/,https://www.youtube.com/watch?v=cJKdo-glRD0,
devops-hetzner,devops,Cloud Providers,Hetzner,,CORE,BRANCH,ALTERNATIVE,,,ALL,,1,EVIDENCE_ALLOWED,65,"cloud providers,hetzner",devops-cloud-providers,,"Hetzner is a professional web hosting provider and data center operator that offers a variety of infrastructure solutions, including dedicated servers, cloud instances, and colocation services. It provides users with high-performance hardware at competitive prices, making it a popular choice for hosting applications, databases, and development environments. Through its platform, you can provision virtual machines and manage networking resources to support scalable and reliable computing architectures.",https://www.hetzner.com/,https://runcloud.io/blog/hetzner,
devops-render,devops,Cloud Providers,Render,,CORE,BRANCH,ALTERNATIVE,,,ALL,,1,EVIDENCE_ALLOWED,65,"cloud providers,render",devops-cloud-providers,,"Render is a unified cloud platform that lets developers build, deploy, and scale web apps, APIs, and background workers without managing complex infrastructure, offering a modern alternative to traditional cloud providers.",https://render.com/,,
devops-alibaba-cloud,devops,Cloud Providers,Alibaba Cloud,,CORE,BRANCH,ALTERNATIVE,,,ALL,,1,EVIDENCE_ALLOWED,65,"alibaba cloud,cloud providers",devops-cloud-providers,,"Alibaba Cloud is a global cloud computing platform that provides a comprehensive suite of services, including elastic computing, database management, networking, and security solutions. It operates a vast infrastructure of data centers worldwide, allowing businesses to deploy applications, store data, and scale their resources on demand. Users can access these services through a pay-as-you-go model, utilizing tools like Elastic Compute Service (ECS) for virtual servers and Object Storage Service (OSS) for scalable data storage.",https://www.alibabacloud.com/,https://www.alibabacloud.com/getting-started,
devops-heroku,devops,Cloud Providers,Heroku,,CORE,BRANCH,ALTERNATIVE,,,ALL,,1,EVIDENCE_ALLOWED,65,"cloud providers,heroku",devops-cloud-providers,,"Heroku is a cloud platform as a service (PaaS) that enables developers to build, run, and scale applications entirely in the cloud. It manages the underlying infrastructure and servers, allowing you to deploy code using standard Git commands while it automatically handles tasks like environment configuration, scaling, and database management. By abstracting away the complexities of server maintenance and networking, it provides a streamlined workflow for getting web applications from development to a live, public environment quickly.",https://www.heroku.com/,https://www.youtube.com/watch?v=IB0V8wWsCsc,
devops-serverless,devops,Serverless Computing,Serverless,10,PRACTICAL,MAIN,CORE,,,CHOOSE_ONE,1,3,EVIDENCE_ALLOWED,65,"serverless,functions,faas,lambda",,devops-cloud-providers,"Serverless is a cloud-computing execution model where the cloud provider dynamically manages the infrastructure, allowing developers to focus solely on writing code. In this model, resources are automatically allocated and scaled based on demand, and billing is based on actual usage rather than pre-purchased capacity. Serverless architectures are often used for event-driven workloads and microservices, improving development efficiency and reducing operational overhead. Popular platforms for serverless computing include AWS Lambda, Azure Functions, and Google Cloud Functions.",https://www.redhat.com/en/topics/cloud-native-apps/what-is-serverless,https://www.youtube.com/watch?v=vxJobGtqKVM,
devops-aws-lambda,devops,Serverless Computing,AWS Lambda,,PRACTICAL,BRANCH,ALTERNATIVE,,,ALL,,1,EVIDENCE_ALLOWED,65,"aws lambda,serverless computing",devops-serverless,,"AWS Lambda is a serverless compute service that allows you to run code without provisioning or managing servers. It automatically scales, executes code in response to triggers, and charges only for the compute time consumed. Lambda supports multiple programming languages and integrates seamlessly with other AWS services, making it ideal for building microservices, automating tasks, and processing data streams with minimal operational overhead.",https://docs.aws.amazon.com/lambda/latest/operatorguide/intro.html,https://www.youtube.com/watch?v=RtiWU1DrMaM,
devops-cloudflare,devops,Serverless Computing,Cloudflare,,PRACTICAL,BRANCH,ALTERNATIVE,,,ALL,,1,EVIDENCE_ALLOWED,65,"cloudflare,serverless computing",devops-serverless,,"Cloudflare is a internet company that provides a range of services to help protect and accelerate websites and applications. At its core, Cloudflare is a content delivery network (CDN) and a reverse proxy cloud provider. This means that it acts as an intermediary between a website's origin server and its visitors, caching content and filtering out malicious traffic. Cloudflare was founded in July 2009 by Matthew Prince, Lee Holloway, and Michelle Zatlyn. The company was venture-capital funded and submitted its S-1 filing for IPO on the New York Stock Exchange in August 2019. It opened for public trading on September 13, 2019, at $15 per share.",https://roadmap.sh/cloudflare,https://cloudflare.com/,
devops-azure-functions,devops,Serverless Computing,Azure Functions,,PRACTICAL,BRANCH,ALTERNATIVE,,,ALL,,1,EVIDENCE_ALLOWED,65,"azure functions,serverless computing",devops-serverless,,"Azure Functions is a serverless compute service in Microsoft Azure that enables developers to run event-triggered code without managing infrastructure. It supports multiple programming languages and integrates seamlessly with other Azure services, allowing for scalable, on-demand execution of small, focused pieces of code. Azure Functions automatically scales based on demand, charges only for actual compute time used, and can be triggered by various events such as HTTP requests, timers, or changes in cloud services, making it ideal for microservices, data processing, and workflow automation tasks.",https://azure.microsoft.com/en-in/products/functions,https://learn.microsoft.com/en-us/azure/azure-functions/functions-overview,
devops-vercel,devops,Serverless Computing,Vercel,,PRACTICAL,BRANCH,ALTERNATIVE,,,ALL,,1,EVIDENCE_ALLOWED,65,"serverless computing,vercel",devops-serverless,,"Vercel is a provider of front-end cloud that provides the infrastructure to build, scale, and secure a faster, more personalized web. In other words, it is a cloud platform designed to simplify the deployment process for web applications, particularly those built with modern frameworks like React, Next, etc. where various projects can be deployed by connecting the GitHub repository in Vercel we can deploy the selected GitHub branch to the Vercel domains. Simultaneously, it provides custom domains to deploy code on live servers. These servers contain the `vercel.app` as the suffix in the domain.",https://vercel.com/,https://vercel.com/docs,
devops-netlify,devops,Serverless Computing,Netlify,,PRACTICAL,BRANCH,ALTERNATIVE,,,ALL,,1,EVIDENCE_ALLOWED,65,"netlify,serverless computing",devops-serverless,,"Netlify Functions are serverless functions that allow developers to run server-side code in a JAMstack environment without managing servers. They are built on AWS Lambda and automatically deploy alongside your Netlify site. These functions can handle tasks like API requests, form submissions, and database operations, enabling dynamic functionality in static sites. They support various languages including JavaScript, TypeScript, and Go. Netlify Functions integrate seamlessly with Netlify's deployment pipeline, offering easy development, testing, and production deployment.",https://docs.netlify.com/platform/primitives/#functions,https://www.netlify.com/blog/introducing-netlify-functions-2-0/,
devops-gcp-functions,devops,Serverless Computing,GCP Functions,,PRACTICAL,BRANCH,ALTERNATIVE,,,ALL,,1,EVIDENCE_ALLOWED,65,"gcp functions,serverless computing",devops-serverless,,"GCP Functions is a serverless execution environment that allows you to run your code in the cloud without the need to provision or manage underlying server infrastructure. It automatically scales based on the incoming request volume and executes your functions in response to specific events, such as HTTP requests, file uploads to cloud storage, or messages from a pub/sub queue. You only pay for the resources consumed during the actual execution time, making it a cost-effective solution for building event-driven applications and microservices.",https://cloud.google.com/functions/docs/concepts/overview,https://antonputra.com/google/google-cloud-functions-tutorial/,
devops-provisioning,devops,Infrastructure as Code (IaC),Provisioning,11,PRACTICAL,MAIN,CORE,,,CHOOSE_ONE,1,3,EVIDENCE_ALLOWED,65,"provisioning,infrastructure,as,code,iac",,devops-serverless,"Provisioning is the process of setting up and configuring the infrastructure, software, and services required to make a system ready for use. It involves automating the deployment of servers, databases, and network components so that environments can be created consistently and efficiently. By using code to define these resources, teams can ensure that their infrastructure is reproducible, scalable, and quickly available whenever needed.",https://www.redhat.com/en/topics/automation/what-is-provisioning,https://www.ibm.com/topics/provisioning,
devops-aws-cdk,devops,Infrastructure as Code (IaC),AWS CDK,,PRACTICAL,BRANCH,ALTERNATIVE,,,ALL,,1,EVIDENCE_ALLOWED,65,"aws cdk,iac,infrastructure as code,infrastructure as code (iac)",devops-provisioning,,"The AWS Cloud Development Kit (AWS CDK) is an open-source software development framework used to provision cloud infrastructure resources in a safe, repeatable manner through AWS CloudFormation. AWS CDK offers the flexibility to write infrastructure as code in popular languages like JavaScript, TypeScript, Python, Java, C#, and Go.",https://www.youtube.com/watch?v=D4Asp5g4fp8,https://aws.amazon.com/cdk/,
devops-cloudformation,devops,Infrastructure as Code (IaC),CloudFormation,,PRACTICAL,BRANCH,ALTERNATIVE,,,ALL,,1,EVIDENCE_ALLOWED,65,"cloudformation,iac,infrastructure as code,infrastructure as code (iac)",devops-provisioning,,"CloudFormation is an infrastructure-as-code service that allows you to define and provision AWS cloud resources using templates written in JSON or YAML. By describing your desired state in a text file, the service automatically handles the creation, updating, and deletion of the necessary resources in the correct order. This approach enables you to manage your infrastructure as version-controlled code, ensuring that your environment deployments are consistent, repeatable, and easily scalable.",https://aws.amazon.com/cloudformation/,https://www.youtube.com/watch?v=fmDG-W5TFp4,
devops-pulumi,devops,Infrastructure as Code (IaC),Pulumi,,PRACTICAL,BRANCH,ALTERNATIVE,,,ALL,,1,EVIDENCE_ALLOWED,65,"iac,infrastructure as code,infrastructure as code (iac),pulumi",devops-provisioning,,"Pulumi is an open-source infrastructure-as-code tool that allows you to create, deploy, and manage cloud infrastructure using familiar programming languages like Python, JavaScript, TypeScript, Go, and C#. It enables developers to utilize standard software engineering practices such as loops, conditionals, classes, and testing frameworks to define and provision cloud resources across various providers.",https://www.pulumi.com/,https://www.youtube.com/watch?v=Q8tw6YTD3ac,
devops-terraform,devops,Terraform,Terraform,,PRACTICAL,BRANCH,ALTERNATIVE,,,ALL,,1,EVIDENCE_ALLOWED,65,terraform,devops-provisioning,,"Terraform is an open-source infrastructure as code tool that allows you to define and manage your data center infrastructure using a declarative configuration language. By writing infrastructure requirements in human-readable files, you can automate the creation, update, and versioning of cloud resources across various providers. It maintains a state file to track the current configuration of your environment, ensuring that the deployed infrastructure matches the intended design defined in your code.",https://roadmap.sh/terraform,https://www.youtube.com/watch?v=7xngnjfIlK4,
devops-configuration-management,devops,Configuration Management & Automation,Configuration Management,12,PRACTICAL,MAIN,CORE,,,CHOOSE_ONE,1,3,EVIDENCE_ALLOWED,65,"configuration,management,automation,ansible,puppet",,devops-provisioning,"Configuration Management is the process of systematically handling changes to a system in a way that ensures it maintains its integrity over time. It involves automating the setup, maintenance, and versioning of software and infrastructure settings to ensure that environments remain consistent across development, testing, and production.",https://www.atlassian.com/microservices/microservices-architecture/configuration-management,https://www.redhat.com/en/topics/automation/what-is-configuration-management,
devops-chef,devops,Configuration Management & Automation,Chef,,PRACTICAL,BRANCH,ALTERNATIVE,,,ALL,,1,EVIDENCE_ALLOWED,65,"chef,configuration management & automation",devops-configuration-management,,"Chef is a configuration management tool that uses Ruby-based scripts called ""recipes"" and ""cookbooks"" to automate the process of configuring and maintaining servers. It follows a client-server architecture where nodes pull their configuration from a central Chef server, ensuring systems stay in their desired state.",https://www.chef.io/products/chef-infra,https://github.com/chef/chef,
devops-ansible,devops,Ansible,Ansible,,PRACTICAL,BRANCH,ALTERNATIVE,,,ALL,,1,EVIDENCE_ALLOWED,65,ansible,devops-configuration-management,,"Ansible is an open-source automation tool used for configuration management, application deployment, and task orchestration. It operates as an agentless system, connecting to remote servers via SSH or WinRM to execute tasks defined in human-readable YAML files called playbooks. It allows users to describe the desired state of a system, and the tool ensures the infrastructure matches that configuration automatically.",https://www.youtube.com/watch?v=9Ua2b06oAr4,https://www.ansible.com/,
devops-salt,devops,Configuration Management & Automation,Salt,,PRACTICAL,BRANCH,ALTERNATIVE,,,ALL,,1,EVIDENCE_ALLOWED,65,"configuration management & automation,salt",devops-configuration-management,,Salt is an open-source configuration management and remote execution tool. It uses a push and pull model to manage and automate the configuration of servers and applications. Salt allows you to define the desired state of your infrastructure and then automatically enforce that state across your systems.,https://docs.saltproject.io/salt/install-guide/en/latest/,https://docs.saltproject.io/en/latest/topics/tutorials/walkthrough.html,
devops-puppet,devops,Configuration Management & Automation,Puppet,,PRACTICAL,BRANCH,ALTERNATIVE,,,ALL,,1,EVIDENCE_ALLOWED,65,"configuration management & automation,puppet",devops-configuration-management,,Puppet is a configuration management tool that lets you define the desired state of your infrastructure using its own declarative language. It uses a client-server model where a Puppet agent runs on each managed node and periodically checks in with the Puppet master to apply any defined configurations.,https://www.youtube.com/watch?v=Ns_tRKD20c4,https://puppet.com/,
devops-ci-cd-tools,devops,CI/CD & Workflow Automation,CI / CD Tools,13,PRACTICAL,MAIN,CORE,,,CHOOSE_ONE,1,3,EVIDENCE_ALLOWED,65,"ci,cd,continuous,integration,deployment,pipeline",,devops-configuration-management,"CI/CD tools automate the process of building, testing, and deploying software. CI (Continuous Integration) focuses on automatically integrating code changes and running tests, while CD (Continuous Delivery/Deployment) takes that further by automating the release of validated code to staging or production environments.",https://www.atlassian.com/continuous-delivery/principles/continuous-integration-vs-delivery-vs-deployment,https://www.redhat.com/en/topics/devops/what-is-ci-cd,
devops-teamcity,devops,CI/CD & Workflow Automation,TeamCity,,PRACTICAL,BRANCH,ALTERNATIVE,,,ALL,,1,EVIDENCE_ALLOWED,65,"cd & workflow automation,ci,ci/cd & workflow automation,teamcity",devops-ci-cd-tools,,"TeamCity is a CI/CD server developed by JetBrains that automates building, testing, and deploying software. It offers a web-based interface, deep integration with version control systems, and strong support for a wide range of build tools and languages, making it popular in enterprise environments.",https://www.jetbrains.com/help/teamcity/teamcity-documentation.html,https://www.jetbrains.com/teamcity/tutorials/,
devops-jenkins,devops,CI/CD & Workflow Automation,Jenkins,,PRACTICAL,BRANCH,ALTERNATIVE,,,ALL,,1,EVIDENCE_ALLOWED,65,"cd & workflow automation,ci,ci/cd & workflow automation,jenkins",devops-ci-cd-tools,,"Jenkins is an open-source automation server widely used to build, test, and deploy software. It has a large ecosystem of plugins that integrate with virtually every tool in the development lifecycle, and supports both simple pipelines and complex distributed build configurations.",https://www.jenkins.io/,https://www.jenkins.io/doc/pipeline/tour/getting-started/,
devops-gitlab-ci,devops,CI/CD & Workflow Automation,GitLab CI,,PRACTICAL,BRANCH,ALTERNATIVE,,,ALL,,1,EVIDENCE_ALLOWED,65,"cd & workflow automation,ci,ci/cd & workflow automation,gitlab ci",devops-ci-cd-tools,,"GitLab CI is an integrated continuous integration and delivery platform within the GitLab ecosystem. It automates the process of building, testing, and deploying code changes through pipelines defined in YAML files. GitLab CI offers features like parallel execution, container registry integration, and auto-DevOps, enabling teams to implement robust CI/CD workflows directly from their GitLab repositories without additional tools or infrastructure.",https://gitlab.com/,https://docs.gitlab.com/,
devops-circle-ci,devops,CI/CD & Workflow Automation,Circle CI,,PRACTICAL,BRANCH,ALTERNATIVE,,,ALL,,1,EVIDENCE_ALLOWED,65,"cd & workflow automation,ci,ci/cd & workflow automation,circle ci",devops-ci-cd-tools,,"CircleCI is a cloud-based CI/CD platform that automates the software build, test, and deployment process. It uses a YAML configuration file to define pipelines and is known for its speed, parallelism support, and tight integration with GitHub and Bitbucket.",https://circleci.com/,https://www.youtube.com/watch?v=_XaYv9zvHUk,
devops-octopus-deploy,devops,CI/CD & Workflow Automation,Octopus Deploy,,PRACTICAL,BRANCH,ALTERNATIVE,,,ALL,,1,EVIDENCE_ALLOWED,65,"cd & workflow automation,ci,ci/cd & workflow automation,octopus deploy",devops-ci-cd-tools,,"Octopus Deploy is an automated deployment and release management server designed to simplify the process of pushing software updates to various environments. It allows teams to orchestrate complex deployments across multiple servers, cloud platforms, and on-premises infrastructure using a visual interface or command-line tools. By managing variables, configuration files, and deployment targets, it provides a structured way to track software versions and ensure consistent, repeatable releases.",https://octopus.com/docs,https://octopus.com/docs/getting-started,
devops-github-actions,devops,CI/CD & Workflow Automation,GitHub Actions,,PRACTICAL,BRANCH,ALTERNATIVE,,,ALL,,1,EVIDENCE_ALLOWED,65,"cd & workflow automation,ci,ci/cd & workflow automation,github actions",devops-ci-cd-tools,,"GitHub Actions is a CI/CD and automation platform built into GitHub. It lets you define workflows in YAML files that trigger on repository events, such as pushes or pull requests, to automatically build, test, and deploy your code without leaving the GitHub ecosystem.",https://docs.github.com/en/actions,https://octopus.com/devops/github-actions/?utm_source=roadmap&utm_medium=link&utm_campaign=devops-ci-cd-github-actions,
devops-secret-management,devops,Secrets Management,Secret Management,14,PRACTICAL,MAIN,CORE,,,CHOOSE_ONE,1,3,EVIDENCE_ALLOWED,65,"secret,management,vault,credentials,security",,devops-ci-cd-tools,"Secret management refers to the practices and tools used to securely store, access, and distribute sensitive information such as passwords, API keys, tokens, and certificates. Rather than hardcoding secrets in code or config files, secret management systems provide a controlled way to inject credentials into applications at runtime.",https://cs.fyi/guide/secret-management-best-practices,https://www.keepersecurity.com/blog/2023/01/26/why-devsecops-teams-need-secrets-management/,
devops-sealed-secrets,devops,Secrets Management,Sealed Secrets,,PRACTICAL,BRANCH,ALTERNATIVE,,,ALL,,1,EVIDENCE_ALLOWED,65,"sealed secrets,secrets management",devops-secret-management,,Sealed Secrets is a Kubernetes-focused tool developed by Bitnami that lets you encrypt Kubernetes secrets so they can be safely stored in version control. A controller running in the cluster holds the decryption key and is the only entity able to decrypt and create the actual secrets at runtime.,https://github.com/bitnami-labs/sealed-secrets,https://fluxcd.io/flux/guides/sealed-secrets/,
devops-eso,devops,Secrets Management,ESO,,PRACTICAL,BRANCH,ALTERNATIVE,,,ALL,,1,EVIDENCE_ALLOWED,65,"eso,secrets management",devops-secret-management,,"External Secrets Operator (ESO) is a Kubernetes operator that pulls secrets from external secret management systems, such as AWS Secrets Manager, Vault, or GCP Secret Manager, and automatically creates Kubernetes Secret objects from them. This allows teams to manage secrets in a central store while still making them available natively inside Kubernetes.",https://external-secrets.io/latest/,https://github.com/external-secrets/external-secrets,
devops-vault,devops,Secrets Management,Vault,,PRACTICAL,BRANCH,ALTERNATIVE,,,ALL,,1,EVIDENCE_ALLOWED,65,"secrets management,vault",devops-secret-management,,"Vault is a secrets management tool developed by HashiCorp that provides a secure, centralized store for sensitive data such as API keys, passwords, and certificates. It supports dynamic secrets, fine-grained access policies, secret leasing and renewal, and integrates with a wide range of cloud providers and authentication systems.",https://www.vaultproject.io/,https://github.com/hashicorp/vault,
devops-sops,devops,Secrets Management,SOPs,,PRACTICAL,BRANCH,ALTERNATIVE,,,ALL,,1,EVIDENCE_ALLOWED,65,"secrets management,sops",devops-secret-management,,"SOPS (Secrets OPerationS) is an open-source tool developed by Mozilla for encrypting the values within structured files such as YAML, JSON, and ENV files. It integrates with key management services like AWS KMS, GCP KMS, and PGP, allowing encrypted secrets to be safely committed to version control.",https://getsops.io,https://github.com/getsops/sops,
devops-cloud-specific-tools,devops,Secrets Management,Cloud Specific Tools,,PRACTICAL,BRANCH,ALTERNATIVE,,,ALL,,1,EVIDENCE_ALLOWED,65,"cloud specific tools,secrets management",devops-secret-management,,"Major cloud providers offer their own native secret management services, such as AWS Secrets Manager, Azure Key Vault, and GCP Secret Manager. These services allow applications running in those clouds to securely store and retrieve secrets with built-in access controls, audit logging, and automatic rotation capabilities.",https://aws.amazon.com/secrets-manager/,https://cloud.google.com/secret-manager,
devops-infrastructure-monitoring,devops,Infrastructure Monitoring,Infrastructure Monitoring,15,PRACTICAL,MAIN,CORE,,,CHOOSE_ONE,1,3,EVIDENCE_ALLOWED,65,"infrastructure,monitoring,metrics,alerting",,devops-secret-management,"Monitoring refers to the practice of making the performance and status of infrastructure visible. This section contains common tools used for monitoring. This is a very vendor-heavy space, use caution when studying materials exclusively from a given product or project, as there are many conflicting opinions and strategies in use. There is no single solution for the most substantially complex internet-facing applications, so understanding the pros and cons of these tools will be useful in helping you plan how to monitor a system for a given goal.",https://thenewstack.io/best-practices-to-optimize-infrastructure-monitoring-within-devops-teams/,https://thenewstack.io/seven-steps-to-effective-cloud-native-infrastructure-monitoring/,
devops-prometheus-infrastructure-monitoring,devops,Infrastructure Monitoring,Prometheus,,PRACTICAL,BRANCH,ALTERNATIVE,,,ALL,,1,EVIDENCE_ALLOWED,65,"infrastructure monitoring,prometheus",devops-infrastructure-monitoring,,"Prometheus is an open-source monitoring and alerting toolkit originally developed at SoundCloud. It collects metrics by scraping HTTP endpoints at defined intervals, stores them in a time-series database, and provides a powerful query language called PromQL to analyze and alert on that data.",https://prometheus.io/,https://www.youtube.com/watch?v=STVMGrYIlfg,
devops-grafana,devops,Infrastructure Monitoring,Grafana,,PRACTICAL,BRANCH,ALTERNATIVE,,,ALL,,1,EVIDENCE_ALLOWED,65,"grafana,infrastructure monitoring",devops-infrastructure-monitoring,,"Grafana is an open-source data visualization and dashboarding tool that connects to a wide range of data sources, including Prometheus, Elasticsearch, and cloud databases, to display metrics and logs in customizable, real-time dashboards. It is commonly paired with Prometheus for infrastructure and application monitoring.",https://grafana.com/,https://grafana.com/videos/,
devops-zabbix,devops,Infrastructure Monitoring,Zabbix,,PRACTICAL,BRANCH,ALTERNATIVE,,,ALL,,1,EVIDENCE_ALLOWED,65,"infrastructure monitoring,zabbix",devops-infrastructure-monitoring,,"Zabbix is an open-source enterprise monitoring platform that tracks the availability and performance of networks, servers, and applications. It supports agent-based and agentless monitoring, offers flexible alerting, and provides built-in visualization tools for tracking metrics over time.",https://www.zabbix.com/,https://www.zabbix.com/manuals,
devops-datadog-infrastructure-monitoring,devops,Infrastructure Monitoring,Datadog,,PRACTICAL,BRANCH,ALTERNATIVE,,,ALL,,1,EVIDENCE_ALLOWED,65,"datadog,infrastructure monitoring",devops-infrastructure-monitoring,,"Datadog is a monitoring and analytics platform for large-scale applications. It encompasses infrastructure monitoring, application performance monitoring, log management, and user-experience monitoring. Datadog aggregates data across your entire stack with 400 integrations for troubleshooting, alerting, and graphing.",https://www.datadoghq.com/,https://docs.datadoghq.com/,
devops-logs-management,devops,Log Management,Logs Management,16,ADVANCED,MAIN,CORE,,,CHOOSE_ONE,1,3,EVIDENCE_ALLOWED,65,"logs,logging,log,management,aggregation",,devops-infrastructure-monitoring,"Log management is the process of handling log events generated by all software applications and infrastructure on which they run. It involves log collection, aggregation, parsing, storage, analysis, search, archiving, and disposal, with the ultimate goal of using the data for troubleshooting and gaining business insights, while also ensuring the compliance and security of applications and infrastructure.",https://devops.com/log-management-what-devops-teams-need-to-know/,https://sematext.com/guides/log-management,
devops-papertrail,devops,Log Management,Papertrail,,ADVANCED,BRANCH,ALTERNATIVE,,,ALL,,1,EVIDENCE_ALLOWED,65,"log management,papertrail",devops-logs-management,,"Papertrail is a cloud-hosted log management service that aggregates logs from servers, applications, and network devices in real time. It offers a simple interface for tailing, searching, and archiving logs, and is popular for smaller teams looking for a straightforward hosted logging solution.",https://www.papertrail.com/solution/guides/,https://www.papertrail.com/blog/,
devops-splunk,devops,Log Management,Splunk,,ADVANCED,BRANCH,ALTERNATIVE,,,ALL,,1,EVIDENCE_ALLOWED,65,"log management,splunk",devops-logs-management,,"Splunk is a data platform for searching, monitoring, and analyzing machine-generated data, including logs, metrics, and events. It is widely used in enterprise environments for security monitoring, IT operations, and business analytics, offering powerful search capabilities and a rich ecosystem of apps and integrations.",https://docs.splunk.com/Documentation,https://www.splunk.com/en_us/resources/videos.html,
devops-loki,devops,Log Management,Loki,,ADVANCED,BRANCH,ALTERNATIVE,,,ALL,,1,EVIDENCE_ALLOWED,65,"log management,loki",devops-logs-management,,"Loki is a log aggregation system developed by Grafana Labs, designed to be cost-effective and easy to operate. Unlike other log systems, it indexes only metadata labels rather than the full log content, making it lightweight and well-suited for use alongside Prometheus and Grafana.",https://grafana.com/oss/loki/,https://grafana.com/docs/loki/latest/?pg=oss-loki&plcmt=quick-links,
devops-elastic-stack,devops,Log Management,Elastic Stack,,ADVANCED,BRANCH,ALTERNATIVE,,,ALL,,1,EVIDENCE_ALLOWED,65,"elastic stack,log management",devops-logs-management,,"The Elastic Stack (formerly known as the ELK Stack) is a collection of open-source tools ? Elasticsearch, Logstash, and Kibana ? used together for searching, analyzing, and visualizing log and event data at scale. Elasticsearch stores and indexes the data, Logstash ingests and transforms it, and Kibana provides the visualization layer.",https://roadmap.sh/elasticsearch,https://www.elastic.co/elastic-stack/,
devops-graylog,devops,Log Management,Graylog,,ADVANCED,BRANCH,ALTERNATIVE,,,ALL,,1,EVIDENCE_ALLOWED,65,"graylog,log management",devops-logs-management,,"Graylog is an open-source log management platform that collects, indexes, and analyzes log data from a variety of sources. It provides a web interface for searching and visualizing logs, supports alerting based on log patterns, and is built on top of MongoDB and Elasticsearch.",https://www.graylog.org/,https://www.graylog.org/resources-videos,
devops-container-orchestration,devops,Container Orchestration,Container Orchestration,17,ADVANCED,MAIN,CORE,,,CHOOSE_ONE,1,3,EVIDENCE_ALLOWED,65,"container,orchestration,kubernetes,scheduling",,devops-logs-management,"Container orchestration refers to the automated management of containerized applications across clusters of machines. It handles tasks such as scheduling containers, scaling workloads up and down, managing networking between containers, and ensuring that failed containers are automatically restarted.",https://www.redhat.com/en/topics/containers/what-is-container-orchestration,https://kubernetes.io/docs/tutorials/kubernetes-basics/,
devops-gke-eks-aks,devops,Container Orchestration,GKE / EKS / AKS,,ADVANCED,BRANCH,ALTERNATIVE,,,ALL,,1,EVIDENCE_ALLOWED,65,"aks,container orchestration,eks,gke,gke / eks / aks,kubernetes",devops-container-orchestration,,"GKE (Google Kubernetes Engine), EKS (Amazon Elastic Kubernetes Service), and AKS (Azure Kubernetes Service) are managed Kubernetes offerings from the three major cloud providers. They handle the provisioning and maintenance of the Kubernetes control plane, letting teams focus on deploying and managing their workloads without operating the underlying cluster infrastructure.",https://cloud.google.com/kubernetes-engine,https://aws.amazon.com/eks/,
devops-aws-ecs-fargate,devops,Container Orchestration,AWS ECS / Fargate,,ADVANCED,BRANCH,ALTERNATIVE,,,ALL,,1,EVIDENCE_ALLOWED,65,"aws,aws ecs,aws ecs / fargate,container orchestration,ecs,fargate",devops-container-orchestration,,"ECS is a container orchestration service that allows you to run Docker containers on a cluster of EC2 instances. ECS is a good choice if you want to run Docker containers on EC2 instances and have full control over the underlying infrastructure. Fargate is a serverless container orchestration service that allows you to run Docker containers without having to manage servers, clusters, or any other infrastructure. Fargate is a good choice if you want to run Docker containers without having to manage servers or clusters.",https://docs.aws.amazon.com/AmazonECS/latest/developerguide/AWS_Fargate.html,https://docs.aws.amazon.com/ecs/,
devops-docker-swarm,devops,Container Orchestration,Docker Swarm,,ADVANCED,BRANCH,ALTERNATIVE,,,ALL,,1,EVIDENCE_ALLOWED,65,"container orchestration,docker swarm",devops-container-orchestration,,"A Docker Swarm is a group of either physical or virtual machines that are running the Docker application and that have been configured to join together in a cluster. Once a group of machines have been clustered together, you can still run the Docker commands that you're used to, but they will now be carried out by the machines in your cluster. The activities of the cluster are controlled by a swarm manager, and machines that have joined the cluster are referred to as nodes.",https://docs.docker.com/engine/swarm/,https://thenewstack.io/tutorial-manage-docker-swarm-with-portainer/,
devops-kubernetes,devops,Kubernetes,Kubernetes,,ADVANCED,BRANCH,ALTERNATIVE,,,ALL,,1,EVIDENCE_ALLOWED,65,kubernetes,devops-container-orchestration,,"Kubernetes is an open-source container orchestration platform originally developed by Google. It automates the deployment, scaling, and management of containerized applications across clusters of nodes, and has become the de facto standard for running containers in production environments.",https://roadmap.sh/kubernetes,https://kubernetes.io/,
devops-openshift,devops,Container Orchestration,OpenShift,,ADVANCED,BRANCH,ALTERNATIVE,,,ALL,,1,EVIDENCE_ALLOWED,65,"container orchestration,openshift",devops-container-orchestration,,"OpenShift is a platform as a service (PaaS) built around Docker containers and the Kubernetes container orchestration system. It provides a comprehensive environment for developing, deploying, and managing containerized applications. OpenShift adds developer-centric tools and features on top of Kubernetes to streamline the application lifecycle, including automated builds, deployments, scaling, and health management.",https://www.redhat.com/en/technologies/cloud-computing/openshift,https://www.youtube.com/watch?v=hnYDrVl-Mzw,
devops-observability,devops,Observability,Observability,18,ADVANCED,MAIN,CORE,,,CHOOSE_ONE,1,3,EVIDENCE_ALLOWED,65,"observability,tracing,metrics,logs,telemetry",,devops-container-orchestration,"Observability is the ability to understand the internal state of a system by examining the data it produces, such as primarily logs, metrics, and traces, often referred to as the ""three pillars of observability."" A highly observable system makes it easier to diagnose unexpected behavior, track performance over time, and understand how different components interact.",https://thenewstack.io/applying-basic-vs-advanced-monitoring-techniques/,https://www.youtube.com/watch?v=PHcnmTdVPT0,
devops-jaeger,devops,Observability,Jaeger,,ADVANCED,BRANCH,ALTERNATIVE,,,ALL,,1,EVIDENCE_ALLOWED,65,"jaeger,observability",devops-observability,,"Jaeger is an open-source distributed tracing platform originally developed by Uber. It tracks requests as they flow through microservices, capturing timing and dependency information to help engineers identify latency bottlenecks and understand how services interact with each other.",https://www.jaegertracing.io/,https://www.jaegertracing.io/docs/latest,
devops-new-relic,devops,Observability,New Relic,,ADVANCED,BRANCH,ALTERNATIVE,,,ALL,,1,EVIDENCE_ALLOWED,65,"new relic,observability",devops-observability,,"New Relic is a cloud-based observability platform that provides monitoring for applications, infrastructure, and user experience in a single interface. It offers APM (Application Performance Monitoring), distributed tracing, log management, and dashboards, and is widely used by engineering teams to diagnose performance issues across complex systems.",https://newrelic.com/,https://www.youtube.com/watch?v=8kx7nRGVJRg,
devops-datadog-observability,devops,Observability,Datadog,,ADVANCED,BRANCH,ALTERNATIVE,,,ALL,,1,EVIDENCE_ALLOWED,65,"datadog,observability",devops-observability,,"Datadog is a monitoring and analytics platform for large-scale applications. It encompasses infrastructure monitoring, application performance monitoring, log management, and user-experience monitoring. Datadog aggregates data across your entire stack with 400 integrations for troubleshooting, alerting, and graphing.",https://www.datadoghq.com/,https://docs.datadoghq.com/,
devops-prometheus-observability,devops,Observability,Prometheus,,ADVANCED,BRANCH,ALTERNATIVE,,,ALL,,1,EVIDENCE_ALLOWED,65,"observability,prometheus",devops-observability,,"Prometheus is a free software application used for event monitoring and alerting. It records real-time metrics in a time series database built using a HTTP pull model, with flexible queries and real-time alerting.",https://prometheus.io/,https://prometheus.io/docs/introduction/overview/,
devops-opentelemetry,devops,Observability,OpenTelemetry,,ADVANCED,BRANCH,ALTERNATIVE,,,ALL,,1,EVIDENCE_ALLOWED,65,"observability,opentelemetry",devops-observability,,"OpenTelemetry is an open-source observability framework that provides standardized APIs, SDKs, and tools for collecting traces, metrics, and logs from applications. It is vendor-neutral and supported by most major observability platforms, making it the emerging standard for instrumenting cloud-native applications.",https://opentelemetry.io/,https://opentelemetry.io/docs/,
devops-dynatrace,devops,Observability,Dynatrace,,ADVANCED,BRANCH,ALTERNATIVE,,,ALL,,1,EVIDENCE_ALLOWED,65,"dynatrace,observability",devops-observability,,"Dynatrace is an AI-powered observability and application performance monitoring platform. It automatically discovers and maps all components of your environment, collects metrics, traces, and logs, and uses its AI engine (called Davis) to detect anomalies and identify root causes without requiring manual configuration.",https://docs.dynatrace.com/docs,https://www.youtube.com/watch?v=qo6vjyE-Ak0,
devops-artifact-management,devops,Artifact Management,Artifact Management,19,ADVANCED,MAIN,CORE,,,CHOOSE_ONE,1,3,EVIDENCE_ALLOWED,65,"artifact,management,registry,packages",,devops-observability,"Artifact management refers to the storage, versioning, and distribution of build artifacts, such as compiled binaries, container images, libraries, and packages, produced during the software development lifecycle. A dedicated artifact repository ensures that build outputs are reliably stored, traceable, and available for deployment across different environments.",https://docs.oracle.com/en-us/iaas/Content/devops/using/artifacts.htm,https://support.atlassian.com/bitbucket-cloud/docs/use-artifacts-in-steps/,
devops-artifactory,devops,Artifact Management,Artifactory,,ADVANCED,BRANCH,ALTERNATIVE,,,ALL,,1,EVIDENCE_ALLOWED,65,"artifact management,artifactory",devops-artifact-management,,"Artifactory is a universal artifact repository manager developed by JFrog that supports virtually every major package format. It integrates deeply with CI/CD tools, provides fine-grained access controls, and includes features like artifact promotion across environments, dependency caching, and vulnerability scanning.",https://jfrog.com/artifactory/,https://www.youtube.com/watch?v=LoTyOSCssvM,
devops-nexus,devops,Artifact Management,Nexus,,ADVANCED,BRANCH,ALTERNATIVE,,,ALL,,1,EVIDENCE_ALLOWED,65,"artifact management,nexus",devops-artifact-management,,"The Nexus Repository Manager is a widely used repository manager software developed by Sonatype. It's designed to manage binary components such as Java libraries, Docker images, npm packages, NuGet packages, and more. Nexus Repository Manager allows organizations to store, manage, and distribute software components securely and efficiently.",https://help.sonatype.com/en/using-nexus-repository.html,https://help.sonatype.com/repomanager3/nexus-repository-best-practices,
devops-cloud-smith,devops,Artifact Management,Cloud Smith,,ADVANCED,BRANCH,ALTERNATIVE,,,ALL,,1,EVIDENCE_ALLOWED,65,"artifact management,cloud smith",devops-artifact-management,,"Cloudsmith is a cloud-native artifact management service that supports a wide range of package formats, including Docker images, npm, PyPI, Maven, and more. It provides a centralized, hosted repository for storing and distributing artifacts with fine-grained access controls and integration with popular CI/CD pipelines.",https://cloudsmith.com/,https://cloudsmith.com/product/,
devops-gitops,devops,GitOps,GitOps,20,ADVANCED,MAIN,CORE,,,CHOOSE_ONE,1,3,EVIDENCE_ALLOWED,65,"gitops,continuous,delivery,argocd,fluxcd",,devops-artifact-management,"GitOps is a way of managing infrastructure and application deployments by storing the desired state in a Git repository and using automation to apply changes. It treats Git as the single source of truth, so updates are made by committing changes to the repo, and automated tools reconcile the actual system state with what?s in Git.",https://octopus.com/devops/gitops/?utm_source=roadmap&utm_medium=link&utm_campaign=devops-gitops,https://octopus.com/devops/gitops/interactive-diagrams/?utm_source=roadmap&utm_medium=link&utm_campaign=devops-gitops,
devops-argocd,devops,GitOps,ArgoCD,,ADVANCED,BRANCH,ALTERNATIVE,,,ALL,,1,EVIDENCE_ALLOWED,65,"argocd,gitops",devops-gitops,,"Argo CD is a declarative GitOps continuous delivery tool for Kubernetes. It monitors Git repositories for changes to application manifests and automatically syncs those changes to the target cluster, providing a visual dashboard to track the state and health of all deployed applications.",https://argo-cd.readthedocs.io/en/stable/,https://www.youtube.com/watch?v=MeU5_k9ssrs,
devops-fluxcd,devops,GitOps,FluxCD,,ADVANCED,BRANCH,ALTERNATIVE,,,ALL,,1,EVIDENCE_ALLOWED,65,"fluxcd,gitops",devops-gitops,,"Flux is an open-source GitOps tool that automatically synchronizes the state of a Kubernetes cluster with configuration stored in a Git repository. It watches for changes in Git and applies them to the cluster, supporting Helm charts, Kustomize overlays, and multi-tenancy out of the box.",https://fluxcd.io/flux/,https://www.youtube.com/watch?v=X5W_706-jSY,
devops-service-mesh,devops,Service Mesh,Service Mesh,21,JOB_READY,MAIN,CORE,,,CHOOSE_ONE,1,3,EVIDENCE_ALLOWED,65,"service,mesh,istio,traffic,microservices",,devops-gitops,"A service mesh is a dedicated infrastructure layer that manages communication between microservices in a distributed application. It provides features like load balancing, service discovery, encryption, observability, and traffic management, allowing services to communicate securely and efficiently. By abstracting network-related concerns from the application code, a service mesh enhances reliability and security while simplifying the management of microservice interactions. Popular service mesh implementations include Istio, Linkerd, and Consul.",https://www.redhat.com/en/topics/microservices/what-is-a-service-mesh,https://thenewstack.io/category/service-mesh/,
devops-istio,devops,Service Mesh,Istio,,JOB_READY,BRANCH,ALTERNATIVE,,,ALL,,1,EVIDENCE_ALLOWED,65,"istio,service mesh",devops-service-mesh,,"Istio is an open source service mesh platform that provides a way to control how microservices share data. It includes APIs that let Istio integrate into any logging platform, telemetry, or policy system. Istio is designed to run in a variety of environments: on-premise, cloud-hosted, in Kubernetes containers, in services running on virtual machines, and more.",https://www.redhat.com/en/topics/microservices/what-is-istio,https://www.youtube.com/watch?v=6zDrLvpfCK4,
devops-consul,devops,Service Mesh,Consul,,JOB_READY,BRANCH,ALTERNATIVE,,,ALL,,1,EVIDENCE_ALLOWED,65,"consul,service mesh",devops-service-mesh,,"Consul is a service mesh solution providing a full-featured control plane with service discovery, configuration, and segmentation functionality. Each of these features can be used individually as needed, or they can be used together to build a full-service mesh. Consul requires a data plane and supports both a proxy and native integration model. Consul ships with a simple built-in proxy so that everything works out of the box, but also supports 3rd party proxy integrations such as Envoy.",https://www.consul.io/docs/intro,https://github.com/hashicorp/consul-guides,
devops-linkerd,devops,Service Mesh,Linkerd,,JOB_READY,BRANCH,ALTERNATIVE,,,ALL,,1,EVIDENCE_ALLOWED,65,"linkerd,service mesh",devops-service-mesh,,"Linkerd is a lightweight, open-source service mesh for Kubernetes focused on simplicity and low resource overhead. It automatically adds mutual TLS, observability, and traffic management to services without requiring complex configuration, making it one of the easier service meshes to adopt.",https://linkerd.io/,https://www.techtarget.com/searchitoperations/definition/Linkerd,
devops-envoy,devops,Service Mesh,Envoy,,JOB_READY,BRANCH,ALTERNATIVE,,,ALL,,1,EVIDENCE_ALLOWED,65,"envoy,service mesh",devops-service-mesh,,"Envoy is a high-performance, open-source edge and service proxy originally developed at Lyft. It is designed for cloud-native applications and serves as the data plane in many service mesh implementations, including Istio, handling tasks like load balancing, service discovery, circuit breaking, and observability.",https://www.envoyproxy.io/,https://github.com/envoyproxy/envoy,
devops-cloud-design-patterns,devops,Cloud Design Patterns,Cloud Design Patterns,22,JOB_READY,MAIN,CORE,,,ALL,,3,EVIDENCE_ALLOWED,65,"cloud,design,patterns,architecture,reliability",,devops-service-mesh,"Cloud design patterns are reusable solutions to common architectural challenges that arise when building applications for cloud environments. They address concerns such as scalability, resilience, security, and operational efficiency, providing proven approaches that architects and developers can apply when designing distributed systems.",https://www.youtube.com/watch?v=cxYHugyNTP0,https://learn.microsoft.com/en-us/azure/architecture/patterns/,
devops-availability,devops,Cloud Design Patterns,Availability,,JOB_READY,BRANCH,CORE,,,ALL,,1,MANUAL_ONLY,,,devops-cloud-design-patterns,,"Availability patterns are design approaches that ensure a system remains operational and accessible even in the face of failures. They include techniques such as health endpoint monitoring, queue-based load leveling, and the throttling pattern, all aimed at preventing downtime and gracefully handling spikes or partial failures.",https://devops.com/defining-availability-maintainability-and-reliability-in-sre/,https://www.sqlservercentral.com/articles/cloud-computing-basics-achieving-high-availability-2,
devops-data-management,devops,Cloud Design Patterns,Data Management,,JOB_READY,BRANCH,CORE,,,ALL,,1,MANUAL_ONLY,,,devops-cloud-design-patterns,,"Data management patterns address the challenges of storing, accessing, and maintaining data in distributed cloud systems. They cover strategies for handling data consistency, partitioning large datasets, separating read and write workloads, and keeping data synchronized across services that may each maintain their own data store.",https://docs.microsoft.com/en-us/azure/architecture/patterns/category/data-management,https://www.youtube.com/watch?v=l83bkKJh1wM,
devops-design-and-implementation,devops,Cloud Design Patterns,Design and Implementation,,JOB_READY,BRANCH,CORE,,,ALL,,1,MANUAL_ONLY,,,devops-cloud-design-patterns,,"Design and implementation patterns guide structuring cloud applications for maintainability, flexibility, and scalability. They include approaches like the Strangler Fig pattern for migrating legacy systems, the Sidecar pattern for extending service functionality, and the Anti-Corruption Layer for integrating with external systems without polluting the core domain model.",https://docs.microsoft.com/en-us/azure/architecture/patterns/category/design-implementation,,
devops-management-and-monitoring,devops,Cloud Design Patterns,Management and Monitoring,,JOB_READY,BRANCH,CORE,,,ALL,,1,MANUAL_ONLY,,,devops-cloud-design-patterns,,"Management and monitoring patterns focus on keeping cloud applications observable, configurable, and operable at scale. They include patterns such as externalized configuration, health endpoint monitoring, and the Ambassador pattern, helping teams gain visibility into running systems and manage them effectively without requiring application restarts or redeployments.",https://www.atlassian.com/devops/devops-tools/devops-monitoring,,
gamedev-client-side-development,game-developer,,Client Side Development,1,FOUNDATION,MAIN,CORE,,,,,3,EVIDENCE_ALLOWED,65,"client,side,rendering,game,development",,,"In game development, the term ""Client Side"" refers to all the operations and activities that occur on the player's machine, which could be a console, computer, or even a phone. The client side is responsible for rendering graphics, handling input from the user and sometimes processing game logic. This is in contrast to the server-side operations, which involve handling multiplayer connections and synchronizing game states among multiple clients. On the client side, developers need to ensure performance optimization, smooth UI/UX, quick load times, and security to provide an engaging, lag-free gaming experience. Security is also crucial to prevent cheating in multiplayer games, which can be tackled through measures like Data obfuscation and encryption.",https://gabrielgambetta.com/client-server-game-architecture.html,,
gamedev-game-mathematics,game-developer,Game Mathematics,Game Mathematics,2,FOUNDATION,MAIN,CORE,,,ALL,,3,EVIDENCE_ALLOWED,65,"game,math,mathematics,linear,algebra,vector,matrix,geometry,quaternion",,gamedev-client-side-development,"""Game Mathematics"" is a critical aspect of game development that deals with the use of mathematical concepts to create and control game mechanics. This involves areas such as geometry for 3D modelling, logic for game rules, algebra for scoring systems, and trigonometry for movements or trajectories. Understanding game mathematics enables developers to implement features like physics simulation, AI behaviours, and procedural generation. Advanced topics include complex calculations for graphics (e.g., shaders, lighting) and calculus for continuous animation or advanced physics. The mathematical complexity depends on the game's demands, but a solid foundation is crucial for any game developer.",https://gamemath.com/book/intro.html,,
gamedev-linear-algebra,game-developer,Game Mathematics,Linear Algebra,,FOUNDATION,BRANCH,CORE,,,,,1,MANUAL_ONLY,,,gamedev-game-mathematics,,"Linear Algebra is a vital field in Mathematics that is extensively used in game development. It revolves around vector spaces and the mathematical structures used therein, including matrices, determinants, vectors, eigenvalues, and eigenvectors, among others. In the context of game development, linear algebra is used mainly for computer graphics, physics, AI, and many more. It allows developers to work with spatial transformations, helping them manipulate and critically interact with the 3D space of the game. On a broader context, it is important in computer programming for algorithms, parallax shifting, polygonal modeling, collision detection, etc. From object movements, positional calculations, game physics, to creating dynamism in games, linear algebra is key.",https://en.wikipedia.org/wiki/Linear_algebra,https://youtube.com/playlist?list=PLl-gb0E4MII03hiCrZa7YqxUMEeEPmZqK\&si=_r0WDwh94NKJbs_R,https://app.daily.dev/tags/math?ref=roadmapsh
gamedev-vector,game-developer,Game Mathematics,Vector,,FOUNDATION,BRANCH,CORE,,,,,1,MANUAL_ONLY,,,gamedev-game-mathematics,,"`Vector` in game development is a mathematical concept and an integral part of game physics. It represents a quantity that has both magnitude and direction. A vector can be used to represent different elements in a game like positions, velocities, accelerations, or directions. In 3D games, it's commonly used to define 3D coordinates (x, y, z). For example, if you have a character in a game and you want to move it up, you'd apply a vector that points upward. Hence, understanding how to manipulate vectors is a fundamental skill in game development.",https://dev.to/marcbeaujean/practical-introduction-to-vectors-for-game-development-532f,https://youtu.be/m7VY1T6f8Ak?feature=shared,
gamedev-matrix,game-developer,Game Mathematics,Matrix,,FOUNDATION,BRANCH,CORE,,,,,1,MANUAL_ONLY,,,gamedev-game-mathematics,,"In game development, a matrix is a fundamental part of game mathematics. It's a grid of numbers arranged into rows and columns that's particularly important in 3D game development. These matrices are typically 4x4, meaning they contain 16 floating point numbers, and they're used extensively for transformations. They allow for the scaling, rotation, and translation (moving) of 3D vertices in space. With matrices, these transformations can be combined, and transformed vertices can be used to draw the replicas of 3D models into 2D screen space for rendering.",https://www.gameludere.com/2019/12/21/matrix-algebra-and-game-programming/,https://dev.to/fkkarakurt/matrices-and-vectors-in-game-development-67h,
gamedev-linear-transformation,game-developer,Game Mathematics,Linear Transformation,,FOUNDATION,BRANCH,CORE,,,,,1,MANUAL_ONLY,,,gamedev-game-mathematics,,"`Linear transformations` or `linear maps` are an important concept in mathematics, particularly in the fields of linear algebra and functional analysis. A linear transformation can be thought of as a transformation that preserves the operations of addition and scalar multiplication. In other words, a transformation T is linear if for every pair of vectors `x` and `y`, the equation `T(x + y) = T(x) + T(y)` holds true. Similarly, for any scalar `c` and any vector `x`, the equation `T(cx)=cT(x)` should also hold true. This property makes them very useful when dealing with systems of linear equations, matrices, and in many areas of computer graphics, including game development.",https://en.wikipedia.org/wiki/Linear_map,https://app.daily.dev/tags/math?ref=roadmapsh,
gamedev-geometry,game-developer,Game Mathematics,Geometry,,FOUNDATION,BRANCH,CORE,,,,,1,MANUAL_ONLY,,,gamedev-game-mathematics,,"Geometry in game development refers to the mathematical study used to define the spatial elements within a game. This is vital in determining how objects interact within a game's environment. Particularly, geometry is employed in various aspects like object rendering, collision detection, character movement, and the calculation of angles and distance. It allows developers to create the spatial parameters for a game, including object dimensions and orientations. Understanding the basics such as 2D vs 3D, polygons, vertices, meshes and more advanced topics such as vectors, matrices, quaternions etc. is crucial to this field.",https://www.mathsisfun.com/geometry/index.html,https://dev.to/fkkarakurt/geometry-and-primitives-in-game-development-1og,
gamedev-affine-space,game-developer,Game Mathematics,Affine Space,,FOUNDATION,BRANCH,CORE,,,,,1,MANUAL_ONLY,,,gamedev-game-mathematics,,"In the context of game mathematics, an Affine Space is a fundamental concept you should understand. It is a geometric structure with properties related to both geometry and algebra. The significant aspect of an affine space is that it allows you to work more comfortably with points and vectors. While a vector space on its own focuses on vectors which have both magnitude and direction, it does not involve points. An affine space makes it easy to add vectors to points or subtract points from each other to get vectors. This concept proves extremely useful in the field of game development, particularly when dealing with graphical models, animations, and motion control.",https://en.wikipedia.org/wiki/Affine_space,https://brilliant.org/wiki/affine-spaces/,
gamedev-affine-transformation,game-developer,Game Mathematics,Affine Transformation,,FOUNDATION,BRANCH,CORE,,,,,1,MANUAL_ONLY,,,gamedev-game-mathematics,,"An affine transformation, in the context of game mathematics, is a function between affine spaces which preserves points, straight lines and planes. Also, sets of parallel lines remain parallel after an affine transformation. In video games, it's typically used for manipulating an object's position in 3D space. This operation allows game developers to perform multiple transformations such as translation (moving an object from one place to another), scaling (changing the size of an object), and rotation (spinning the object around a point). An important feature of affine transformation is that it preserves points uniqueness; if two points are distinct to start with, they remain distinct after transformation. It's important to note that these transformations are applied relative to an object's own coordinate system, not the world coordinate system.",https://www.gamedevs.org/uploads/affine-transformations.pdf,https://code.tutsplus.com/understanding-affine-transformations-with-matrix-mathematics--active-10884t,
gamedev-projection,game-developer,Game Mathematics,Projection,,FOUNDATION,BRANCH,CORE,,,ALL,,1,MANUAL_ONLY,,,gamedev-game-mathematics,,"`Projection` in game mathematics often refers to the method by which three-dimensional images are transferred to a two-dimensional plane, typically a computer screen. There are two main types of projection in game development; `Orthographic Projection` and `Perspective Projection`. In the Orthographic Projection, objects maintain their size regardless of their distance from the camera. This is often used in 2D games or 3D games where perspective is not important. On the other hand, Perspective Projection mimics human eye perspective, where distant objects appear smaller. This method provides a more realistic rendering for 3D games. It's crucial to understand projection in game development because it governs how virtual 3D spaces and objects are displayed on 2D viewing platforms.",https://mathworld.wolfram.com/Projection.html,,
gamedev-perspective,game-developer,,Perspective,,FOUNDATION,BRANCH,CORE,,,,,1,MANUAL_ONLY,,,gamedev-projection,,"In game development, Perspective plays a significant role in creating a three-dimensional world on a two-dimensional space. It mimics the way our eyes perceive distance and depth, with objects appearing smaller as they go farther away. Essentially, this is achieved by projecting 3D co-ordinates on a virtual screen. Perspective projection is done in two types - one-point where only one axis displays a change in size with depth and two-point where both axis display a change. It creates more realistic views, enhancing game visualization and immersion. An important aspect is the player's viewpoint, which is the vanishing point where parallel lines converge in the distance.",https://www.gamedeveloper.com/design/making-the-most-out-of-the-first-person-perspectives,,
gamedev-orthogonal,game-developer,,Orthogonal,,FOUNDATION,BRANCH,CORE,,,,,1,MANUAL_ONLY,,,gamedev-projection,,"Orthogonal projection, or orthographic projection, is a type of parallelogram projection in game development where the lines of projection are perpendicular to the projection plane. This creates a view that is straight-on, essentially removing any form of perspective. Unlike perspective projection where objects further from the viewer appear smaller, objects in orthogonal projection remain the same size regardless of distance. The lack of perspective in orthogonal projection can be useful for specific types of games like platformers or strategy games. It is commonly used in CAD (Computer-Aided Design) and technical drawings as well.",https://medium.com/retronator-magazine/game-developers-guide-to-graphical-projections-with-video-game-examples-part-1-introduction-aa3d051c137d,,
gamedev-orientation,game-developer,Game Mathematics,Orientation,,FOUNDATION,BRANCH,CORE,,,ALL,,1,MANUAL_ONLY,,,gamedev-game-mathematics,,"In the context of game development, **Orientation** refers to the aspect or direction in which an object is pointed in a 3D space. To determine an object's orientation in 3D space, we typically use three angles namely: pitch, yaw, and roll collectively known as Euler's angles. **Pitch** is the rotation around the X-axis, **Yaw** around the Y-axis and **Roll** around the Z-axis. Alternatively, orientation can also be represented using a Quaternion. Quaternions have the advantage of avoiding a problem known as Gimbal lock (a loss of one degree of freedom in 3D space), present when using Euler's angles.",https://medium.com/@dev.szabo.endre/a-bit-e-of-game-dev-math-01-character-movement-with-vectors-effc862a1e4f,https://www.gamedeveloper.com/programming/vector-maths-for-game-dev-beginners,
gamedev-quaternion,game-developer,,Quaternion,,FOUNDATION,BRANCH,CORE,,,,,1,MANUAL_ONLY,,,gamedev-orientation,,"The quaternion is a complex number system that extends the concept of rotations in three dimensions. It involves four components: one real and three imaginary parts. Quaternions are used in game development for efficient and accurate calculations of rotations and orientation. They are particularly useful over other methods, such as Euler angles, due to their resistance to problems like Gimbal lock. Despite their complex nature, understanding and implementing quaternions can greatly enhance a game's 3D rotational mechanics and accuracy.",https://www.3dgep.com/understanding-quaternions/,https://docs.unity3d.com/ScriptReference/Quaternion.html,https://youtu.be/zjMuIxRvygQ?si=ANmFr5k8JMUzBCUC
gamedev-euler-angle,game-developer,,Euler Angle,,FOUNDATION,BRANCH,CORE,,,,,1,MANUAL_ONLY,,,gamedev-orientation,,"The Euler angle is a concept in mathematics and physics used to describe the orientation of a rigid body or a coordinate system in 3D space. It uses three angles, typically named as alpha (a), beta (?, and gamma (?), and represents three sequential rotations around the axes of the original coordinate system. Euler angles can represent any rotation as a sequence of three elementary rotations. Keep in mind, however, that Euler angles are not unique, and different sequences of rotations can represent identical total effects. It's also noteworthy that Euler angles are prone to a problem known as gimbal lock, where the first and third axis align, causing a loss of a degree of freedom, and unpredictable behavior in particular orientations.",https://www.gameludere.com/2020/03/12/euler-angles-hamilton-quaternions-and-video-games/,,
gamedev-curve,game-developer,Game Mathematics,Curve,,FOUNDATION,BRANCH,CORE,,,ALL,,1,MANUAL_ONLY,,,gamedev-game-mathematics,,"A `curve` in game development is a mathematical tool for creating smooth lines or paths, used in areas like animation, 3D modeling, UI design, and level layouts. Curves simplify complex shapes and movements, enabling more natural results compared to linear approaches. They're key for `lifelike animations`, organic shapes, `realistic physics`, and smooth camera movements, essential for polished, fluid game design.",https://en.wikipedia.org/wiki/Curve,https://byjus.com/maths/curve/,
gamedev-spline,game-developer,,Spline,,FOUNDATION,BRANCH,CORE,,,,,1,MANUAL_ONLY,,,gamedev-curve,,"`Spline` is a mathematical function widely used in computer graphics for generating curves and surfaces. It connects two or more points through a smooth curve, often used in games for defining pathways, movement paths, object shapes, and flow control. Splines are not confined to two dimensions and can be extended to 3D or higher dimensions. Types of splines include `Linear`, `Cubic`, and `Bezier` splines. While linear splines generate straight lines between points, cubic and bezier splines provide more control and complexity with the addition of control points and handles. Developing a good understanding of splines and their usage can vastly improve the fluidity and visual aesthetics of a game.",https://en.wikipedia.org/wiki/Spline_(mathematics,https://youtu.be/jvPPXbo87ds?si=JX_G-gS81tOwQwjf,
gamedev-hermite,game-developer,,Hermite,,FOUNDATION,BRANCH,CORE,,,,,1,MANUAL_ONLY,,,gamedev-curve,,"Hermite refers to Hermite interpolation, a fundamental technique in game development for executing smooth transitions. Essentially, Hermite interpolation is an application of polynomial mathematics, with two points applied as start/end (they're usually 3D positional vectors), and the tangents at these points controlling the curve's shape. The technique's name is derived from its inventor, Charles Hermite, a French mathematician. Hermite interpolation can be useful in different aspects of game development, such as creating smooth animations, camera paths, or motion patterns. Note, however, that while Hermite interpolation offers control over the start and end points of a sequence, it might not precisely predict the curve's full behavior.",https://en.wikipedia.org/wiki/Hermite_interpolation,,
gamedev-bezier,game-developer,,Bezier,,FOUNDATION,BRANCH,CORE,,,,,1,MANUAL_ONLY,,,gamedev-curve,,"`Bezier curves` are named after Pierre Bezier, a French engineer working at Renault, who used them in the 1960s for designing car bodies. A Bezier curve is defined by a set of control points with a minimum of two but no upper limit. The curve is calculated between the first and the last control point and does not pass through the controlling points, which only influence the direction of the curve. There are linear, quadratic, and cubic Bezier curves, but curves with more control points are also possible. They are widely used in computer graphics, animations, and are extensively used in vector images and tools to create shapes, texts, and objects.",http://devmag.org.za/2011/04/05/bzier-curves-a-tutorial/,https://www.youtube.com/watch?v=pnYccz1Ha34,
gamedev-catmull-rom,game-developer,,Catmull-Rom,,FOUNDATION,BRANCH,CORE,,,,,1,MANUAL_ONLY,,,gamedev-curve,,"The Catmull-Rom spline is a form of interpolation used in 2D and 3D graphics. Named after Edwin Catmull and Raphael Rom, it offers a simple way to smoothly move objects along a set of points or, in terms of graphics, to smoothly draw a curve connecting several points. It's a cubic interpolating spline, meaning it uses the cubic polynomial to compute coordinates. This makes Catmull-Rom ideal for creating smooth and natural curves in graphics and animation. It also has a feature called C1 continuity, ensuring the curve doesn't have any abrupt changes in direction. However, if not managed properly, it can create loops between points.",https://gamedev.net/forums/topic/535895-catmull-rom-in-shmups/,https://gamedev.stackexchange.com/questions/47354/catmull-rom-spline-constant-speed,
gamedev-game-physics,game-developer,Game Physics & Collision Systems,Game Physics,3,CORE,MAIN,CORE,,,ALL,,3,EVIDENCE_ALLOWED,65,"physics,collision,dynamics,rigid,body,simulation",,gamedev-game-mathematics,"Game Physics is an integral part of game development that simulates the laws of physics in a virtual environment. This simulation brings realism into the game by defining how objects move, interact, and react to collisions and forces. Game physics ranges from how a character jumps or moves in a 2D or 3D space, to more complex mechanics such as fluid dynamics or ragdoll physics. Two main types of game physics are 'arcade physics', which are simpler and more abstract; and 'realistic physics', attempting to fully recreate real-life physics interactions. Implementing game physics requires a combination of mathematical knowledge and programming skills to integrate physics engines like Unity's PhysX and Unreal Engine's built-in physics tool.",https://en.wikipedia.org/wiki/Game_physics,https://www.udemy.com/course/gamephysics/,
gamedev-dynamics,game-developer,Game Physics & Collision Systems,Dynamics,,CORE,BRANCH,CORE,,,ALL,,1,MANUAL_ONLY,,,gamedev-game-physics,,"Dynamics in game physics refers to the calculation and simulation of the movement and interaction of objects over time, taking into account properties such as mass, force, and velocity. Its purpose is to ensure the motion of game elements matches expectations in the real-world, or the specific conditions defined by the game designers. This typically includes topics like kinematics (velocity and acceleration), Newton's laws of motion, forces (like gravity or friction), and conservation laws (such as momentum or energy). This also involves solving equations of motions for the game objects, detecting collisions and resolving them. Dynamics, together with Statics (dealing with how forces balance on rigid bodies at rest), makes up the core of game physics simulation.",https://americanprofessionguide.com/game-mechanics-and-dynamics/,,
gamedev-center-of-mass,game-developer,,Center of Mass,,CORE,BRANCH,CORE,,,,,1,MANUAL_ONLY,,,gamedev-dynamics,,"The center of mass is a position defined relative to an object or system of objects. Typically denoted by the symbol \(COM\), it refers to the average position of all the parts of the system, weighted according to their masses. For instance, if you have a uniformly dense object, the center of mass would be in the geometric center of that object. In gaming, the center of mass of an object can have a significant impact on how the object behaves when forces are applied to it. This includes how the object moves in response to these forces, and can affect the realism of the physics simulations in a game.",https://medium.com/@brazmogu/physics-for-game-dev-a-platformer-physics-cheatsheet-f34b09064558,https://www.youtube.com/watch?v=JVX7TA8GkzE,
gamedev-moment-of-inertia,game-developer,,Moment of Inertia,,CORE,BRANCH,CORE,,,,,1,MANUAL_ONLY,,,gamedev-dynamics,,"The moment of inertia, also known as rotational inertia, is a measure of an object's resistance to changes to its rotation. In simpler terms, it's essentially how difficult it is to start or stop an object from spinning. It is determined by both the mass of an object and its distribution of mass around the axis of rotation. In the context of game development, the moment of inertia is crucial for creating realistic movements of characters, objects or vehicles within the game. This is particularly relevant in scenarios where the motion involves spinning or revolving entities. Calculating and applying these physics ensures a more immersive and believable gaming experience.",https://en.wikipedia.org/wiki/Moment_of_inertia,,
gamedev-acceleration,game-developer,,Acceleration,,CORE,BRANCH,CORE,,,,,1,MANUAL_ONLY,,,gamedev-dynamics,,"Acceleration refers to the rate of change in velocity per unit time. This physical concept is translated into game dynamics where it impacts the movement and speed of game characters or objects. For example, when a character starts moving, there is usually a slight delay before they reach their top speed, which then continues as long as the move button is held down. This is caused by acceleration. Conversely, when the button is released, the character doesn't stop instantly but slows down gradually - this is due to deceleration, which is negative acceleration. By mastering acceleration and deceleration, game developers can create more realistic and interesting movements for their characters.",http://earok.net/sections/articles/game-dev/theory/simplified-acceleration-games,,
gamedev-joints,game-developer,,Joints,,CORE,BRANCH,CORE,,,,,1,MANUAL_ONLY,,,gamedev-dynamics,,"Joints in game development primarily refer to the connections between two objects, often used in the context of physics simulations and character animations. These might simulate the physics of real-world joints like hinges or springs. Developers can control various characteristics of joints such as their constraints, forces, and reactions. The different types come with various properties suitable for specific needs. For example, Fixed joints keep objects together, Hinge joints allow rotation around an axis, and Spring joints apply a force to keep objects apart.",https://docs.unity3d.com/Manual/Joints.html,https://game-ace.com/blog/character-rigging-for-video-games/,https://simonpham.medium.com/joints-in-unity-f9b602212524
gamedev-restitution,game-developer,,Restitution,,CORE,BRANCH,CORE,,,,,1,MANUAL_ONLY,,,gamedev-dynamics,,"In game development, **Restitution** is a property closely related to the physics of objects. Essentially, restitution represents the ""bounciness"" of an object or, in more scientific terms, the ratio of the final relative velocity to the initial relative velocity of two objects after a collision. In the context of game physics, when objects collide, restitution is used to calculate how much each object should bounce back or recoil. Restitution values typically fall between 0 and 1 where a value of 0 means an object will not bounce at all and a value of 1 refers to a perfectly elastic collision with no energy lost. Therefore, the higher the restitution value, the higher the bounce back of the object after a collision.",https://gamedev.stackexchange.com/questions/49616/why-do-restitution-values-less-than-one-still-cause-infinite-bouncing-in-box2d,,
gamedev-force,game-developer,,Force,,CORE,BRANCH,CORE,,,,,1,MANUAL_ONLY,,,gamedev-dynamics,,"Force is a vital concept in game development, especially when crafting physics in games. In the context of game physics, 'Force' is an influence that causes an object to undergo a certain change, either concerning its movement, direction, or geometrical construction. It's typically implemented in game engines, with part of the physics simulation that computes forces like gravity, friction, or custom forces defined by the developer. Incorporating forces gives a realistic feel to the game, allowing objects to interact naturally following the laws of physics. This is central in genres like racing games, sports games, and any game featuring physical interactions between objects. Remember that `F = ma`, the acceleration of an object is directly proportional to the force applied and inversely proportional to its mass. The balance and manipulation of these forces are integral to dynamic, immersive gameplay.",https://medium.com/@brazmogu/physics-for-game-dev-a-platformer-physics-cheatsheet-f34b09064558,,
gamedev-angular-velocity,game-developer,,Angular Velocity,,CORE,BRANCH,CORE,,,,,1,MANUAL_ONLY,,,gamedev-dynamics,,"Angular velocity, denoted by the symbol '?', is a measure of the rate of change of an angle per unit of time. In simpler terms, it corresponds to how quickly an object moves around a circle or rotates around a central point. Angular velocity is typically measured in radians per second (rad/s). If you think of an object moving in a circular path, the angular velocity would be the speed at which the angle changes as the object travels along the circumference of the object. Angular velocity is a vector quantity, implying it has both magnitude and direction. The direction of the angular velocity vector is perpendicular to the plane of rotation, following the right-hand rule. It plays a crucial role in game development, especially in physics simulation and character control.",https://allenchou.net/2013/12/game-physics-motion-dynamics-fundamentals/,https://math.libretexts.org/Bookshelves/Precalculus/Book%3A_Trigonometry_(Sundstrom_and_Schlicker,
gamedev-buoyancy,game-developer,,Buoyancy,,CORE,BRANCH,CORE,,,,,1,MANUAL_ONLY,,,gamedev-dynamics,,"Buoyancy refers to a specific interaction in physics where an object submerged in fluid (such as a game character in water) experiences an upward force that counteracts the force of gravity. This makes the object either float or appear lighter. In game development, implementing buoyancy can enhance realism particularly in games that involve water-based activities or environments. Buoyancy can be manipulated through adjustments in density and volume to create various effects - from making heavy objects float to sinking light ones. Calculating it typically requires approximating the object to a sphere or another simple geometric shape, and using this in Archimedes' Principle. This principle states that buoyant force equals the weight of the fluid that the object displaces. In the realm of video games, programming buoyancy can involve complex physics equations and careful testing to achieve a balance between realism and playability.",https://www.gamedeveloper.com/programming/water-interaction-model-for-boats-in-video-games-part-2,,
gamedev-friction,game-developer,,Friction,,CORE,BRANCH,CORE,,,,,1,MANUAL_ONLY,,,gamedev-dynamics,,"`Friction` is a crucial concept in game dynamics. In the context of games, it's typically used to slow down or impede movement, providing a realistic feel to characters or objects movement. For example, when a player's character runs on a smooth surface as compared to a rough one, friction influences the speed and control of that character. It can be seen in how cars skid on icy surfaces, how walking speed changes depending on the terrain, or how a ball rolls and eventually slows. The equation to compute friction is usually `f = ?`, where `f` is the force of friction, `? is the coefficient of friction (which depends on the two surfaces interacting), and `N` is the normal force (which is generally the weight of the object). You can adjust the coefficient of friction in a game to have different effects depending upon the desired outcome.",https://medium.com/@originallearguy/rub-the-right-way-applying-friction-in-game-design-122bd98de69d,https://youtu.be/t1HWIoDUWXg?si=FmFsIGTSHpLS72vp,
gamedev-linear-velocity,game-developer,,Linear Velocity,,CORE,BRANCH,CORE,,,,,1,MANUAL_ONLY,,,gamedev-dynamics,,"Linear Velocity is a fundamental concept in physics that is extensively used in game development. It refers to the rate of change of an object's position with respect to a frame of reference. It's calculated by dividing the change in position by the change in time, often represented with the vector 'v'. In game development, an object's linear velocity can be manipulated to control its speed and direction. This is especially important in the development of physics simulations or movement-dependent gameplay elements. For instance, it can be used to make a character run or drive, or to throw an object at different speeds and directions.",https://byjus.com/physics/linear-velocity/,https://app.daily.dev/tags/math?ref=roadmapsh,
gamedev-collision-detection,game-developer,Game Physics & Collision Systems,Collision Detection,,CORE,BRANCH,CORE,,,ALL,,1,MANUAL_ONLY,,,gamedev-game-physics,,"Collision Detection is a critical aspect in game physics that handles the computer? ability to calculate and respond when two or more objects come into contact in a game environment. This is vital to ensure objects interact realistically, don't pass through each other, and impact the game world in intended ways. Techniques for collision detection can vary based on the complexity required by the game. Simple methods may involve bounding boxes or spheres that encapsulate objects. When these spheres or boxes overlap, a collision is assumed. More complex methods consider the object's shape and volume for precise detection. Several libraries and game engines offer built-in support for collision detection, making it easier for developers to implement in their games.",https://developer.mozilla.org/en-US/docs/Games/Tutorials/2D_Breakout_game_pure_JavaScript/Collision_detection,,
gamedev-ccd,game-developer,,CCD,,CORE,BRANCH,CORE,,,,,1,MANUAL_ONLY,,,gamedev-collision-detection,,"CCD (Continuous Collision Detection) is a sophisticated technique used in detecting collisions within games, more advanced than the traditional discrete collision. Rather than checking for collisions at designated time frames, CCD checks for any possible collisions that may happen during the entire time period or motion path of the moving object. This can prevent instances of ""tunneling"", where an object moves so fast that it passes through walls or obstacles undetected by discrete collision detection due to being at different points in one frame to another. Although more computationally heavy than discrete detection, CCD offers an increased accuracy in collision detection, making it vital in games where precise movements are needed.",https://docs.unity3d.com/Manual/ContinuousCollisionDetection.html,,
gamedev-narrow-phase,game-developer,,Narrow Phase,,CORE,BRANCH,CORE,,,ALL,,1,MANUAL_ONLY,,,gamedev-collision-detection,,"The Narrow Phase of collision detection is a process that dives deeply into detailed collision checks for pairs of objects that are already found to be potentially colliding during the broad phase. Narrow phase is essentially a fine-tuning process. Upon positive detection from the broad phase, it identifies the precise points of collision between the two objects, and it may involve more detailed shape representations and more expensive algorithms. It might also calculate additional information necessary for the physics simulation (like the exact time of impact and contact normals). The usual methods used for this phase involve bounding box, bounding sphere or separating axis theorem. However, the method can vary depending on the complexity of shapes of objects and the specific needs of the game.",https://rocketbrush.com/blog/game-development-process-guide,,
gamedev-intersection,game-developer,,Intersection,,CORE,BRANCH,CORE,,,ALL,,1,MANUAL_ONLY,,,gamedev-narrow-phase,,"`Intersection` is a concept in the narrow phase of game development where the exact point or points of collision are determined between two potentially colliding objects. This process takes place once a potential collision is determined in the broad phase. Algorithms such as Axis-Aligned Bounding Boxes (AABB), Separating Axis Theorem (SAT), Spherical or Capsule bounding, and many others are used for different intersection tests based on the shape of the objects. The intersection provides valuable data such as the point of contact, direction and depth of penetration, which are used to calculate the accurate physical response in the collision.",https://www.gamedeveloper.com/game-platforms/simple-intersection-tests-for-games,https://www.petercollingridge.co.uk/tutorials/computational-geometry/line-line-intersections/,
gamedev-sat,game-developer,,SAT,,CORE,BRANCH,CORE,,,,,1,MANUAL_ONLY,,,gamedev-intersection,,"`Sat`, or separating axis theorem, is frequently used in collision detection in game development. Its primary benefit is for simple and fast detection of whether two convex polygons intersect. The theorem is somewhat complex?t works by projecting all points of both polygons onto numerous axes around the shapes, then checking for overlaps. However, it can be relatively time-consuming when dealing with more complex models or numerous objects as it has to calculate the projections, so often it is used in a broad-phase detection system. A deep explanation of how `sat` works might involve some mathematical concepts or visual aids, but this is the foundation of its use in game development.",https://dyn4j.org/2010/01/sat/,https://code.tutsplus.com/collision-detection-using-the-separating-axis-theorem--gamedev-169t,
gamedev-gjk,game-developer,,GJK,,CORE,BRANCH,CORE,,,,,1,MANUAL_ONLY,,,gamedev-intersection,,"The GJK algorithm (Gilbert?ohnson?eerthi) is a computational geometry algorithm that is widely used to detect collisions between convex objects in video games and simulations. The primary role of this algorithm is to assess the intersection between two convex shapes. What makes it unique and widely used is its efficiency and accuracy even when dealing with complex three-dimensional shapes. It uses the concept of ""Minkowski Difference"" to simplify its calculations and determine if two shapes are intersecting.",https://en.wikipedia.org/wiki/Gilbert-Johnson-Keerthi_distance_algorithm,https://medium.com/@mbayburt/walkthrough-of-the-gjk-collision-detection-algorithm-80823ef5c774,https://www.youtube.com/watch?v=MDusDn8oTSE
gamedev-epa,game-developer,,EPA,,CORE,BRANCH,CORE,,,,,1,MANUAL_ONLY,,,gamedev-intersection,,"The EPA (Expanding Polytope Algorithm) is an iterative algorithm used for calculating the penetration depth between two shapes in collision detection. It is commonly used in physics engines and robotics. The algorithm takes the resulting simplex from a previously applied GJK algorithm, iteratively expanding the polytope towards the Minkowski Difference boundary until it finds the closest point to the origin. The vector from that point to the origin is the penetration vector and its magnitude is equal to the penetration depth between the two shapes.",https://winter.dev/articles/epa-algorithm,https://dyn4j.org/2010/05/epa-expanding-polytope-algorithm/,
gamedev-convexity,game-developer,,Convexity,,CORE,BRANCH,CORE,,,ALL,,1,MANUAL_ONLY,,,gamedev-narrow-phase,,"Convexity is a significant concept used in game development, particularly in the narrow phase of collision detection. A shape is considered convex if, for every pair of points inside the shape, the complete line segment between them is also inside the shape. Essentially, a convex shape has no angles pointing inwards. Convex shapes can be of great benefit in game development because they're simpler to handle computationally. For instance, in collision detection algorithms such as separating axis theorem (SAT) and Gilbert?ohnson?eerthi (GJK), the input shapes are often convex. Non-convex shapes or concave shapes usually require more complex methods for collision detection, often involving partitioning the shape into smaller convex parts.",https://www.gamedeveloper.com/game-platforms/understanding-convexity-in-ltv-modelling,,
gamedev-convex,game-developer,,Convex,,CORE,BRANCH,CORE,,,ALL,,1,MANUAL_ONLY,,,gamedev-convexity,,"The term ""convex"" in game development relates primarily to shapes and collision detection within the gaming environment. A shape is convex if all line segments between any two points in the shape lie entirely within the shape. This is an essential concept when programming collision detection and physics engines in games since the mathematical calculations can be more straightforward and efficient when the objects are convex. In addition to this, many rendering algorithms also operate optimally on convex objects, thereby helping improve the game? graphical performance.",https://dev.to/fkkarakurt/geometry-and-primitives-in-game-development-1og,,
gamedev-convex-hull,game-developer,,Convex Hull,,CORE,BRANCH,CORE,,,,,1,MANUAL_ONLY,,,gamedev-convex,,"The Convex Hull is a foundational concept used in various areas of game development, particularly in the creation of physics engines and collision detection. Essentially, it is the smallest convex polygon that can enclose a set of points in a two-dimensional space, or the smallest convex polyhedron for a set of points in a three-dimensional space. It can be thought of as the shape that a rubber band would take if it was stretched around the points and then released. In computational geometry, various algorithms like Graham's Scan and QuickHull have been developed to compute Convex Hulls rapidly. Using Convex Hulls in game engines can drastically improve the performance of collision detection routines as fewer points need to be checked for overlap, which in turn helps in creating smoother gameplay.",https://colin97.github.io/CoACD/,,
gamedev-concave,game-developer,,Concave,,CORE,BRANCH,CORE,,,ALL,,1,MANUAL_ONLY,,,gamedev-convexity,,"In game development, a shape is said to be ""concave"" if it has an interior angle greater than 180 degrees. In simpler terms, if the shape has a portion ""inwards curved"" or a ""cave-like"" indentation, it's concave. Unlike convex shapes, a straight line drawn within a concave shape may not entirely lie within the boundaries of the shape. Concave shapes add complexity in game physics, especially in collision detection, as there are more points and angles to consider compared to convex shapes. These shapes are commonly seen in game elements like terrains, mazes, game level boundaries and gaming characters. Let's remember that the practical application of concave shapes largely depends on the gameplay requirements and the level of realism needed in the game.",https://dev.to/fkkarakurt/geometry-and-primitives-in-game-development-1og,,
gamedev-convex-decomposition,game-developer,,Convex Decomposition,,CORE,BRANCH,CORE,,,,,1,MANUAL_ONLY,,,gamedev-concave,,"`Convex Decomposition` represents a process within game development that involves breaking down complex, concave shapes into simpler, convex shapes. This technique considerably simplifies the computation involved in collision detection, a critical aspect of any game development project that involves physical simulations. In concrete terms, a concave shape has one or more parts that 'cave in' or have recesses, while a convex shape has no such depressions - in simplistic terms, it 'bulges out' with no interior angles exceeding 180 degrees. So, Convex decomposition is essentially a process of breaking down a shape with 'caves' or 'recesses' into simpler shapes that only 'bulge out'.",https://colin97.github.io/CoACD/,,
gamedev-broad-phase,game-developer,,Broad Phase,,CORE,BRANCH,CORE,,,ALL,,1,MANUAL_ONLY,,,gamedev-collision-detection,,"Broad Phase Collision Detection is the first step in the collision detection process. Its primary function is to identify which pairs of objects might potentially collide. Rather than examining the entire body of every object for possible collision, it wraps up each one in a simpler shape like a bounding box or sphere, aiming to reduce the number of calculations. The output of this phase is a list of 'candidate pairs' which are passed onto the next phase, often referred to as the narrow phase, for in-depth overlap checks.",http://buildnewgames.com/broad-phase-collision-detection/,,
gamedev-bounding-volume,game-developer,,Bounding Volume,,CORE,BRANCH,CORE,,,ALL,,1,MANUAL_ONLY,,,gamedev-broad-phase,,"`Bounding Volume` is a simple shape that fully encompasses a more complex game model. It is less expensive to check for the intersection of bounding volumes when compared to checking for intersection of the actual models. Some commonly used types of bounding volume in game development include Axis-Aligned Bounding Boxes (AABBs), Bounding Spheres, and Oriented Bounding Boxes (OBBs). AABBs and Bounding Spheres are simple to implement and work well with static objects, while OBBs are slightly more complex and are often used with dynamic objects that need to rotate.",https://developer.mozilla.org/en-US/docs/Games/Techniques/3D_collision_detection,https://www.haroldserrano.com/blog/visualizing-the-boundary-volume-hierarchy-collision-algorithm,
gamedev-obb,game-developer,,OBB,,CORE,BRANCH,CORE,,,,,1,MANUAL_ONLY,,,gamedev-bounding-volume,,"`Oriented Bounding Box (OBB)` is a type of bounding volume used in computer graphics and computational geometry. It is often used to simplify complex geometric objects by correlating them as a box much closer in size and orientation to the actual object. Unlike the `Axis-Aligned Bounding Box (AABB)`, the `OBB` is not constrained to align with the axis, so the box can be rotated. This orientation is usually chosen based on the object's local coordinate system, so the `OBB` maintains its rotation. Properties of an `OBB` include its center, dimensions, and orientation. However, it is worth noting that `OBBs` can be more computationally intensive than `AABBs` due to mathematical complexity.",https://gamedev.stackexchange.com/questions/25397/obb-vs-obb-collision-detection,https://gamedev.stackexchange.com/questions/49041/oriented-bounding-box-how-to,
gamedev-aabb,game-developer,,AABB,,CORE,BRANCH,CORE,,,,,1,MANUAL_ONLY,,,gamedev-bounding-volume,,"`AABB`, short for Axis-Aligned Bounding Box, is a commonly used form of bounding volume in game development. It is a box that directly aligns with the axes of the coordinate system and encapsulates a game object. The sides of an AABB are aligned with the axes, which is helpful when carrying out certain calculations, as non-axis-aligned boxes would require more complex math. AABBs are primarily used for broad-phase collision detection, which means checking whether two objects might be in the process of colliding. Although AABBs are relatively conservative and can have more bounding volume than oriented bounding boxes (OBBs), they are simpler and faster to use in collision detection.",https://gdbooks.gitbooks.io/3dcollisions/content/Chapter1/aabb.html,,
gamedev-spatial-partitioning,game-developer,,Spatial Partitioning,,CORE,BRANCH,CORE,,,ALL,,1,MANUAL_ONLY,,,gamedev-broad-phase,,"""Spatial partitioning"" is a technique used in computational geometry, intended to make calculations involving objects in space more efficient. It involves dividing a large virtual space into a series of smaller spaces, or ""partitions"". These partitions can be used to quickly eliminate areas that are irrelevant to a particular calculation or query, thus lowering the overall computational cost. This technique is widely used in game development in contexts such as collision detection, rendering, pathfinding, and more. Various methods exist for spatial partitioning, including grid-based, tree-based (like Quadtree and Octree), and space-filling curve (like Z-order or Hilbert curve) approaches.",https://en.wikipedia.org/wiki/Space_partitioning,https://gameprogrammingpatterns.com/spatial-partition.html,
gamedev-sort-and-sweep,game-developer,,Sort & Sweep,,CORE,BRANCH,CORE,,,,,1,MANUAL_ONLY,,,gamedev-spatial-partitioning,,"Sort and Sweep is an algorithm used in collision detection in game development which optimizes the process of identifying potential intersecting objects. Here's how it works: first, all objects in the game are sorted along a specific axis (typically the 'x' axis). Then a line (known as the 'sweep line') is moved along this axis. As the line sweeps over the scene, any objects that cross this line are added to an 'active' list. When an object no longer intersects with the sweep line, it's removed from this list. The only objects checked for intersection are those within this 'active' list reducing the number of checks required. This makes sort and sweep an efficient spatial partitioning strategy.",https://leanrada.com/notes/sweep-and-prune/,https://notes.billmill.org/visualization/interactive_explainers/sort__sweep_and_prune_-_collision_detection_algorithms.html,
gamedev-bvh,game-developer,,BVH,,CORE,BRANCH,CORE,,,ALL,,1,MANUAL_ONLY,,,gamedev-spatial-partitioning,,"BVH, or Bounding Volume Hierarchy, is an algorithm used in 3D computer graphics to speed up the rendering process. It organizes the geometry in a hierarchical structure where each node in the tree represents a bounding volume (a volume enclosing or containing one or more geometric objects). The root node of the BVH contains all other nodes or geometric objects, its child nodes represent a partition of the space, and the leaf nodes are often individual geometric objects. The main objective of using BVH is to quickly exclude large portions of the scene from the rendering process, to reduce the computational load of evaluating every single object in the scene individually.",https://github.com/rossborchers/UnityBoundingVolumeHeirachy,,
gamedev-dbvt,game-developer,,DBVT,,CORE,BRANCH,CORE,,,,,1,MANUAL_ONLY,,,gamedev-bvh,,"`DBVT` or `Dynamic Bounding Volume Tree` is an acceleration data structure that's primarily used in physics simulations like collision detection. It's a type of BVH (`Bounding Volume Hierarchy`), but the unique aspect of a DBVT is its handling of dynamic objects. As the name suggests, it's specifically designed to efficiently handle changing scenarios, such as objects moving or environments evolving, better than a typical BVH. Unlike a static BVH, a DBVT dynamically updates the tree as objects move, maintaining efficiency of collision queries. It primarily does this through tree rotations and refitting bounding volumes rather than fully rebuilding the tree. This makes DBVT a highly appealing option for scenarios with considerable dynamics.",https://sopiro.github.io/DynamicBVH/,https://box2d.org/files/ErinCatto_DynamicBVH_Full.pdf,
gamedev-game-engine,game-developer,,Game Engine,4,CORE,MAIN,CORE,,,CHOOSE_ONE,1,3,EVIDENCE_ALLOWED,65,"game,engine,unity,unreal,godot",,gamedev-game-physics,"A Game Engine is a software framework designed to facilitate the creation and development of video games. Developers use them to create games for consoles, mobile devices, and personal computers. The core functionality typically provided by a game engine includes a rendering engine (""renderer"") for 2D or 3D graphics, a physics engine or collision detection (and collision response), sound, scripting, animation, artificial intelligence, networking, streaming, memory management, and a scene graph. Game Engines can save a significant amount of development time by providing these reusable components. However, they aren't one-size-fits-all solutions, as developers must still customize much of the code to fit their games' unique needs. Some popular game engines are Unity, Unreal Engine, and Godot.",https://en.wikipedia.org/wiki/Game_engine,https://www.youtube.com/watch?v=aMgB018o71U,
gamedev-unity-3d,game-developer,Unity,Unity 3D,,CORE,BRANCH,ALTERNATIVE,,,,,1,EVIDENCE_ALLOWED,65,"unity,unity 3d",gamedev-game-engine,,"Unity 3D is a versatile, cross-platform game engine that supports the development of both 2D and 3D games. This game engine allows users to create a wide variety of games including AR, VR, Mobile, Consoles, and Computers in C#. It provides a host of powerful features and tools, such as scripting, asset bundling, scene building, and simulation, to assist developers in creating interactive content. Unity 3D also boasts a large, active community that regularly contributes tutorials, scripts, assets, and more, making it a robust platform for all levels of game developers.",https://unity.com/,https://unity.com/products/unity-engine,https://docs.unity3d.com/2021.2/Documentation/Manual/Quickstart3DCreate.html
gamedev-unreal-engine,game-developer,Unreal Engine,Unreal Engine,,CORE,BRANCH,ALTERNATIVE,,,,,1,EVIDENCE_ALLOWED,65,unreal engine,gamedev-game-engine,,"The Unreal Engine is a powerful game development engine created by Epic Games. Used by game developers worldwide, it supports the creation of high-quality games across multiple platforms such as iOS, Android, Windows, Mac, Xbox, and PlayStation. Unreal Engine is renowned for its photo-realistic rendering, dynamic physics and effects, robust multiplayer framework, and its flexible scripting system called Blueprint. The engine is also fully equipped with dedicated tools and functionalities for animation, AI, lighting, cinematography, and post-processing effects. The most recent version, Unreal Engine 5, introduces real-time Global Illumination and makes film-quality real-time graphics achievable.",https://dev.epicgames.com/documentation/en-us/unreal-engine/unreal-engine-5-4-documentation,https://m.youtube.com/channel/UCBobmJyzsJ6Ll7UbfhI4iwQ,https://www.youtube.com/watch?v=DXDe-2BC4cE
gamedev-native,game-developer,Native Engine Development,Native,,CORE,BRANCH,ALTERNATIVE,,,,,1,EVIDENCE_ALLOWED,65,"native,native engine development",gamedev-game-engine,,"You don't necessarily have to use tools like Unreal, Unity3d, or Godot to make games. You can also use native languages like C++ or Rust to make games. However, you will have to do a lot of work yourself, and you will have to learn a lot of things that are already done for you in game engines.",https://roadmap.sh/cpp,https://roadmap.sh/rust,https://learn.microsoft.com/en-us/cpp/overview/game-development-cpp?view=msvc-170
gamedev-godot,game-developer,Godot,Godot,,CORE,BRANCH,ALTERNATIVE,,,,,1,EVIDENCE_ALLOWED,65,godot,gamedev-game-engine,,"Godot is an open-source, multi-platform game engine that is known for being feature-rich and user-friendly. It is developed by hundreds of contributors from around the world and supports the creation of both 2D and 3D games. Godot uses its own scripting language, GDScript, which is similar to Python, but it also supports C#. It is equipped with a unique scene system and comes with a multitude of tools that can expedite the development process. Godot's design philosophy centers around flexibility, extensibility, and ease of use, providing a handy tool for both beginners and pros in game development.",https://github.com/godotengine/godot,https://godotengine.org/,https://docs.godotengine.org/en/stable/
gamedev-programming-languages,game-developer,,Programming Languages,5,PRACTICAL,MAIN,CORE,,,CHOOSE_ONE,1,3,EVIDENCE_ALLOWED,65,"programming,language,scripting,game,code",,gamedev-game-engine,"Programming languages are very crucial to game development as they are the backbone of game design and functionality. A variety of languages can be used, but some are more commonly preferred in the industry due to their robustness and efficiency. The most popular ones include C++, C#, and Java. **C++**, a high-level language primarily used for developing video games, is known for its speed and efficiency. **C#**, which was developed by Microsoft, is extensively used with the Unity game engine to develop multi-platform games. **Java** is well-established in the sector as well, and it often utilized in the development of Android games. It's pivotal for a game developer to select a language that aligns with the project's requirements and nature. Despite the programming language you choose, a deep understanding of its constructs, logic, and capabilities is required for successful game development.",https://roadmap.sh/cpp,https://roadmap.sh/rust,https://roadmap.sh/java
gamedev-csharp,game-developer,C#,C#,,PRACTICAL,BRANCH,ALTERNATIVE,,,,,1,EVIDENCE_ALLOWED,65,".net,asp.net,c#,csharp,dotnet",gamedev-programming-languages,,"CSharp (C#) is a modern, object-oriented programming language developed and maintained by Microsoft. It's primarily used for developing desktop applications and, more prominently, for Windows applications within the Microsoft.Net framework. However, the language is versatile and has a wide range of uses in web services, websites, enterprise software, and even mobile app development. C# is known for its simplicity, type-safety, and support for component-oriented software development. It's also been adopted by Unity, a widely used game engine, thus making it one of the preferred languages for game development.",https://learn.microsoft.com/en-us/dotnet/csharp/,https://en.wikipedia.org/wiki/C_Sharp_(programming_language,
gamedev-c-c,game-developer,C/C++,C/C++,,PRACTICAL,BRANCH,ALTERNATIVE,,,,,1,EVIDENCE_ALLOWED,65,"c,c++,c/c++,cpp",gamedev-programming-languages,,"C and C++ (commonly known as CPP) are two of the most foundational high-level programming languages in computer science. C was developed in the 1970s and it is a procedural language, meaning it follows a step-by-step approach. Its fundamental principles include structured programming and lexical variable scope.",https://en.wikipedia.org/wiki/C_%28programming_language%29,https://en.wikipedia.org/wiki/C%2B%2B,
gamedev-python,game-developer,Python,Python,,PRACTICAL,BRANCH,ALTERNATIVE,,,,,1,EVIDENCE_ALLOWED,65,python,gamedev-programming-languages,,"Python is a popular high-level programming language that was designed by Guido van Rossum and published in 1991.  It is preferred for its simplicity in learning and usage, making it a great choice for beginners. Python's design philosophy emphasizes code readability with its use of significant indentation. Its language constructs and object-oriented approach aim to help developers write clear, logical code for small and large-scale projects. Python is dynamically-typed and garbage-collected. Moreover, it supports multiple programming paradigms, including procedural, object-oriented, and functional programming. Python is often used for web development, software development, database operations, and machine learning. Although not typically used for game development, some game developers utilize Python for scripting and automating tasks.",https://roadmap.sh/python,https://www.python.org/,https://www.python.org/doc/
gamedev-rust,game-developer,Rust,Rust,,PRACTICAL,BRANCH,ALTERNATIVE,,,,,1,EVIDENCE_ALLOWED,65,rust,gamedev-programming-languages,,"Rust is a modern, open-source, multi-paradigm programming language designed for performance and safety, especially safe concurrency. It was initially designed by Mozilla Research as a language that can provide memory safety without garbage collection. Since then, it has gained popularity due to its features and performance that often compare favorably to languages like C++. Its rich type system and ownership model guarantee memory-safety and thread-safety while maintaining a high level of abstraction. Rust supports a mixture of imperative procedural, concurrent actor, object-oriented and pure functional styles.",https://roadmap.sh/rust,https://rustmeup.com/building-games-with-rust,https://youtu.be/BpPEoZW5IiY?si=lyBbBPLXQ0HWdJNr
gamedev-gdscript,game-developer,GDScript,GDScript,,PRACTICAL,BRANCH,ALTERNATIVE,,,,,1,EVIDENCE_ALLOWED,65,gdscript,gamedev-programming-languages,,"GDScript is a high-level, dynamically-typed programming language designed specifically for the Godot Engine, an open-source game development platform. It is tailored for ease of use and rapid development of game logic and functionality. GDScript features a syntax similar to Python, which simplifies learning and coding for developers familiar with Python, while providing direct access to Godot's rich set of built-in functions and game-specific APIs. The language integrates closely with Godot's scene system and scripting environment, enabling developers to create and manipulate game objects, handle input, and control game behavior efficiently.",https://gdscript.com/,https://www.youtube.com/watch?v=e1zJS31tr88,
gamedev-computer-graphics,game-developer,Computer Graphics Fundamentals,Computer Graphics,6,PRACTICAL,MAIN,CORE,,,ALL,,3,EVIDENCE_ALLOWED,65,"graphics,rendering,shader,texture,lighting",,gamedev-programming-languages,"Computer Graphics is a subfield of computer science that studies methods for digitally synthesizing and manipulating visual content. It involves creating and manipulating visual content using specialized computer software and hardware. This field is primarily used in the creation of digital and video games, CGI in films, and also in visual effects for commercials. The field is divided into two major categories: **Raster graphics** and **Vector graphics**. Raster graphics, also known as bitmap, involve the representation of images through a dot matrix data structure, while Vector graphics involve the use of polygons to represent images in computer graphics. Both of these methods have their unique usage scenarios. Other concepts integral to the study of computer graphics include rendering (including both real-time rendering and offline rendering), animation, and 3D modeling. Generally, computer graphics skills are essential for game developers and animation experts.",https://open.umn.edu/opentextbooks/textbooks/420,https://www.youtube.com/watch?v=C8YtdC8mxTU,
gamedev-ray-tracing,game-developer,Computer Graphics Fundamentals,Ray Tracing,,PRACTICAL,BRANCH,CORE,,,,,1,MANUAL_ONLY,,,gamedev-computer-graphics,,"Ray tracing is a rendering technique in computer graphics that simulates the physical behavior of light. It generates images with a high degree of visual realism, as it captures shadows, reflections, and refracts light. Ray tracing follows the path of light backwards from the camera (eye) to the source (light object), calculating the color of each pixel in the image on the way. The color value calculation considers the object from which the ray has reflected or refracted, and the nature of the light source i.e. whether it's ambient, point or spot. Ray tracing algorithm handles effects that rasterization algorithms like scanline rendering and 'Z-buffer' find complex to handle.",https://www.pcmag.com/how-to/what-is-ray-tracing-and-what-it-means-for-pc-gaming,https://www.nvidia.com/en-us/geforce/rtx/,
gamedev-rasterization,game-developer,Computer Graphics Fundamentals,Rasterization,,PRACTICAL,BRANCH,CORE,,,,,1,MANUAL_ONLY,,,gamedev-computer-graphics,,"In the realm of computer graphics, **Rasterization** refers to the process of converting the image data into a bitmap form, i.e., pixels or dots. It is predominantly used in 3D rendering where three-dimensional polygonal shapes are transformed into a two-dimensional image, possessing height, width, and color data. It is a scan-conversion process where vertices and primitives, upon being processed through the graphics pipeline, are mathematically converted into fragments. Every fragment finds its position in a raster grid. The process culminates in fragments becoming pixels in the frame buffer, the final rendered image you see on the screen. However, it's essential to note that rasterization does limit the image's resolution to the resolution of the device on which it is displayed.",https://www.techspot.com/article/1888-how-to-3d-rendering-rasterization-ray-tracing/,,
gamedev-graphics-pipeline,game-developer,Computer Graphics Fundamentals,Graphics Pipeline,,PRACTICAL,BRANCH,CORE,,,,,1,MANUAL_ONLY,,,gamedev-computer-graphics,,"The Graphics Pipeline, also often referred to as the rendering pipeline, is a sequence of steps that a graphics system follows to convert a 3D model into a 2D image or view that can be displayed onto a screen. These steps typically include transformation, clipping, lighting, rasterization, shading, and other processes. Each step in the pipeline represents an operation that prepares or manipulates data to be used in downstream stages. The pipeline begins with a high-level description of a scene and ends with the final image rendered onto the screen. It is a primary concept in computer graphics that developers should learn as it can help in efficient rendering and high-quality visualization.",https://www.cs.cornell.edu/courses/cs4620/2020fa/slides/11pipeline.pdf,https://www.pcmag.com/encyclopedia/term/graphics-pipeline,
gamedev-sampling,game-developer,Computer Graphics Fundamentals,Sampling,,PRACTICAL,BRANCH,CORE,,,,,1,MANUAL_ONLY,,,gamedev-computer-graphics,,"Sampling in computer graphics is a method used to convert a continuous mathematical function (image, signal, light and sound), into a discrete digital representation. The process is done by taking snapshots at regular intervals which are also known as samples, and it's this that gives us the concept of 'sampling'. Some common types of sampling techniques include: uniform sampling (evenly spaced samples), random sampling (samples taken at random intervals), and jittered sampling (a compromise between uniform and random sampling). The higher the sampling rate, the more accurately the original function can be reconstructed from the discrete samples. Effective sampling is a significant aspect of achieving realistic computer graphics.",https://cglearn.eu/pub/computer-graphics/textures-and-sampling,,
gamedev-shader,game-developer,Computer Graphics Fundamentals,Shader,,PRACTICAL,BRANCH,CORE,,,ALL,,1,MANUAL_ONLY,,,gamedev-computer-graphics,,"Shaders are a type of software used in 3D computer graphics. They are utilized to render quality visual effects by making calculations and transformations on image data. Also, a shader is responsible for determining the final color of an object. There are several types of shaders: vertex shaders, geometry shaders, pixel shaders, and compute shaders. Each of these is programmed to manipulate specific attributes of an image, such as its vertices, pixels, and overall geometry. They are essential tools for game developers aiming to produce realistic and engaging visual experiences.",https://www.gamedesigning.org/learn/shaders/,https://gamedevelopment.tutsplus.com/a-beginners-guide-to-coding-graphics-shaders--cms-23313t,
gamedev-rendering-equation,game-developer,,Rendering Equation,,PRACTICAL,BRANCH,CORE,,,,,1,MANUAL_ONLY,,,gamedev-shader,,"The Render Equation, also known as the Rendering Equation, is a fundamental principle in computer graphics that serves as the basis for most advanced lighting algorithms today. First introduced by James Kajiya in 1986, it defines how light interacts with physical objects in a given environment. The equation tries to simulate light's behavior, taking into account aspects such as transmission, absorption, scattering, and emission. The equation can be computationally intensive to solve accurately. It's worth mentioning, however, that many methods have been developed to approximate and solve it, allowing the production of highly realistic images in computer graphics.",https://en.wikipedia.org/wiki/Rendering_equation,https://www.youtube.com/watch?v=wawf7Am6xy0,
gamedev-mapping,game-developer,,Mapping,,PRACTICAL,BRANCH,CORE,,,ALL,,1,MANUAL_ONLY,,,gamedev-shader,,"""Mapping"" in game development, especially in the context of shaders, predominantly refers to Texture Mapping and Normal Mapping. **Texture Mapping** is the application of a texture (an image or colour data) onto a 3D model's surface. It's a process of defining how a 2D surface wraps around a 3D model or the way that a flat image is stretched across a model's surface to paint its appearance. This could be anything from the colour of objects to their roughness or reflectivity. Whereas, **Normal Mapping** is a technique used to create the illusion of complexity in the surface of a 3D model without adding any additional geometry. A Normal Map is a special kind of texture that allows the addition of surface details, such as bumps, grooves, and scratches which catch the light as if they are represented by real geometry, making a low-polygon model appear as a much more complex shape.",https://www.gamedeveloper.com/design/designing-maps-that-complement-game-mechanics,https://code.tutsplus.com/an-introduction-to-creating-a-tile-map-engine--gamedev-10900t,
gamedev-texture,game-developer,,Texture,,PRACTICAL,BRANCH,CORE,,,,,1,MANUAL_ONLY,,,gamedev-mapping,,"`Texture` is the visual quality of an object. Where the `mesh` determines the shape or `topology` of an object, the texture describes the quality of said object. For instance, if there is a spherical mesh, is it supposed to be shiny? is it supposed to be rough? is it supposed to be of rock or of wood? questions of this ilk are often resolved using textures. Textures are often just 2D images that are wrapped onto 3D meshes. The 3D mesh is first divided into segments and unfurled; the 3D meshes are converted into 2D chunks, this process is known as `UV Unwrapping`. Once a mesh has been unwrapped, the textures in the form of an image are applied to the 2D chunks of the 3D mesh, this way the texture knows how to properly wrap around the mesh and avoid any conflicts. Textures determine the visual feel and aesthetics of the game.",https://gamedevinsider.com/making-games/game-artist/texturing-and-materials/,https://www.youtube.com/watch?v=WrCMzHngLxI,https://www.youtube.com/watch?v=o_I6jxlN-Ck
gamedev-bump,game-developer,,Bump,,PRACTICAL,BRANCH,CORE,,,,,1,MANUAL_ONLY,,,gamedev-mapping,,"`Bump` is very similar to texture. It is, as a matter of fact, a type of texture itself. If you take the texture of a bricked wall, it will becoming increasingly obvious that the amount of detail present inside the wall, if geometrically processed would be incredibly demanding and wasteful. In order to combat this ineffeciency, the `bump` maps were created. Traditionally, a flat texture would just be an image of something called a `color map`, that is to say, where does each individual color of the pixel should be to represent a texture. When you take the picture of your floor, wall, or any object, that image in essence is the color map. The bump map is different as it informs the texture about it's `normal` values. So, if you take a flat 2D mesh and apply a bump map on it, it will render the same 2D mesh with all the normal values baked into the flat 2D mesh, creating a graphically effect mimicking 3-dimensionality.",https://developer.valvesoftware.com/wiki/Bump_map,https://www.youtube.com/watch?v=l5PYyzsZED8,https://www.youtube.com/watch?v=43Ilra6fNGc
gamedev-parallax,game-developer,,Parallax,,PRACTICAL,BRANCH,CORE,,,,,1,MANUAL_ONLY,,,gamedev-mapping,,"In game development and graphics, parallax refers to the apparent displacement or difference in the apparent position of an object viewed along two different lines of sight, and is measured by the angle or semi-angle of inclination between those two lines. In simpler terms, parallax is a technique used to create the illusion of depth in 2D environments by moving background layers at different speeds relative to the foreground.",https://www.encora.com/insights/how-to-take-advantage-of-parallax-in-programming-and-video-games,,
gamedev-horizon,game-developer,,Horizon,,PRACTICAL,BRANCH,CORE,,,,,1,MANUAL_ONLY,,,gamedev-mapping,,"In graphics, the horizon refers to a horizontal line that represents the visual boundary where the sky meets the earth or a flat surface, such as the ocean. It's a fundamental concept in perspective and art, serving as a reference point for creating a sense of depth and distance in an image. The placement of the horizon line can significantly impact the composition and mood of an image, with high or low horizon lines creating different effects on the viewer's perception of the scene.",https://en.wikipedia.org/wiki/Vanishing_point,,
gamedev-reflection,game-developer,,Reflection,,PRACTICAL,BRANCH,CORE,,,ALL,,1,MANUAL_ONLY,,,gamedev-shader,,"Reflection in game development, specifically in shaders, is a phenomena that simulates the bouncing off of light from objects similar to the way it happens in the real world. Shaders replicate this effect by emitting rays from the lighting source against the object's surface. When the ray strikes the surface, it will calculate the light? color and angle to define how light should reflect off that surface. Reflection in shaders can further be classified into two types: Specular Reflection and Diffuse Reflection. Specular Reflection is the mirror-like reflection of light from a surface, where each incident ray is reflected with the light ray reflected at an equal but opposite angle. Diffuse Reflection, on the other hand, is the reflection of light into many directions, giving a softer effect. These reflections are quantified in computer graphics often using a reflection model such as the Phong reflection model or the Lambertian reflectance model.",https://developer.nvidia.com/blog/rendering-perfect-reflections-and-refractions-in-path-traced-games/,https://www.youtube.com/watch?v=R1A86lZ8myQ,
gamedev-diffuse,game-developer,,Diffuse,,PRACTICAL,BRANCH,CORE,,,,,1,MANUAL_ONLY,,,gamedev-reflection,,"In the world of 3D rendering and game development, ""diffuse"" refers to diffuse lighting or diffuse reflection. It's a key concept in making objects look three-dimensional and realistically lit.",https://www.a23d.co/blog/difference-between-albedo-and-diffuse-map/,https://cgobsession.com/complete-guide-to-texture-map-types/,
gamedev-specular,game-developer,,Specular,,PRACTICAL,BRANCH,CORE,,,,,1,MANUAL_ONLY,,,gamedev-reflection,,"`Specular` reflections are mirror-like reflections. In these cases, the rays of light are reflected, more than they are absorbed. The angle of incidence is equal to the angle of reflection, that is to say that the angle at which the light enters the medium and then bounces off, the angle of the beam that bounced off would be the same.",https://en.wikipedia.org/wiki/Specular_reflection,https://www.rp-photonics.com/specular_reflection.html,https://www.youtube.com/watch?v=2cFvJkc4pQk
gamedev-computer-animation,game-developer,Computer Graphics Fundamentals,Computer Animation,,PRACTICAL,BRANCH,CORE,,,,,1,MANUAL_ONLY,,,gamedev-computer-graphics,,"Computer animation refers to the art of creating moving images via the use of computers. Increasingly, it's becoming a critical component in the game development industry. Essentially, it's divided into two categories, 2D animation and 3D animation. 2D animation, also referred to as vector animation, involves creation of images in a two-dimensional environment, including morphing, twining, and onion skinning. On the other hand, 3D animation, also known as CGI, involves moving objects and characters in a three-dimensional space. The animation process typically involves the creation of a mathematical representation of a three-dimensional object. This object is then manipulated within a virtual space by an animator to create the final animation. Software like Unity, Maya, and Blender are commonly used for computer animation in game development.",https://www.adobe.com/uk/creativecloud/animation/discover/computer-animation.html,https://unity.com/topics/what-is-computer-animation,
gamedev-color,game-developer,Computer Graphics Fundamentals,Color,,PRACTICAL,BRANCH,CORE,,,,,1,MANUAL_ONLY,,,gamedev-computer-graphics,,"In the realm of computer graphics, color plays an integral role. It can be defined in various color models such as RGB (Red, Green, Blue), CYMK (Cyan, Yellow, Magenta, Black), and others. RGB is a color model that combines the primary colors (red, green, blue) in different amounts to produce a spectrum of colors. This model is often used in digital displays. In contrast, CMYK is a color model used in color printing. It uses cyan, magyenta, yellow, and black as the primary colors. HSL (Hue, Saturation, Lightness) and HSV (Hue, Saturation, Value) are other useful models that represent colors based on human perceptions. Another important element of color in computer graphics is the color depth, also known as bit depth, which determines the number of colors that can be displayed at once.",https://www.khanacademy.org/computing/pixar/animate/ball/v/intro-animation,,
gamedev-visual-perception,game-developer,Computer Graphics Fundamentals,Visual Perception,,PRACTICAL,BRANCH,CORE,,,,,1,MANUAL_ONLY,,,gamedev-computer-graphics,,"Visual Perception is a fundamental aspect of game development, widely explored within the field of computer graphics. It involves the ability to interpret and understand the visual information that our eyes receive, essential to create immersive and dynamic visual experiences in games. The study involves the understanding of light, color, shape, form, depth, and motion, among others, which are key elements to create aesthetically pleasing and engaging graphics. Making full use of visual perception allows the game developers to control and manipulate how the gamers interact with and experience the game world, significantly enhancing not only the visual appeal but also the overall gameplay.",https://www.gamedeveloper.com/design/it-s-all-in-your-mind-visual-psychology-and-perception-in-game-design,https://link.springer.com/chapter/10.1007/978-3-030-45545-3_7,
gamedev-tone-reproduction,game-developer,Computer Graphics Fundamentals,Tone Reproduction,,PRACTICAL,BRANCH,CORE,,,,,1,MANUAL_ONLY,,,gamedev-computer-graphics,,"`Tone Reproduction` or `Tone Mapping` is the technique used in computer graphics to simulate the appearance of high-dynamic-range images in media with a more limited dynamic range. Print-outs, CRT, LCD monitors, and other displays can only reproduce a reduced dynamic range. This technique is widely used in gaming development, where developers employ it to improve the visual experience. The process involves taking light from a scene and mapping it to a smaller range of tones while preserving the visual appearance?.e., regarding brightness, saturation, and hue. There are various tone mapping algorithms available, each with unique attributes suitable for different imaging tasks.",https://graphics-programming.org/resources/tonemapping/index.html,https://www.gamedeveloper.com/audio/sound-design-for-video-games-a-primer,
gamedev-lighting-and-shadow,game-developer,Computer Graphics Fundamentals,Lighting and Shadow,,PRACTICAL,BRANCH,CORE,,,ALL,,1,MANUAL_ONLY,,,gamedev-computer-graphics,,"Lighting and Shadows are paramount elements in computer graphics, significantly contributing to the visual realism of a game. They create depth and a sense of a three-dimensional space in a two-dimensional display. **Lighting** in game development mimics real-world light properties. It involves calculating how light interacts with different objects and surfaces based on their material characteristics and the light's intensity, direction, and color. Various algorithms, like Ray Tracing or Rasterization, are used to simulate these interactions. On the other hand, **shadows** are the areas unlit due to the blockage of light by an object. Producing realistic shadows involves complex computations, factoring in the light's position, the blocking object's shape and size, and the affected area's distance. Shadow Mapping and Shadow Volume are common techniques for creating shadows in game development. Special attention to these aspects can dramatically increase the perceived realism and immersion in the game environment.",https://www.techspot.com/article/1998-how-to-3d-rendering-lighting-shadows/,https://3dskillup.com/effective-lighting-for-games/,https://www.gridpaperstudio.com/post/introduction-to-lighting-in-3d-game-engines-a-beginner-s-guide
gamedev-stencil-shadow,game-developer,,Stencil Shadow,,PRACTICAL,BRANCH,CORE,,,,,1,MANUAL_ONLY,,,gamedev-lighting-and-shadow,,"`Stencil shadows` are a technique used in 3D computer graphics for creating shadows. The stencil shadow algorithm operates by treating a shadow as a 3D volume of space, known as a shadow volume. Any part of the scene that lies inside this shadow volume will be in shadow. If it lies outside the shadow volume, it will be in light. The shadow volume is created by extruding the polygonal silhouette of a 3D object into space along the lines of sight from the light source. For equivalent complex objects, the number of edges or vertices to fill the stencil buffer will generally be less than the number of pixels needed to compute shadow maps, making stencil shadows more efficient in that regard. However, the shadows produced by this technique can look blocky or unrealistic if not further refined.",https://devforum.roblox.com/t/stencil-shadows-implementation/2079287,,
gamedev-shadow-map,game-developer,Computer Graphics Fundamentals,Shadow Map,,PRACTICAL,BRANCH,CORE,,,ALL,,1,MANUAL_ONLY,,,gamedev-computer-graphics,,"Shadow mapping is a technique used in computer graphics to add shadows to a scene. This process involves two steps - generating the shadow map and then rendering the scene. In the shadow map generating step, the scene is rendered from the perspective of the light source capturing depth information. This results in a texture that stores the distance from the light to the nearest surface along each light direction, a ?hadow map? In the scene rendering step, the scene is rendered from the camera? perspective. For each visible surface point, its distance from the light is calculated and compared to the corresponding stored distance in the shadow map. If the point's distance is greater than the stored distance, the point is in shadow; otherwise, it's lit. This information is used to adjust the color of the point, producing the shadow effect.",https://dev.to/hayyanstudio/shadow-mapping-techniques-implementing-shadows-in-3d-scenes-using-shadow-mapping-46hl/,https://gamedev.net/blog/2080/entry-2261232-shadow-mapping-part-1-pcf-and-vsms/,
gamedev-2d,game-developer,,2D,,PRACTICAL,BRANCH,CORE,,,,,1,MANUAL_ONLY,,,gamedev-shadow-map,,"2D Game Development involves creating games in a two-dimensional plane, utilizing flat graphics and typically making use of x and y coordinates. From classic arcade games of the ?0s and ?0s to the rich array of indie games today, 2D game development is a vibrant and diverse sector of the gaming industry. Not only are 2D games visually appealing and nostalgic, but they?e also often more accessible for developers to create due to the simpler mechanics compared to 3D game development.",https://hireindiandevelopers.medium.com/2d-and-3d-game-development-a-comprehensive-guide-7d22c4fdd706,https://gamemaker.io/en/blog/how-to-make-a-2d-game,
gamedev-cube,game-developer,,Cube,,PRACTICAL,BRANCH,CORE,,,,,1,MANUAL_ONLY,,,gamedev-shadow-map,,"In computer graphics, ""cube"" in the context of shadows often refers to using a cube-shaped object to visualize the concept of a ""shadow volume."" Imagine a light source shining on a cube. The silhouette of the cube from the light's perspective, extended infinitely outwards, forms a volume. Any object inside this ""shadow volume"" is considered to be in shadow. While helpful for understanding, shadow volumes themselves are not always shaped like cubes - their complexity depends on the object casting the shadow.",https://dev-tut.com/2022/unity-draw-a-debug-cube/,,
gamedev-cascaded,game-developer,,Cascaded,,PRACTICAL,BRANCH,CORE,,,,,1,MANUAL_ONLY,,,gamedev-shadow-map,,"Cascaded usually refers to cascaded shadow maps, a technique for rendering realistic shadows over a large area.",https://www.gamedev.net/forums/topic/632574-cascading-shadow-maps-best-approach-to-learn/4988720/,,
gamedev-light-source,game-developer,Computer Graphics Fundamentals,Light Source,,PRACTICAL,BRANCH,CORE,,,ALL,,1,MANUAL_ONLY,,,gamedev-computer-graphics,,"In game development, a light source is a critical component that impacts the visual appeal and realism of the scene. It represents any object in the game scene that emits light, such as the sun, a lamp, or a torch. Light sources can be categorized as static or dynamic. Static light sources do not move or change throughout the game, while dynamic light sources can move and their properties can change in real-time. The properties of light sources that can be manipulated include intensity (how bright the light is), color, range (how far the light extends), direction, and type (point, directional, or spot). The lighting and shading effects are then computed based on these light source properties and how they interact with various objects in the game scene.",https://3dskillup.com/effective-lighting-for-games/,https://cgcookie.com/posts/art-of-lighting-game-environments,
gamedev-directional,game-developer,,Directional,,PRACTICAL,BRANCH,CORE,,,,,1,MANUAL_ONLY,,,gamedev-light-source,,"Directional light simulates a distant light source like the sun. It has only a direction, not a specific position, meaning its light rays are parallel and cast consistent shadows regardless of object location within the scene. This makes it ideal for simulating sunlight or moonlight, providing realistic outdoor lighting while being relatively performant for rendering.",https://www.a23d.co/blog/difference-between-albedo-and-diffuse-map/,,
gamedev-spot,game-developer,,Spot,,PRACTICAL,BRANCH,CORE,,,,,1,MANUAL_ONLY,,,gamedev-light-source,,"Spotlights are a common type of light in computer graphics and games that mimic the behavior of real-world spotlights. They offer a range of parameters to adjust their behavior, such as radius, cone angle, falloff, and intensity Spotlights are readily available out of the box in both Unreal and Unity game engines, making them an accessible and powerful tool for adding realistic and dynamic lighting to your scenes.",https://en.wikipedia.org/wiki/Computer_graphics_lighting,,
gamedev-infinite,game-developer,,Infinite,,PRACTICAL,BRANCH,CORE,,,,,1,MANUAL_ONLY,,,gamedev-light-source,,"Infinite refers to concept that deals with rendering scenes or objects that extend beyond the visible boundaries of the screen. This is crucial for creating immersive environments, as it allows developers to simulate vast landscapes or endless spaces without the need to render every detail at once. Techniques such as level of detail (LOD), culling, and procedural generation are often employed to manage performance while maintaining the illusion of infinity.",https://sdlccorp.com/post/procedural-generation-unlocking-infinite-worlds-in-gaming/,https://medium.com/@lemapp09/beginning-game-development-creating-infinite-game-worlds-56f8a2ad5ae5,
gamedev-point,game-developer,,Point,,PRACTICAL,BRANCH,CORE,,,,,1,MANUAL_ONLY,,,gamedev-light-source,,"Point lights are one of the most common types of lights used in computer graphics and games. They resemble real-world light bulbs, emitting light uniformly in all directions. These lights are available out of the box in most game engines and offer a range of customizable parameters, such as intensity, falloff, color, and more. Point lights are the most straightforward type of light, making them ideal for quickly and intuitively lighting up your scenes.",https://blog.logrocket.com/lighting-basics-unity/,https://docs.unity3d.com/6000.0/Documentation/Manual/Lighting.html,
gamedev-visibility-and-occlusion,game-developer,Computer Graphics Fundamentals,Visibility and Occlusion,,PRACTICAL,BRANCH,CORE,,,ALL,,1,MANUAL_ONLY,,,gamedev-computer-graphics,,"""Visibility and occlusion"" in computer graphics refers to the process of determining which parts of a particular object are visible from a certain viewpoint and which are hidden. ""Occlusion"" describes the phenomenon where an object is blocked from view by another object. Understanding these concepts is important for creating realistic renderings in game design. Real-time engines typically use data structures like BSP-trees, Quad-trees or Octrees to quickly identify occlusion. Advanced techniques such as Occlusion culling and Z-buffering are used to further optimize the representation of visible and hidden parts of 3D objects. Understanding the depths and dimensions related to visibility and occlusion empowers the game developer to enhance presentation and performance.",https://medium.com/@Umbra3D/introduction-to-occlusion-culling-3d6cfb195c79,https://ima.udg.edu/~sellares/ComGeo/VisComGra.pdf,
gamedev-occluder,game-developer,,Occluder,,PRACTICAL,BRANCH,CORE,,,ALL,,1,MANUAL_ONLY,,,gamedev-visibility-and-occlusion,,"An Occluder in game development is basically a tool or method used to hide other objects in the game environment. When a certain object, which is known as the occluder, blocks the line of sight to another object from the camera's perspective, the hidden or blocked object does not need to be rendered. This object could be anything from a building to a terrain feature. The process of managing these occluders is known as occlusion culling. The purpose of using occluders is to optimize the game and improve its performance by reducing unnecessary rendering workload. However, it's important to note that setting up occluders requires careful planning to ensure that it does not impact the gameplay or visual quality.",https://80.lv/articles/occluders-and-how-to-use-them-for-level-design/,https://thegamedev.guru/unity-performance/occlusion-culling-tutorial/,
gamedev-fog,game-developer,,Fog,,PRACTICAL,BRANCH,CORE,,,,,1,MANUAL_ONLY,,,gamedev-occluder,,"Fog in game development refers to a visual effect used to simulate atmospheric conditions and enhance the depth perception in a game environment. It creates a gradient of visibility, often fading objects into the background, which can improve performance by reducing the number of objects rendered at a distance. Fog can be implemented in various ways, such as linear fog, which gradually obscures objects based on their distance from the camera, or exponential fog, which creates a more dramatic effect by rapidly increasing the density of fog with distance.",https://gamedev.net/reference/articles/article677.asp,,
gamedev-culling,game-developer,,Culling,,PRACTICAL,BRANCH,CORE,,,ALL,,1,MANUAL_ONLY,,,gamedev-visibility-and-occlusion,,"Culling is a performance optimization strategy employed in game development to improve efficiency and speed. Culling helps in reducing the rendering workload by eliminating the elements that are not visible to the player or are outside the viewport of the game. There are several types of culling, two main being; **frustum culling** and **occlusion culling**. Frustum culling involves eliminating objects that are outside of the camera's field of view. On the other hand, Occlusion culling discards objects that are hidden or blocked by other objects. Culling ensures that only the elements that are necessary or add value to the player's experience are processed.",https://medium.com/@niitwork0921/what-is-culling-in-game-design-a97c0b6344dd,https://gamedevinsider.com/object-culling-in-unreal-engine/,
gamedev-frustum,game-developer,,Frustum,,PRACTICAL,BRANCH,CORE,,,,,1,MANUAL_ONLY,,,gamedev-culling,,"Frustum culling is a standard practice in computer graphics, used in virtually all games to optimize performance by not rendering objects outside of your field of view. Think of your field of view as a frustum, a truncated pyramid shape. The farthest side is called the far clip plane, and the closest side is the near clip plane. Any object in the game that doesn't fall within this frustum is culled, meaning it? not rendered, to improve performance. This feature comes built-in with Unreal Engine.",https://gamedev.net/tutorials/programming/general-and-gameplay-programming/frustum-culling-r4613/,https://www.youtube.com/watch?v=Ql56s1erTMI,
gamedev-light,game-developer,,Light,,PRACTICAL,BRANCH,CORE,,,,,1,MANUAL_ONLY,,,gamedev-culling,,"Light refers to a visual representation of illumination in a 3D environment. It is used to simulate the way light behaves in the real world, adding depth, volume, and realism to objects and scenes. Lighting can be categorized into different types, such as ambient, diffuse, specular, and emissive, each serving a specific purpose in creating a believable and immersive visual experience. Proper lighting can greatly enhance the mood, atmosphere, and overall aesthetic of a scene, making it an essential aspect of graphics and game development.",https://medium.com/my-games-company/using-light-and-color-in-game-development-a-beginners-guide-400edf4a7ae0,https://3dskillup.com/effective-lighting-for-games/,
gamedev-shadow,game-developer,,Shadow,,PRACTICAL,BRANCH,CORE,,,,,1,MANUAL_ONLY,,,gamedev-culling,,Shadows play a crucial role in enhancing the realism and depth of scenes in video games. They help to create a more immersive experience by simulating how light interacts with objects in a 3D environment.,https://dev.to/hayyanstudio/shadow-mapping-techniques-implementing-shadows-in-3d-scenes-using-shadow-mapping-46hl,https://www.gamedeveloper.com/business/real-time-shadow-casting-using-shadow-volumes,https://www.youtube.com/watch?v=RJr14qUt624L
gamedev-clipping,game-developer,,Clipping,,PRACTICAL,BRANCH,CORE,,,ALL,,1,MANUAL_ONLY,,,gamedev-visibility-and-occlusion,,"`Clipping` is a fundamental technique in computer graphics primarily used for efficiently rendering a three-dimensional scene. This process involves eliminating certain parts of objects in the scene that are out-of-view or obstructed by other objects. Clipping can occur in various ways, one of the most common methods being `View-frustum culling` where objects completely outside of the camera view are discarded. The aim of clipping is to optimize the graphic rendering pipeline by reducing the number of polygons that the graphic hardware needs to process. Consequently, this helps in improving the speed and overall performance of the rendering process.",https://www.haroldserrano.com/blog/what-is-clipping-in-opengl,,
gamedev-polygon,game-developer,,Polygon,,PRACTICAL,BRANCH,CORE,,,,,1,MANUAL_ONLY,,,gamedev-clipping,,"In computer graphics and game development, a polygon is a 2D or 3D shape composed of a set of vertices connected by edges. Polygons are used to represent objects, characters, and environments in games and simulations.",https://electronics.howstuffworks.com/3do5.htm,,
gamedev-polyhedron,game-developer,,Polyhedron,,PRACTICAL,BRANCH,CORE,,,,,1,MANUAL_ONLY,,,gamedev-clipping,,"In computer graphics and game development, a polyhedron is a 3D shape composed of a set of polygons that enclose a volume. Polyhedra are used to represent objects, characters, and environments in games and simulations.",https://gamedev.stackexchange.com/questions/140978/need-some-insight-on-mesh-triangulation-and-geodesic-spheres,https://gamedev.net/forums/topic/653589-misc-polyhedon-related-posts-for-game-physics/,
gamedev-graphics-api,game-developer,,Graphics API,7,ADVANCED,MAIN,CORE,,,CHOOSE_ONE,1,3,EVIDENCE_ALLOWED,65,"graphics,api,directx,opengl,vulkan,metal",,gamedev-computer-graphics,"A Graphics API (Application Programming Interface) is a collection of commands, functions, protocols, and tools that game developers use to build games. It forms an interface between the game and the hardware of the device, usually a computer or console, and assists in rendering 2D and 3D graphics performance. Complex tasks such as drawing polygons, texturing, or lighting are encapsulated in a more manageable, higher-level process by the API. Common examples are Vulkan, DirectX, OpenGL, and Metal. Each one varies in availability and performance across different platforms and devices and has unique features that can be utilized for game development.",https://docs.unity3d.com/2022.3/Documentation/ScriptReference/PlayerSettings.SetGraphicsAPIs.html,,
gamedev-directx,game-developer,DirectX,DirectX,,ADVANCED,BRANCH,ALTERNATIVE,,,ALL,,1,EVIDENCE_ALLOWED,65,directx,gamedev-graphics-api,,"DirectX is a collection of Application Programming Interfaces (APIs) developed by Microsoft to handle tasks related to multimedia, especially game programming and video, on Microsoft platforms. It was first introduced in 1995 and has become a crucial component for PC gaming. DirectX serves as an intermediary between a hardware and a software, managing the state of the hardware and giving commands to it. Some technologies under DirectX includes Direct3D for 3D graphics, DirectDraw for 2D graphics, DirectSound for sound, and DirectInput for interfacing with input devices such as keyboard and mouse.",https://visualstudio.microsoft.com/vs/features/directx-game-dev/,https://learn.microsoft.com/en-us/shows/introduction-to-c-and-directx-game-development/,
gamedev-hlsl,game-developer,,HLSL,,ADVANCED,BRANCH,CORE,,,,,1,MANUAL_ONLY,,,gamedev-directx,,"HLSL stands for High-Level Shader Language, and it is the proprietary shading language developed by Microsoft for use with the Microsoft Direct3D API. Just like its counterpart from OpenGL - GLSL, it opens up the power of programmable GPUs for developers by providing capability for creating customized rendering effects or performing operations that are computationally expensive in CPU. HLSL resembles the C programming language, thereby making it easier for developers coming from traditional programming backgrounds. It is often considered an integral part of the Direct X ecosystem and is used for developing complex and visually impressive graphics for games.",https://en.wikipedia.org/wiki/High-Level_Shader_Language,https://docs.vulkan.org/guide/latest/high_level_shader_language_comparison.html,
gamedev-opengl,game-developer,OpenGL,OpenGL,,ADVANCED,BRANCH,ALTERNATIVE,,,ALL,,1,EVIDENCE_ALLOWED,65,opengl,gamedev-graphics-api,,"Open GL, also known as Open Graphics Library, is a cross-language, cross-platform API designed to render 2D and 3D vector graphics. As a software interface for graphics hardware, Open GL provides programmers the ability to create complex graphics visuals in detail. It was first developed by Silicon Graphics Inc. in 1992 and quickly became a highly popular tool in the graphics rendering industry. Open GL is widely used in CAD, virtual reality, scientific visualization, information visualization, and flight simulation. It is also used in video games production where real-time rendering is a requirement. The API is designed to work with a broad range of hardware from different manufacturers. Being open-source, Open GL's code capabilities can be extended by anyone in the software community.",https://www.opengl.org/,https://www.opengl.org/sdk/libs/,https://youtube.com/playlist?list=PLPaoO-vpZnumdcb4tZc4x5Q-v7CkrQ6M-&si=Mr71bYJMgoDhN9h-
gamedev-glsl,game-developer,,GLSL,,ADVANCED,BRANCH,CORE,,,,,1,MANUAL_ONLY,,,gamedev-opengl,,"GLSL (Graphics Library Shader Language) is a high-level shading language inspired by C, based on the syntax of the OpenGL Shading Language. It is used in graphics programming for defining how the graphical content should look. GLSL allows developers to harness the power of modern GPUs (Graphics Processing Units), enabling direct, unconstrained control over graphics rendering. A key aspect of the language is its ability to create shaders, which are small programs that run on the GPU. Shaders are used for various graphical effects like vertex manipulation, pixel color calculations, or post-processing effects.",https://developer.mozilla.org/en-US/docs/Games/Techniques/3D_on_the_web/GLSL_Shaders,,
gamedev-vulkan,game-developer,Vulkan,Vulkan,,ADVANCED,BRANCH,ALTERNATIVE,,,ALL,,1,EVIDENCE_ALLOWED,65,vulkan,gamedev-graphics-api,,"Vulkan is a high-performance, cross-platform API for graphics and computation tasks published by the Khronos Group. Unlike other graphics APIs, Vulkan provides developers with direct control over the GPU and aims to take full advantage of multicore processors, enabling significant performance gains in 3D applications. It supports Windows, Linux, Android, iOS, and MacOS platforms. It's built from ground-up to ensure minimal overhead on the CPU side, providing a more balanced CPU/GPU usage, hence not limiting the game to a single core. Vulkan can be seen as the successor to OpenGL, as it offers lower-level functionality and more efficient multi-threading capabilities.",https://www.vulkan.org/,https://docs.vulkan.org/guide/latest/what_is_vulkan.html,https://developer.nvidia.com/vulkan-driver
gamedev-spir-v,game-developer,,SPIR-V,,ADVANCED,BRANCH,CORE,,,,,1,MANUAL_ONLY,,,gamedev-vulkan,,"`SPIR-V` is a binary intermediate language for graphics and computation kernels, which is defined by the Khronos Group. This programming language has been largely adopted and used by Vulkan, a low-overhead, cross-platform 3D graphics and computing API. Vulkan consumes `SPIR-V` directly, serving as the final shader stage before the GPU. The `SPIR-V` binary format is designed for portability and flexibility, allowing it to be a powerful tool for developers because of its extensibility through the addition of new instructions, without the need to rebuild toolchains or shaders. This makes `SPIR-V` an essential part of Vulkan, especially for game developers creating large, diverse worldscapes and intricate graphics.",https://www.khronos.org/spir/,https://www.khronos.org/opengl/wiki/SPIR-V,
gamedev-opengl-es,game-developer,OpenGL ES,OpenGL ES,,ADVANCED,BRANCH,ALTERNATIVE,,,,,1,EVIDENCE_ALLOWED,65,opengl es,gamedev-graphics-api,,"OpenGL ES (Open Graphics Library for Embedded Systems) is a simplified version of OpenGL, designed for use on systems with lower computational power, such as mobile devices and embedded systems. Despite its semantic simplifications, OpenGL ES still retains high versatility and capability, allowing for high-performance 2D and 3D graphics on these smaller, less powerful systems. OpenGL ES has become particularly popular in mobile game development, with major platforms like Android and iOS providing full support for it. The API is divided into several versions, the latest of which, OpenGL ES 3.2, was released in 2016.",https://lvgl.io/,http://embeddedlightning.com/ugui/,
gamedev-metal,game-developer,Metal,Metal,,ADVANCED,BRANCH,ALTERNATIVE,,,,,1,EVIDENCE_ALLOWED,65,metal,gamedev-graphics-api,,"Metal is a low-level, high-performance, application programming interface (API) developed by Apple. It debuted in iOS 8 and is dedicated to graphics and data-parallel computations. Essentially, it's designed to exploit modern GPU architecture on Apple devices, optimizing performance and power efficiency. This API applies to various platforms, including iOS, macOS, and tvOS. In contrast to high-level APIs like OpenGL, Metal offers a much lower overhead, allowing more direct control over the GPU. For developers, it means that they can squeeze better performance out of the hardware compared to higher-level APIs. With Metal, developers have a much more detailed view and control on the GPU which results in better graphical output and smoother performance.",https://developer.apple.com/metal/,,
gamedev-webgl,game-developer,WebGL,WebGL,,ADVANCED,BRANCH,ALTERNATIVE,,,,,1,EVIDENCE_ALLOWED,65,webgl,gamedev-graphics-api,,"`WebGL` (Web Graphics Library) is a JavaScript API that is used to render interactive 2D and 3D graphics within any compatible web browser without the use of plug-ins. It leverages the power of the Graphics Processing Unit (GPU), which provides high-efficiency rendering. WebGL programs consist of control code written in JavaScript and shader code that's written in OpenGL Shading Language (GLSL), allowing developers to control the fine details of graphics rendering. Besides its compatibility with HTML5 and its ability to render on any platform that supports the web, WebGL is entirely integrated into all web standards, facilitating GPU-accelerated image processing and effects.",https://en.wikipedia.org/wiki/WebGL,https://developer.mozilla.org/en-US/docs/Web/API/WebGL_API/Tutorial/Getting_started_with_WebGL,
gamedev-game-ai,game-developer,Game AI,Game AI,8,ADVANCED,MAIN,CORE,,,ALL,,3,EVIDENCE_ALLOWED,65,"game,ai,pathfinding,behavior,decision,making",,gamedev-graphics-api,"Game AI is a subfield of artificial intelligence (AI) that is used to create video game characters that act and react like real human players. Game AI is used in a variety of video games, from simple puzzle games to complex strategy games. Game AI can be used to create non-player characters (NPCs) that interact with the player, as well as to create intelligent opponents that challenge the player.",https://medium.com/@alidrsn/game-development-with-ai-strategy-tools-and-examples-7ae77257c062,https://modl.ai/ai-game-development/,
gamedev-decision-making,game-developer,Game AI,Decision Making,,ADVANCED,BRANCH,CORE,,,ALL,,1,MANUAL_ONLY,,,gamedev-game-ai,,"In game development, decision making often refers to the logic or processes that determine the behavior of non-playable characters or game environments. Three main types of decision making are used: deterministic, stochastic, and strategic. Deterministic decision making is based on predefined rules. With stochastic decision making, outcomes are probability-based, providing an element of randomness. Strategic decision making involves planning a sequence of actions to achieve a specified goal. Decisions can also be guided using various API tools such as **pathfinding algorithms** (which determine the shortest path between two points) or **decision trees** (which facilitate the selection of an action based on certain conditions). The choice of decision-making method depends largely on the desired complexity and behavior of your game elements.",https://www.cgspectrum.com/blog/game-design-decision-making-troy-dunniway,,
gamedev-decision-tree,game-developer,,Decision Tree,,ADVANCED,BRANCH,CORE,,,,,1,MANUAL_ONLY,,,gamedev-decision-making,,"A Decision Tree is a graphical representation used in game development which helps to visualize the possible outcomes or paths a game could take depending on certain choices made by a gamer. Each branch of the tree represents a possible decision, outcome, or reaction and each node on the tree represents a game situation or event. Decision Trees help game developers in making strategic designs, create complex enemy AI, and overall assists in predicting the interaction or course of the game. It allows game developers to layout the decision points, possible choices and their outcomes, thus making it easier to trace the direction in which the game progresses.",https://www.gamedeveloper.com/programming/behavior-trees-for-ai-how-they-work,https://www.youtube.com/watch?v=bmP4ppe_-cw,
gamedev-state-machine,game-developer,,State Machine,,ADVANCED,BRANCH,CORE,,,,,1,MANUAL_ONLY,,,gamedev-decision-making,,"A State Machine is a conceptual model that is frequently used in game development to manage game states, or conditions. It consists of a number of different 'states', or modes, and the transitions between them. For instance, a mobile game could have states such as 'Start Screen', 'Playing', 'Paused' and 'Game Over'. Each one of these states will have specific commands associated and rules for transitioning to other states. This will govern the flow and behavior of the game. It can be used in AI character behaviors, UI systems, or game-level states. State Machines keep the code organized and manageable, making it easier for developers to implement complex game logic.",https://gamedev.net/tutorials/_/technical/game-programming/state-machines-in-games-r2982/,,
gamedev-behavior-tree,game-developer,,Behavior Tree,,ADVANCED,BRANCH,CORE,,,,,1,MANUAL_ONLY,,,gamedev-decision-making,,"The Behavior Tree is a decision-making system used in game development, primarily for AI character behavior. These trees help define the actions an AI character will take, based on predefined tasks and conditions. The tree structure starts from a single root, branching out to nodes that represent these decisions or tasks. The tasks can be simple, such as moving from one point to another, or can be complex decisions like whether to attack or retreat. This kind of structure is advantageous because it is easy to add, remove, or modify tasks without breaking the tree or affecting other tasks. This makes it highly flexible and easy to manage, irrespective of the complexity of the tasks.",https://www.youtube.com/watch?v=hbHqv9ov8IM&list=PL4G2bSPE_8uklDwraUCMKHRk2ZiW29R6e&index=3&t=16s,https://sterberino.github.io/open-behavior-trees-documentation/index.html,
gamedev-fuzzy-logic,game-developer,,Fuzzy Logic,,ADVANCED,BRANCH,CORE,,,,,1,MANUAL_ONLY,,,gamedev-decision-making,,"Fuzzy Logic is a mathematical logic method that resolves problem-solving and system control. Unlike traditional binary sets (true or false), fuzzy logic variables have a truth value that ranges in degree between 0 and 1. This allows them to handle the concept of partial truth, where the truth value may range between completely true and completely false. In game development, fuzzy logic is often used in artificial intelligence to make the game more realistic. For instance, it can be used to program non-player characters (NPCs) who respond to situational changes dynamically, making the gameplay more engaging and interactive.",https://www.michelepirovano.com/pdf/fuzzy_ai_in_games.pdf,,
gamedev-markov-system,game-developer,,Markov System,,ADVANCED,BRANCH,CORE,,,,,1,MANUAL_ONLY,,,gamedev-decision-making,,"A Markov System or Markov Chain represents a statistical model that is used in decision-making scenarios within game development. This model is based on the notion of ""memorylessness"" where a certain event's probability depends solely on the state attained in the previous event. It employs a sequence of possible events where the probability of each event hinges on the state achieved in the previous event. A common usage of a Markov System is in designing AI behavior within games, where each state symbolizes a different behavior, and transitions between them are governed by the Markov chain probabilities.",https://towardsdatascience.com/modeling-games-with-markov-chains-c7b614731a7f,https://www.gamedeveloper.com/design/advanced-math-in-game-design-random-walks-and-markov-chains-in-action,
gamedev-goal-oriented-behavior,game-developer,,Goal Oriented Behavior,,ADVANCED,BRANCH,CORE,,,,,1,MANUAL_ONLY,,,gamedev-decision-making,,"Goal oriented behavior in game development refers to the artificial intelligence algorithms employed that give non-player characters (NPCs) the ability to make decisions based on certain objectives or tasks. These NPCs analyze the circumstances in the game environment, formulate a plan to achieve specific goals, and then execute it. The degree of sophistication in these algorithms can range from simple pathways to complex problem-solving solutions. As the behavior models are not hard-coded, it provides NPCs with greater adaptability and autonomy.",https://duckduckgo.com/?q=Goal%20Oriented%20Behaviorin%20Game%20Dev+site:www.gamedeveloper.com,,
gamedev-movement,game-developer,Game AI,Movement,,ADVANCED,BRANCH,CORE,,,,,1,MANUAL_ONLY,,,gamedev-game-ai,,"In the context of game development and game API (Application Programming Interface), movement refers to the process of changing the position or orientation of game objects. This involves using programming functions to control objects' movement like walk, run, jump, fly, or any such physical action in the game world. Movement is at the core to creating the dynamics of a game and is critical to both game physics and game logic. Different game engines offer different ways for handling movement. In some APIs, this process could be as simple as setting a new position directly, such as `object.position = new Vector3(5, 10, 0)`. Meanwhile, in others, more complex methods involving real-world physics are required, such as applying forces or altering velocity.",https://www.gamedeveloper.com/design/analyzing-core-character-movement-in-3d,,
gamedev-board-game,game-developer,Game AI,Board Game,,ADVANCED,BRANCH,CORE,,,ALL,,1,MANUAL_ONLY,,,gamedev-game-ai,,"Board Games represent a type of tabletop game that involves counters or pieces moved or placed on a pre-marked surface or ""board"", according to a set of rules. Some games are based on pure strategy, but many contain an element of chance, and others are purely chance, with no element of skill. Games usually have a goal that a player aims to achieve. Early board games represented a battle between two armies, and most modern board games are still based on defeating opponents in terms of counters, winning position, or accruement of points. With the digitalization of board games, developers use various **Game APIs** to create engaging and interactive board game experiences. An API defines a set of rules and protocols for building and interacting with different software applications. Game APIs allow developers to integrate with game-specific features like game mechanics, player statistics, achievements, and more.",https://code.tutsplus.com/how-to-learn-board-game-design-and-development--gamedev-11607a,,
gamedev-minimax,game-developer,,Minimax,,ADVANCED,BRANCH,CORE,,,,,1,MANUAL_ONLY,,,gamedev-board-game,,"`Minimax` is an artificial intelligence (AI) decision-making algorithm mainly used in decision making and game theory, particularly for two player zero-sum games. It formulates a strategy by simulating all possible game scenarios and assuming that the opponent is playing an optimal game. Minimax operates by the player minimizing the possible loss for a worst case scenario and thus making the 'maximum of the minimum' possible scenarios. This algorithm is often combined with `alpha-beta pruning` technique to increase its efficiency.",https://en.wikipedia.org/wiki/Minimax,,
gamedev-ab-pruning,game-developer,,AB Pruning,,ADVANCED,BRANCH,CORE,,,,,1,MANUAL_ONLY,,,gamedev-board-game,,"`Alpha-Beta pruning` is an optimization technique for the minimax algorithm used in artificial intelligence (AI) programming, such as game development. It cuts off branches in the game tree that don't need to be searched because there's already a better move available. It uses two parameters, alpha and beta, which represent the minimum score that the maximizing player is assured of and the maximum score that the minimizing player is assured of, respectively. During the traversal of the game tree, branches of the tree that cannot possibly influence the final decision are not explored. This process 'prunes' the minimax tree, saving computational time and resources.",https://en.wikipedia.org/wiki/Alpha-beta_pruning,https://dev.to/vedantasati03/alpha-beta-pruning-a-deep-dive-into-its-history-implementation-and-functionality-4ojf,
gamedev-mcts,game-developer,,MCTS,,ADVANCED,BRANCH,CORE,,,,,1,MANUAL_ONLY,,,gamedev-board-game,,"""MCTS"", or Monte Carlo Tree Search, is a search algorithm that utilizes methods of decision-making to solve complex problems, commonly implemented in a range of applications, including board games. It essentially operates through building a search tree, node by node, for probable states of a game and then using Monte Carlo simulations to provide a statistical analysis of potential outcomes. It randomly generates moves using the game's determined rules, then makes decisions based on the results of these simulations. In board games, it's often used to determine AI decisions by simulating possible game scenarios, hence contributing to making the AI system more robust and challenging.",https://en.wikipedia.org/wiki/Monte_Carlo_tree_search/,,
gamedev-learning,game-developer,Game AI,Learning,,ADVANCED,BRANCH,CORE,,,ALL,,1,MANUAL_ONLY,,,gamedev-game-ai,,"Machine Learning is a field of study that gives computers the ability to learn without being explicitly programmed. It is a branch of artificial intelligence based on the idea that systems can learn from data, identify patterns and make decisions with minimal human intervention. In terms of game development, machine learning can be used to create NPCs that can learn from the player's actions and adapt to them.",https://en.wikipedia.org/wiki/Machine_learning,https://mitsloan.mit.edu/ideas-made-to-matter/machine-learning-explained,
gamedev-naive-bayes-classifier,game-developer,,Naive Bayes Classifier,,ADVANCED,BRANCH,CORE,,,,,1,MANUAL_ONLY,,,gamedev-learning,,"The Naive Bayes Classifier is a type of probabalistic machine learning model that is utilized for classification tasks. These tasks can range from email filtering to sentiment analysis or even document categorization. This model is termed 'naive' because it operates under the assumption that each input feature is independent from one another. This simplifying assumption allows for the computation of the probabilities involved to be severely less complicated. It follows the Bayes' Theorem equation to predict the class of the given data point. While this classifier might seem simplistic, it holds its own quite well in complex real-world situations. Due to its simplicity and high efficiency, the Naive Bayes Classifier is one of the most reliable and practical methods in machine learning applications.",https://www.machinelearningplus.com/predictive-modeling/how-naive-bayes-algorithm-works-with-example-and-full-code/,https://gamedevacademy.org/text-classification-tutorial-with-naive-bayes/,
gamedev-decision-learning,game-developer,,Decision Learning,,ADVANCED,BRANCH,CORE,,,,,1,MANUAL_ONLY,,,gamedev-learning,,"In the realm of game development, Decision Learning  refers to information systems that recognize and analyze patterns to help in making decisions. It? particularly used in AI game development where decision-making algorithms or artificial intelligence are programmed to learn from and make decisions based on past experiences or an established decision tree. These decisions can be about game behaviors, player interactions, environment changes and so on. Various methods such as reinforcement learning, Bayesian methods, Decision trees, Neural networks are used to facilitate decision learning in game development.",https://medium.com/@alidrsn/game-development-with-ai-strategy-tools-and-examples-7ae77257c062,,
gamedev-reinforcements-learning,game-developer,,Reinforcements Learning,,ADVANCED,BRANCH,CORE,,,,,1,MANUAL_ONLY,,,gamedev-learning,,"`Reinforcement Learning` is a type of Machine Learning which is geared towards making decisions. It involves an agent that learns to behave in an environment, by performing certain actions and observing the results or rewards/results it gets. The main principle of reinforcement learning is to reward good behavior and penalize bad behavior. The agent learns from the consequences of its actions, rather than from being taught explicitly. In the context of game development, reinforcement learning could be used to develop an AI (Artificial Intelligence) which can improve its performance in a game based on reward-driven behavior. The AI gradually learns the optimal strategy, known as policy, to achieve the best result.",https://developer.nvidia.com/blog/rendering-perfect-reflections-and-refractions-in-path-traced-games/,https://m.youtube.com/watch?v=L_4BPjLBF4E,
gamedev-decision-tree-learning,game-developer,,Decision Tree Learning,,ADVANCED,BRANCH,CORE,,,,,1,MANUAL_ONLY,,,gamedev-learning,,"`Decision Tree Learning` is an important concept in game development, particularly in the development of artificial intelligence for game characters. It is a kind of machine learning method that is based on using decision tree models to predict or classify information. A decision tree is a flowchart-like model, where each internal node denotes a test on an attribute, each branch represents an outcome of that test, and each leaf node holds a class label (decision made after testing all attributes). By applying decision tree learning models, computer-controlled characters can make decisions based on different conditions or states. They play a key role in creating complex and interactive gameplay experiences, by enabling game characters to adapt to the player's actions and the ever-changing game environment.",https://medium.com/@aleena.sebastian/game-strategy-optimization-using-decision-trees-d4067008eed1,https://www.codewithc.com/real-time-decision-trees-in-pygame-ai/,https://www.youtube.com/watch?v=HkyWAhr9v8g
gamedev-deep-learning,game-developer,,Deep Learning,,ADVANCED,BRANCH,CORE,,,,,1,MANUAL_ONLY,,,gamedev-learning,,"Deep Learning is a sub-field of machine learning, inspired by the structure and function of the human brain, specifically designed to process complex input/output transformations. It uses artificial neural networks with many layers (hence the term 'deep' learning) to model complex, non-linear hypotheses and discover hidden patterns within large datasets. Deep learning techniques are crucial in game development, primarily in creating intelligent behaviors and features in gaming agents, procedural content generation, and player profiling. You might have heard about the uses of deep learning technologies in popular, cutting-edge games like Google DeepMind's AlphaGo. Coding languages like Python, R, and frameworks like TensorFlow, Keras, and PyTorch are commonly used for deep learning tasks. Learning Deep Learning can be a prominent game-changer in your game development journey.",https://en.wikipedia.org/wiki/Deep_learning,https://www.deeplearningbook.org/,https://www.ibm.com/topics/deep-learning
gamedev-artificial-neural-network,game-developer,,Artificial Neural Network,,ADVANCED,BRANCH,CORE,,,,,1,MANUAL_ONLY,,,gamedev-learning,,"Artificial Neural Networks (ANN) are a branch of machine learning that draw inspiration from biological neural networks. ANNs are capable of 'learning' from observational data, thereby enhancing game development in numerous ways. They consist of interconnected layers of nodes, or artificial neurons, that process information through their interconnected network. Each node's connection has numerical weight that gets adjusted during learning, which helps in optimizing problem solving. ANNs are utilized in various aspects of game development, such as improving AI behavior, procedural content generation, and game testing. They can also be used for image recognition tasks, such as identifying objects or actions in a game environment.",https://www.coursera.org/articles/artificial-neural-network,https://www.ibm.com/topics/neural-networks,
gamedev-advanced-rendering,game-developer,Advanced Rendering Techniques,Advanced Rendering,9,JOB_READY,MAIN,CORE,,,ALL,,3,EVIDENCE_ALLOWED,65,"ray,tracing,pbr,rendering,advanced,graphics",,gamedev-game-ai,"Advanced rendering is a sophisticated technique used in game development that involves translating a 3D model or scene into a 2D image or animation. Advanced rendering techniques can involve various complex methods such as physically-based rendering, ray tracing, global illumination, subsurface scattering, caustics, and volumetric rendering. The use of advanced rendering can result in highly realistic graphics, as it uses complex calculations to depict how light behaves in the real world. Advanced rendering often requires powerful hardware resources and specialized software tools in order to achieve the desired images and animations.",https://www.advances.realtimerendering.com/,https://www.advances.realtimerendering.com/s2024/index.html,
gamedev-real-time-ray-tracing,game-developer,Advanced Rendering Techniques,Real-time Ray Tracing,,JOB_READY,BRANCH,CORE,,,ALL,,1,MANUAL_ONLY,,,gamedev-advanced-rendering,,"Real-time Ray Tracing is a notable advancement in rendering technology. It aims to mimic the way light works in the real world by simulating how each ray of light interacts with different surfaces. In real-time ray tracing, rays of light are generated from the viewer's perspective and sent into the scene. They can reflect off surfaces, refract through materials, or scatter in different directions. These rays can also be absorbed, producing shadows and shaping the visibility of objects. What makes real-time ray tracing special is its ability to calculate all these interactions in real-time, which allows graphics to be much more dynamic and interactive. The complexity of real-time ray tracing involves extensive computational power and it has been a groundbreaking feature in newer hardware and software releases.",https://www.unrealengine.com/en-US/explainers/ray-tracing/what-is-real-time-ray-tracing,https://blogs.nvidia.com/blog/rtx-real-time-ray-tracing/,
gamedev-directx-ray-tracing,game-developer,,DirectX Ray Tracing,,JOB_READY,BRANCH,CORE,,,,,1,MANUAL_ONLY,,,gamedev-real-time-ray-tracing,,"DirectX Ray Tracing (DXR) is an advanced Windows API introduced with DirectX 12. It delivers real-time, cinema-quality rendering to contend development in gaming and professional visualization. It provides highly efficient and straightforward access to RT Core hardware. DXR adds four new concepts to DirectX 12: The acceleration structure, The Ray tracing pipeline state object, Shader tables, and the Command list method (DispatchRays). It represents a significant step forward by Microsoft in embracing Ray Tracing as a new standard in real-time rendering pipelines. For developers, DirectX Ray tracing is straightforward to integrate into existing engines given its easy compatibility with existing DirectX 12 programming models. However, to truly maximize DXR's potential, a deep understanding of both graphics workloads and tracing algorithms is necessary.",https://devblogs.microsoft.com/directx/announcing-microsoft-directx-raytracing/,https://developer.nvidia.com/blog/introduction-nvidia-rtx-directx-ray-tracing/,https://developer.nvidia.com/blog/dx12-raytracing-tutorials/
gamedev-vulkan-ray-tracing,game-developer,,Vulkan Ray Tracing,,JOB_READY,BRANCH,CORE,,,,,1,MANUAL_ONLY,,,gamedev-real-time-ray-tracing,,"`Vulkan Ray Tracing` is an extension of the Vulkan API (Application Programming Interface), which is an open-source, cross-platform API developed by the Khronos Group. Its main goal is to provide developers with greater control over the GPU, enabling better performance and more efficient multisystem and multicore use. The Vulkan Ray Tracing extension provides a standardized ray tracing interface similar to DirectX Raytracing, enabling real-time ray tracing applications to be built on Vulkan. This extension includes a number of functionalities such as acceleration structure building and management, ray tracing shader stages and pipelines, and indirect ray tracing dispatch.",https://developer.nvidia.com/rtx/raytracing/vkray,https://docs.vulkan.org/guide/latest/extensions/ray_tracing.html,
gamedev-optix,game-developer,,OptiX,,JOB_READY,BRANCH,CORE,,,,,1,MANUAL_ONLY,,,gamedev-real-time-ray-tracing,,"`OptiX` is an application framework developed by NVIDIA for achieving high performance ray tracing in graphics processing unit (GPU) programming. It's mainly intended for use in real-time graphics application, scientific simulations, and other visual computing applications. `OptiX` provides key functionalities such as hierarchical object acceleration, programmable ray generation, material shading, and dynamic scene management to achieve fast and state-of-the-art rendering. This highly efficient, scalable and flexible API supports the coding of applications, not just for graphic rendering but also for collision detection and physics simulation. Please note that access to `OptiX` currently requires NVIDIA GeForce, Quadro and Tesla products with Kepler, Maxwell, Pascal, Volta, Turing and later generation GPUs.",https://developer.nvidia.com/optix/,https://developer.nvidia.com/rtx/ray-tracing/optix,
gamedev-physically-based-rendering,game-developer,Advanced Rendering Techniques,Physically-Based Rendering,,JOB_READY,BRANCH,CORE,,,ALL,,1,MANUAL_ONLY,,,gamedev-advanced-rendering,,"Physically Based Rendering (PBR) is a technique in computer graphics that aims to mimic the interaction of light with surfaces in the real world. It models how light behaves, from reflection to refraction, in a way that accurately represents reality. The PBR model factors in physical properties of materials, such as roughness or metallicity, making the rendering output more consistent and predictable under different lighting conditions. It uses complex shading algorithms and light calculations to generate a high level of realism. In order to achieve this, many PBR systems use a combination of two important components: the Bidirectional Reflectance Distribution Function (BRDF), which defines how light is reflected off an object, and the Bidirectional Surface Scattering Reflectance Distribution Function (BSSRDF), which handles how light scatters under the surface of an object.",https://dev.epicgames.com/community/learning/tutorials/Yx3q/unreal-engine-physically-based-rendering-pbr-explained-in-depth,,
gamedev-microsurface-scattering,game-developer,,Microsurface Scattering,,JOB_READY,BRANCH,CORE,,,,,1,MANUAL_ONLY,,,gamedev-physically-based-rendering,,"Microsurface scattering, also known as sub-surface scattering, is an important phenomenon in Physically Based Rendering (PBR). This process involves the penetration of light into the surface of a material, where it is scattered by interacting with the material. In other words, when light strikes an object, rather than simply bouncing off the surface, some of it goes into the object and gets scattered around inside before getting re-emitted. It is key to achieving more realistic rendering of translucent materials like skin, marble, milk, and more. Consider it essential for replicating how light interacts with real-world materials in a convincing manner in your game.",https://gamedev.net/forums/topic/600708-subsurface-scattering/,https://therealmjp.github.io/posts/sss-intro/,https://www.youtube.com/watch?v=GkjvYSbGHg4
gamedev-translucency-and-transparency,game-developer,,Translucency & Transparency,,JOB_READY,BRANCH,CORE,,,,,1,MANUAL_ONLY,,,gamedev-physically-based-rendering,,"In the realm of physically-based rendering, translucency and transparency act as key aspects in creating visually authentic and compelling images. Transparency refers to the property of an object that allows light to pass through it unhindered, hence making the object clear or invisible. This is commonly seen in materials such as glass, clear plastic, and water. On the other hand, translucency describes how light interacts with a semi-transparent object. Instead of passing directly through, light enters the object, travels within for some distance and then exits at a different location. Common examples of such surfaces include human skin, marble, milk, or wax, which exhibit a soft, diffused lighting effect when light rays pass through them. The technique to achieve this effect in graphics involves subsurface scattering, where incoming light is scattered beneath the object's surface, illuminated it in a way that showcases the material's internal structure.",https://learnopengl.com/Advanced-OpenGL/Blending,,
gamedev-conservation-of-energy,game-developer,,Conservation of Energy,,JOB_READY,BRANCH,CORE,,,,,1,MANUAL_ONLY,,,gamedev-physically-based-rendering,,"In the realm of physically-based rendering, translucency and transparency act as key aspects in creating visually authentic and compelling images. Transparency refers to the property of an object that allows light to pass through it unhindered, hence making the object clear or invisible. This is commonly seen in materials such as glass, clear plastic, and water. On the other hand, translucency describes how light interacts with a semi-transparent object. Instead of passing directly through, light enters the object, travels within for some distance and then exits at a different location. Common examples of such surfaces include human skin, marble, milk, or wax, which exhibit a soft, diffused lighting effect when light rays pass through them. The technique to achieve this effect in graphics involves subsurface scattering, where incoming light is scattered beneath the object's surface, illuminated it in a way that showcases the material's internal structure.",https://dev.to/fkkarakurt/geometry-and-primitives-in-game-development-1og,,
gamedev-metallicity,game-developer,,Metallicity,,JOB_READY,BRANCH,CORE,,,,,1,MANUAL_ONLY,,,gamedev-physically-based-rendering,,"In Physically Based Rendering (PBR), Metallicity is a critical property of a material, which influences how it interacts with light. It's a binary property, indicating whether the material is a 'metal' or 'non-metal'. Metals have a high metallicity value (often 1), non-metals (such as wood, plastic, etc.) have a low metallicity value (often 0). Interestingly, with PBR, there exists no 'partially metal' materials - it's an all or nothing characteristic. This property significantly impacts color handling, too, as metals derive their color from specular reflection while non-metals derive from subsurface scattering (diffuse).",https://en.wikipedia.org/wiki/Physically_based_rendering,https://www.adobe.com/products/substance3d/discover/pbr.html,
qa-learn-the-fundamentals,qa,QA Fundamentals,Learn the Fundamentals,1,FOUNDATION,MAIN,CORE,,,ALL,,3,EVIDENCE_ALLOWED,65,"quality,assurance,testing,fundamentals,qa",,,"The phrase ""fit for use or purpose"" sums up quality, which is incredibly difficult to define. It all comes down to fulfilling the requirements and expectations of the consumer in terms of the product's usefulness, design, dependability, durability, and price.",,,
qa-test-oracles,qa,QA Fundamentals,Test Oracles,,FOUNDATION,BRANCH,CORE,,,,,1,MANUAL_ONLY,,,qa-learn-the-fundamentals,,"A test oracle is a mechanism; different from the program itself that can be used to check the correctness of the program's output for the test cases. Conceptually, we can consider testing a process in which the test cases are given to the test oracle and the program under testing.",https://ecomputernotes.com/software-engineering/what-are-test-oracles,https://www.youtube.com/watch?v=DR22zNNetp0&t=1s,
qa-test-prioritization,qa,QA Fundamentals,Test Prioritization,,FOUNDATION,BRANCH,CORE,,,,,1,MANUAL_ONLY,,,qa-learn-the-fundamentals,,"Test prioritization is ordering the test cases to be conducted eventually. Prioritizing test cases aids to meet two important constraints, namely time and budget in software testing to enhance the fault detection rate as early as possible.",https://www.browserstack.com/guide/test-case-prioritization,https://www.professionalqa.com/test-prioritization,https://testomat.io/features/test-case-priorities/
qa-what-is-quality-assurance,qa,QA Fundamentals,What is Quality Assurance?,,FOUNDATION,BRANCH,CORE,,,,,1,MANUAL_ONLY,,,qa-learn-the-fundamentals,,"Quality is extremely hard to define, and it is simply stated: ??it for use or purpose.??It is all about meeting the needs and expectations of customers concerning the functionality, design, reliability, durability, & price of the product.",https://www.guru99.com/all-about-quality-assurance.html,https://www.ministryoftesting.com/articles/what-do-software-testers-do,https://app.daily.dev/tags/qa?ref=roadmapsh
qa-qa-mindset,qa,QA Fundamentals,QA Mindset,,FOUNDATION,BRANCH,CORE,,,,,1,MANUAL_ONLY,,,qa-learn-the-fundamentals,,"As a Quality Assurance Engineer, your primary responsibility is to nurture a proactive, quality-centric, and holistic mindset throughout the organization. This involves promoting the understanding that quality is not solely the responsibility of the QA chapter, or achieved through manual testing alone, but rather a shared commitment that requires collaboration from all team members. Quality should be seamlessly integrated into every phase of the software development lifecycle, from requirements gathering to deployment and maintenance. Your role is to take initiative, provide guidance, and lead the company in adopting best practices and methodologies that prioritize quality. By educating and empowering your colleagues, you can foster a culture where everyone understands the significance of delivering high-quality products and is equipped with the knowledge and tools to contribute effectively to this goal.",https://softwaretester.careers/the-software-testers-mindset/,https://theqalead.com/careers/quality-assurance-skills/,https://medium.com/@blakenorrish/how-to-think-like-a-tester-7a174ff6aeaf
qa-testing-approaches,qa,QA Fundamentals,Testing Approaches,,FOUNDATION,BRANCH,CORE,,,ALL,,1,MANUAL_ONLY,,,qa-learn-the-fundamentals,,Test approach has two techniques:,https://www.qualitylogic.com/knowledge-center/functional-testing-approaches-agile-considerations/,https://app.daily.dev/tags/testing?ref=roadmapsh,
qa-white-box-testing,qa,,White Box Testing,,FOUNDATION,BRANCH,CORE,,,,,1,MANUAL_ONLY,,,qa-testing-approaches,,"White Box Testing is a technique in which software?? internal structure, design, and coding are tested to verify input-output flow and improve design, usability, and security. In white box testing, code is visible to testers, so it is also called Clear box testing, Open box testing, Transparent box testing, Code-based testing, and Glass box testing.",https://www.guru99.com/white-box-testing.html,https://www.softwaretestinghelp.com/white-box-testing-techniques-with-example/,https://app.daily.dev/tags/testing?ref=roadmapsh
qa-gray-box-testing,qa,,Gray Box Testing,,FOUNDATION,BRANCH,CORE,,,,,1,MANUAL_ONLY,,,qa-testing-approaches,,Gray box testing is a software testing technique to test a software product or application with partial knowledge of the internal structure of the application. The purpose of gray box testing is to search and identify the defects due to improper code structure or improper use of applications.,https://www.guru99.com/grey-box-testing.html,https://app.daily.dev/tags/testing?ref=roadmapsh,
qa-black-box-testing,qa,,Black Box Testing,,FOUNDATION,BRANCH,CORE,,,,,1,MANUAL_ONLY,,,qa-testing-approaches,,"Black Box Testing is a software testing method in which the functionalities of software applications are tested without having knowledge of internal code structure, implementation details and internal paths. Black Box Testing mainly focuses on input and output of software applications and it is entirely based on software requirements and specifications. It is also known as Behavioral Testing.",https://www.guru99.com/black-box-testing.html,https://www.softwaretestinghelp.com/black-box-testing/,https://app.daily.dev/tags/testing?ref=roadmapsh
qa-project-management,qa,QA Fundamentals,Project Management,,FOUNDATION,BRANCH,CORE,,,CHOOSE_ONE,1,1,MANUAL_ONLY,,,qa-learn-the-fundamentals,,"A project is a temporary endeavor to create a unique product, service, or result. A project is temporary because it has a defined beginning and end time, and it is unique because it has a particular set of operations designed to accomplish a goal.",https://www.guru99.com/introduction-project-management-pmp-certification.html,https://huddle.eurostarsoftwaretesting.com/project-management-in-software-testing/,https://www.guru99.com/initiation-phase-project-management-life-cycle.html
qa-atlassian,qa,,Atlassian,,FOUNDATION,BRANCH,ALTERNATIVE,,,,,1,EVIDENCE_ALLOWED,65,atlassian,qa-project-management,,"Jira is a software application used for issue tracking and project management. The tool, developed by the Australian software company Atlassian, has become widely used by agile development teams to track bugs, stories, epics, and other tasks.",https://www.atlassian.com/,https://www.atlassian.com/software/jira/guides/use-cases/what-is-jira-used-for#glossary-of-items,https://www.simplilearn.com/tutorials/jira/what-is-jira-and-how-to-use-jira-testing-software
qa-assembla,qa,,Assembla,,FOUNDATION,BRANCH,ALTERNATIVE,,,,,1,EVIDENCE_ALLOWED,65,assembla,qa-project-management,,"Assembla is an extensive suite of applications for software development, enabling distributed agile teams. It allows development teams to manage, initiate and maintain agile projects, applications and websites.",https://get.assembla.com/projects/,https://www.selecthub.com/project-management-software/assembla,
qa-youtrack,qa,,YouTrack,,FOUNDATION,BRANCH,ALTERNATIVE,,,,,1,EVIDENCE_ALLOWED,65,youtrack,qa-project-management,,"YouTrack is a project management software developed by JetBrains. It?? in the form of a plugin that can be attached to the JetBrains IDEs such as Intellij Idea, and helps create and assign tasks to a development team as well as track the progress of working.",https://www.jetbrains.com/youtrack/,https://medium.com/nerd-for-tech/youtrack-for-beginners-31e1e156fdd0,
qa-trello,qa,,Trello,,FOUNDATION,BRANCH,ALTERNATIVE,,,,,1,EVIDENCE_ALLOWED,65,trello,qa-project-management,,"Trello is a popular, simple, and easy-to-use collaboration tool that enables you to organize projects and everything related to them into boards. With Trello, you can find all kinds of information, such as:",https://trello.com/en,https://www.simplilearn.com/tutorials/project-management-tutorial/what-is-trello,
qa-manage-your-testing,qa,QA Fundamentals,Manage your Testing,,FOUNDATION,BRANCH,CORE,,,CHOOSE_ONE,1,1,MANUAL_ONLY,,,qa-learn-the-fundamentals,,"Test Management is a process of managing the testing activities in order to ensure high quality and high-end testing of the software application. The method consists of organizing, controlling, ensuring traceability and visibility of the testing process in order to deliver the high quality software application. It ensures that the software testing process runs as expected.",https://www.guru99.com/test-management-phases-a-complete-guide-for-testing-project.html,https://app.daily.dev/tags/testing?ref=roadmapsh,
qa-qtest,qa,,qTest,,FOUNDATION,BRANCH,ALTERNATIVE,,,,,1,EVIDENCE_ALLOWED,65,qtest,qa-manage-your-testing,,"qTest is a test management tool used for Project Management, Bug Tracking, and Test Management. It follows the centralized test management concept that helps to communicate easily and assists in rapid development of task across QA team and other stakeholders.",https://www.tutorialspoint.com/qtest/qtest_introduction.htm,https://www.youtube.com/watch?v=1q8vQ2XF9QE,
qa-testlink,qa,,TestLink,,FOUNDATION,BRANCH,ALTERNATIVE,,,,,1,EVIDENCE_ALLOWED,65,testlink,qa-manage-your-testing,,TestLink is most widely used web based open source test management tool. It synchronizes both requirements specification and test specification together. Tester can create test project and document test cases using this tool. With TestLink you can create an account for multiple users and assign different user roles.,https://testlink.org/,,
qa-testrail-manage-your-testing,qa,,TestRail,,FOUNDATION,BRANCH,ALTERNATIVE,,,,,1,EVIDENCE_ALLOWED,65,testrail,qa-manage-your-testing,,"TestRail is a web-based test case management tool. It is used by testers, developers and team leads to manage, track, and organize software testing efforts. TestRail allows team members to enter test cases, organize test suites, execute test runs, and track their results, all from a modern and easy to use web interface.",https://www.gurock.com/testrail/,https://www.softwaretestinghelp.com/testrail-tutorial/,
qa-zephyr,qa,,Zephyr,,FOUNDATION,BRANCH,ALTERNATIVE,,,,,1,EVIDENCE_ALLOWED,65,zephyr,qa-manage-your-testing,,Zephyr is a testing solution that improves the quality of your software by managing and monitoring end-to-end testing. It is very effective for managing manual testing. Its key capabilities include:,https://www.guru99.com/zephyr-agile-jira.html,,
qa-sdlc-delivery-model,qa,SDLC & Methodologies,SDLC Delivery Model,2,FOUNDATION,MAIN,CORE,,,ALL,,3,EVIDENCE_ALLOWED,65,"sdlc,software,development,lifecycle,agile,waterfall",,qa-learn-the-fundamentals,"The Software Development Life Cycle (SDLC) is a process followed for a software project, within a software organization. It consists of a detailed plan describing how to develop, maintain, replace and alter or enhance specific software. The life cycle defines a methodology for improving the quality of software and the overall development process.",https://cadabra.studio/blog/why-is-quality-assurance-important-qa-role-in-sdlc/,https://www.tutorialspoint.com/sdlc/sdlc_overview.htm,https://app.daily.dev/tags/qa?ref=roadmapsh
qa-spiral,qa,SDLC & Methodologies,Spiral,,FOUNDATION,BRANCH,CORE,,,,,1,MANUAL_ONLY,,,qa-sdlc-delivery-model,,"The Spiral Model is a software development lifecycle (SDLC) approach that emphasizes risk management. It involves iterative cycles of planning, risk analysis, engineering, and evaluation. Each cycle builds upon the previous one, gradually refining the software and mitigating potential risks as the project progresses.",https://www.netguru.com/blog/spiral-model-software-engineering,https://devtron.ai/blog/waterfall-vs-agile-vs-spiral-sdlc-methodologies-compared/#spiral-sdlc-model,
qa-v-model,qa,SDLC & Methodologies,V Model,,FOUNDATION,BRANCH,CORE,,,,,1,MANUAL_ONLY,,,qa-sdlc-delivery-model,,V Model is a highly disciplined SDLC model that has a testing phase parallel to each development phase. The V model is an extension of the waterfall model wherein software development and testing is executed in a sequential way. It's also known as the Validation or Verification Model.,https://www.guru99.com/v-model-software-testing.html,,
qa-waterfall,qa,SDLC & Methodologies,Waterfall,,FOUNDATION,BRANCH,CORE,,,,,1,MANUAL_ONLY,,,qa-sdlc-delivery-model,,Waterfall Model is a sequential model that divides software development into pre-defined phases. Each phase must be completed before the next phase can begin with no overlap between the phases. Each phase is designed for performing specific activity during the SDLC phase.,https://www.guru99.com/what-is-sdlc-or-waterfall-model.html,,
qa-agile-model,qa,SDLC & Methodologies,Agile Model,,FOUNDATION,BRANCH,CORE,,,ALL,,1,MANUAL_ONLY,,,qa-sdlc-delivery-model,,"The agile model refers to a software development approach based on iterative development. Agile methods break tasks into smaller iterations or parts that do not directly involve long-term planning. The project scope and requirements are laid down at the beginning of the development process. Plans regarding the number of iterations, the duration, and the scope of each iteration are clearly defined in advance.",https://www.guru99.com/agile-scrum-extreme-testing.html,https://agilemanifesto.org/,https://app.daily.dev/tags/agile?ref=roadmapsh
qa-kanban,qa,,Kanban,,FOUNDATION,BRANCH,CORE,,,,,1,MANUAL_ONLY,,,qa-agile-model,,Kanban is a very popular framework for development in the agile software development methodology. It provides a transparent way of visualizing the tasks and work capacity of a team. It mainly uses physical and digital boards to allow the team members to visualize the current state of the project they are working on.,https://www.atlassian.com/agile/kanban,https://www.guru99.com/kanban-cards-boards-methodology.html,
qa-scrum,qa,,Scrum,,FOUNDATION,BRANCH,CORE,,,,,1,MANUAL_ONLY,,,qa-agile-model,,"Scrum in Software Testing is a methodology for building complex software applications. It provides easy solutions for executing complicated tasks. Scrum helps the development team to focus on all aspects of the software product development like quality, performance, usability, and so on. It provides with transparency, inspection and adaptation during the software development to avoid complexity.",https://www.guru99.com/scrum-testing-beginner-guide.html,https://www.atlassian.com/agile/scrum,https://app.daily.dev/tags/scrum?ref=roadmapsh
qa-xp,qa,,XP,,FOUNDATION,BRANCH,CORE,,,,,1,MANUAL_ONLY,,,qa-agile-model,,"Extreme Programming (XP) is an agile software development framework that aims to produce higher quality software, and higher quality of life for the development team. XP is the most specific of the agile frameworks regarding appropriate engineering practices for software development.",https://www.agilealliance.org/glossary/xp,,
qa-safe,qa,,SAFe,,FOUNDATION,BRANCH,CORE,,,,,1,MANUAL_ONLY,,,qa-agile-model,,"Scaled Agile Framework (SAFe) is a freely available online knowledge base that allows you to apply lean-agile practices at the enterprise level. It provides a simple and lightweight experience for software development. It is a set of organizations and workflow patterns intended to guide enterprises for scaling lean and agile practices. It is divided into three segments which are Team, Program and Portfolio.",https://www.guru99.com/scaled-agile-framework.html,,
qa-testing-methodologies,qa,Testing Methodologies & Techniques,Testing Methodologies,3,FOUNDATION,MAIN,CORE,,,ALL,,3,EVIDENCE_ALLOWED,65,"tdd,bdd,testing,methodology,technique",,qa-sdlc-delivery-model,"Testing methodologies are structured approaches to software testing, each with its own philosophy and techniques. Test-Driven Development (TDD) involves writing tests before writing the code, ensuring the code meets specific requirements. Acceptance Test-Driven Development (ATDD) focuses on defining acceptance criteria collaboratively with stakeholders, driving development from a business perspective. Behavior-Driven Development (BDD) uses plain language descriptions of system behavior to create tests, promoting better communication between developers, testers, and business stakeholders. Root Cause Analysis (RCA) is a systematic process for identifying the underlying causes of problems or defects, aiming to prevent recurrence rather than just addressing the symptoms.",,,
qa-tdd,qa,Testing Methodologies & Techniques,TDD,,FOUNDATION,BRANCH,CORE,,,,,1,MANUAL_ONLY,,,qa-testing-methodologies,,"Test Driven Development (TDD) is software development approach in which test cases are developed to specify and validate what the code will do. In simple terms, test cases for each functionality are created and tested first and if the test fails then the new code is written in order to pass the test and making code simple and bug-free.",https://www.guru99.com/test-driven-development.html,https://pt.coursera.org/learn/test-and-behavior-driven-development-tdd-bdd,https://app.daily.dev/tags/tdd?ref=roadmapsh
qa-atdd,qa,Testing Methodologies & Techniques,ATDD,,FOUNDATION,BRANCH,CORE,,,,,1,MANUAL_ONLY,,,qa-testing-methodologies,,"ATDD is a collaborative approach where the whole team defines acceptance criteria before development begins. These acceptance criteria are then turned into automated tests, which guide the development process. The goal is to ensure that the software meets the specific needs and expectations of the stakeholders.",https://www.browserstack.com/guide/what-is-test-driven-development,https://en.wikipedia.org/wiki/Acceptance_test-driven_development,
qa-bdd,qa,Testing Methodologies & Techniques,BDD,,FOUNDATION,BRANCH,CORE,,,,,1,MANUAL_ONLY,,,qa-testing-methodologies,,"Behavior-Driven Development (BDD) is a software development process that emphasizes collaboration between developers, testers, and business stakeholders. It focuses on defining the expected behavior of the software in plain language, using examples to illustrate the desired functionality. These examples are then translated into automated tests, ensuring that the software meets the agreed-upon requirements.",https://katalon.com/resources-center/blog/bdd-testing,https://smartbear.com/blog/what-is-bdd-testing/,
qa-rca,qa,Testing Methodologies & Techniques,RCA,,FOUNDATION,BRANCH,CORE,,,,,1,MANUAL_ONLY,,,qa-testing-methodologies,,"Root Cause Analysis (RCA) is a systematic problem-solving method that aims to identify the fundamental reasons behind an issue or event. It goes beyond addressing the immediate symptoms to uncover the core factors that led to the problem, to prevent recurrence. By understanding the underlying causes, effective solutions can be implemented to eliminate or mitigate the risk of similar issues happening again.",https://www.elastic.co/what-is/root-cause-analysis,https://www.youtube.com/watch?v=7t3lTYEd_PM,
qa-testing-techniques,qa,Testing Methodologies & Techniques,Testing Techniques,,FOUNDATION,BRANCH,CORE,,,ALL,,1,MANUAL_ONLY,,,qa-testing-methodologies,,"Testing Techniques are methods applied to evaluate a system or a component with a purpose to find if it satisfies the given requirements. Testing of a system helps to identify gaps, errors, or any kind of missing requirements differing from the actual requirements. These techniques ensure the overall quality of the product or software including performance, security, customer experience, and so on.",https://www.elprocus.com/what-are-testing-techniques-types-advantages-disadvantages/,https://app.daily.dev/tags/testing?ref=roadmapsh,
qa-non-functional-testing,qa,,Non-Functional Testing,,FOUNDATION,BRANCH,CORE,,,ALL,,1,MANUAL_ONLY,,,qa-testing-techniques,,"Non-functional testing is a type of software testing to test non-functional parameters such as reliability, load test, performance, and accountability of the software. The primary purpose of non-functional testing is to test the reading speed of the software system as per non-functional parameters. The parameters of non-functional testing are never tested before the functional testing.",https://www.browserstack.com/guide/what-is-non-functional-testing,https://www.evaluat.com/blog/load-vs-stress-vs-performance-testing,
qa-load-testing,qa,,Load Testing,,FOUNDATION,BRANCH,CORE,,,,,1,MANUAL_ONLY,,,qa-non-functional-testing,,"Load Testing is a type of Performance Testing that determines the performance of a system, software product, or software application under real-life-based load conditions. Load testing determines the behavior of the application when multiple users use it at the same time. It is the response of the system measured under varying load conditions.",https://www.evaluat.com/blog/real-browser-load-testing,,
qa-performance-testing,qa,,Performance Testing,,FOUNDATION,BRANCH,CORE,,,,,1,MANUAL_ONLY,,,qa-non-functional-testing,,"Performance Testing is a subset of Performance Engineering. It is a process of evaluating a system?? behavior under various extreme conditions. The main intent of performance testing is monitoring and improving key performance indicators such as response time, throughput, memory, CPU utilization, and more.",https://www.evaluat.com/blog/what-is-performance-testing,https://www.evaluat.com/blog/core-web-vitals-load-testing,https://www.evaluat.com/blog/p95-p99-response-time
qa-stress-testing,qa,,Stress Testing,,FOUNDATION,BRANCH,CORE,,,,,1,MANUAL_ONLY,,,qa-non-functional-testing,,`Stress Testing` is a type of `Performance Testing`. The objective of stress testing is to identify the breaking point of application under test under extreme normal load.,https://www.evaluat.com/blog/stress-testing-a-website,,
qa-security-testing-non-functional-testing,qa,,Security Testing,,FOUNDATION,BRANCH,CORE,,,,,1,MANUAL_ONLY,,,qa-non-functional-testing,,"Security Testing is a type of Software Testing that uncovers vulnerabilities, threats, or risks in a software application and prevents malicious attacks from intruders. The purpose of Security Tests is to identify all possible loopholes and weaknesses of the software system which might result in a loss of information, revenue, repute at the hands of the employees or outsiders of the organization.",https://www.guru99.com/what-is-security-testing.html,https://brightsec.com/blog/security-testing/,https://app.daily.dev/tags/security?ref=roadmapsh
qa-accessibility-testing,qa,,Accessibility Testing,,FOUNDATION,BRANCH,CORE,,,,,1,MANUAL_ONLY,,,qa-non-functional-testing,,"Accessibility Testing is defined as a type of Software Testing performed to ensure that the application being tested is usable by people with disabilities like hearing, color blindness, old age, low vision and other disadvantaged groups.",https://www.guru99.com/accessibility-testing.html,https://www.softwaretestinghelp.com/what-is-web-accessibility-testing/,https://www.ibm.com/able/
qa-functional-testing,qa,,Functional Testing,,FOUNDATION,BRANCH,CORE,,,ALL,,1,MANUAL_ONLY,,,qa-testing-techniques,,Functional testing is a type of software testing that validates the software system against the functional requirements/specifications. The purpose of Functional tests is to test each function of the software application by providing appropriate input and verifying the output against the Functional requirements.,https://www.evaluat.com/blog/functional-testing-vs-performance-testing,https://www.browserstack.com/guide/functional-testing,
qa-uat,qa,,UAT,,FOUNDATION,BRANCH,CORE,,,,,1,MANUAL_ONLY,,,qa-functional-testing,,"User Acceptance Testing (UAT) is a type of testing performed by the end user or the client to verify/accept the software system before moving the software application to the production environment. UAT is done in the final phase of testing after functional, integration and system testing is done.",https://www.guru99.com/user-acceptance-testing.html,https://www.youtube.com/watch?v=AU8SV7091-s,
qa-exploratory-testing,qa,,Exploratory Testing,,FOUNDATION,BRANCH,CORE,,,,,1,MANUAL_ONLY,,,qa-functional-testing,,"Exploratory testing is evaluating a product by learning about it through exploration and experimentation, including to some degree: questioning, study, modeling, observation, inference, etc.",https://www.satisfice.com/exploratory-testing,https://www.satisfice.com/blog/archives/1509,https://www.satisfice.com/blog/archives/1504
qa-sanity-testing,qa,,Sanity Testing,,FOUNDATION,BRANCH,CORE,,,,,1,MANUAL_ONLY,,,qa-functional-testing,,"Sanity testing is a kind of Software Testing performed after receiving a software build, with minor changes in code, or functionality, to ascertain that the bugs have been fixed and no further issues are introduced due to these changes. The goal is to determine that the proposed functionality works roughly as expected. If sanity test fails, the build is rejected to save the time and costs involved in a more rigorous testing.","https://www.browserstack.com/guide/sanity-testing#:~:text=Sanity%20Testing%20or%20Surface%20Level,working%20properly%20without%20any%20bugs.",,
qa-regression-testing,qa,,Regression Testing,,FOUNDATION,BRANCH,CORE,,,,,1,MANUAL_ONLY,,,qa-functional-testing,,Regression Testing is a type of software testing to confirm that a recent program or code change has not adversely affected existing features. Regression testing is a black box testing technique. Test cases are re-executed to check the previous functionality of the application is working fine and that the new changes have not produced any bugs.,https://www.evaluat.com/blog/performance-regression-testing,https://katalon.com/resources-center/blog/regression-testing,https://www.youtube.com/watch?v=xmQuLTarGI4
qa-smoke-testing,qa,,Smoke Testing,,FOUNDATION,BRANCH,CORE,,,,,1,MANUAL_ONLY,,,qa-functional-testing,,Smoke Testing is a software testing process that determines whether the deployed software build is stable or not. Smoke testing is a confirmation for QA team to proceed with further software testing. It consists of a minimal set of tests run on each build to test software functionalities.,https://www.evaluat.com/blog/smoke-testing-vs-performance-testing,,
qa-unit-testing,qa,,Unit Testing,,FOUNDATION,BRANCH,CORE,,,,,1,MANUAL_ONLY,,,qa-functional-testing,,"Unit testing is where individual **units** (modules, functions/methods, routines, etc.) of software are tested to ensure their correctness. This low-level testing ensures smaller components are functionally sound while taking the burden off of higher-level tests. Generally, a developer writes these tests during the development process and they are run as automated tests.",https://www.guru99.com/unit-testing-guide.html,https://youtu.be/3kzHmaeozDI,https://app.daily.dev/tags/testing?ref=roadmapsh
qa-integration-testing,qa,,Integration Testing,,FOUNDATION,BRANCH,CORE,,,,,1,MANUAL_ONLY,,,qa-functional-testing,,Integration Testing is a type of testing where software modules are integrated logically and tested as a group. A typical software project consists of multiple software modules coded by different programmers. This testing level aims to expose defects in the interaction between these software modules when they are integrated. Integration Testing focuses on checking data communication amongst these modules.,https://www.guru99.com/integration-testing.html,https://app.daily.dev/tags/testing?ref=roadmapsh,
qa-mocking,qa,,Mocking,,FOUNDATION,BRANCH,CORE,,,,,1,MANUAL_ONLY,,,qa-functional-testing,,"Mocking is a testing technique where you replace real dependencies (like databases, APIs, or other services) with simulated objects that mimic their behavior. This allows you to isolate the code you're testing and verify that it interacts correctly with those dependencies, without actually relying on them being available or behaving predictably.",https://medium.com/@david.christianto05/software-testing-mock-testing-76f572b58936,https://microsoft.github.io/code-with-engineering-playbook/automated-testing/unit-testing/mocking/,https://nodejs.org/en/learn/test-runner/mocking#mocking-in-tests
qa-manual-testing,qa,Manual Testing,Manual Testing,4,CORE,MAIN,CORE,,,ALL,,3,EVIDENCE_ALLOWED,65,"manual,testing,test,case,planning",,qa-testing-methodologies,"Manual Testing is a type of software testing in which test cases are executed manually by a tester without using any automated tools. The purpose of Manual Testing is to identify the bugs, issues, and defects in the software application. Manual software testing is the most primitive technique of all testing types, and it helps to find critical bugs in the software application.",https://www.guru99.com/manual-testing.html,https://app.daily.dev/tags/qa?ref=roadmapsh,
qa-test-cases-and-scenarios,qa,Manual Testing,Test Cases and Scenarios,,CORE,BRANCH,CORE,,,,,1,MANUAL_ONLY,,,qa-manual-testing,,"A Test Case is a set of actions executed to verify a particular feature or functionality of your software application. A Test Case contains test steps, test data, precondition, and postcondition developed for a specific test scenario to verify any requirement. The test case includes specific variables or conditions, using which a testing engineer can compare expected and actual results to determine whether a software product is functioning as per the requirements of the customer.",https://www.guru99.com/test-case-vs-test-scenario.html,https://www.guru99.com/test-case.html,
qa-compatibility,qa,Manual Testing,Compatibility,,CORE,BRANCH,CORE,,,,,1,MANUAL_ONLY,,,qa-manual-testing,,"Compatibility is nothing but the capability of existing or living together. Compatibility Testing is a type of Software testing to check whether your software is capable of running on different hardware, operating systems, applications, network environments or Mobile devices.",https://www.guru99.com/compatibility-testing.html,,
qa-verification-and-validation,qa,Manual Testing,Verification and Validation,,CORE,BRANCH,CORE,,,,,1,MANUAL_ONLY,,,qa-manual-testing,,"Verification in Software Testing is a process of checking documents, design, code, and program in order to check if the software has been built according to the requirements or not. The main goal of verification process is to ensure quality of software application, design, architecture etc. The verification process involves activities like reviews, walk-throughs and inspection.",https://www.guru99.com/verification-v-s-validation-in-a-software-testing.html,https://www.guru99.com/design-verification-process.html,
qa-test-planning,qa,Manual Testing,Test Planning,,CORE,BRANCH,CORE,,,,,1,MANUAL_ONLY,,,qa-manual-testing,,"A Test Plan is a detailed document that describes the test strategy, objectives, schedule, estimation, deliverables, and resources required to perform testing for a software product. Test Plan helps us determine the effort needed to validate the quality of the application under test.",https://www.guru99.com/test-planning.html,,
qa-backend-automation,qa,API & Backend Test Automation,Backend Automation,5,CORE,MAIN,CORE,,,CHOOSE_ONE,1,3,EVIDENCE_ALLOWED,65,"api,backend,automation,testing",,qa-manual-testing,"Backend Testing is a testing method that checks the server side or database of web applications or software. Backend testing aims to test the application layer or database layer to ensure that the web application or software is free from database defects like deadlock, data corruption, or data loss.",https://www.guru99.com/what-is-backend-testing.html,https://app.daily.dev/tags/automation?ref=roadmapsh,
qa-karateframework,qa,API & Backend Test Automation,Karateframework,,CORE,BRANCH,ALTERNATIVE,,,,,1,EVIDENCE_ALLOWED,65,"api & backend test automation,karateframework",qa-backend-automation,,"Karate is the only open-source tool to combine API test-automation, mocks, performance-testing and even UI automation into a single, unified framework. The BDD syntax popularized by Cucumber is language-neutral, and easy for even non-programmers. Assertions and HTML reports are built-in, and you can run tests in parallel for speed.",https://www.karatelabs.io/,https://github.com/karatelabs/karate/blob/master/karate-core/src/test/resources/karate-map.jpg?raw=true,https://www.youtube.com/watch?v=1f6xtJpRx4k&list=PLhW3qG5bs-L-y5Q1zDXJAur1JNZVFB534
qa-cypress-backend-automation,qa,Cypress,Cypress,,CORE,BRANCH,ALTERNATIVE,,,,,1,EVIDENCE_ALLOWED,65,cypress,qa-backend-automation,,"Cypress framework is a JavaScript-based end-to-end testing framework built on top of Mocha ??a feature-rich JavaScript test framework running on and in the browser, making asynchronous testing simple and convenient. It also uses a BDD/TDD assertion library and a browser to pair with any JavaScript testing framework.",https://www.cypress.io/,https://docs.cypress.io/guides/overview/why-cypress#Other,https://www.cypress.io/how-it-works
qa-playwright-backend-automation,qa,Playwright,Playwright,,CORE,BRANCH,ALTERNATIVE,,,,,1,EVIDENCE_ALLOWED,65,playwright,qa-backend-automation,,"Playwright is an open-source library for automating web browsers built by Microsoft, similar to Selenium, it's commonly used for testing web applications. It's built on top of the .NET Core runtime and it provides bindings for C#, it allows developers to write tests for web applications in C# or other .NET languages. Playwright is designed to be fast and reliable and allows developers to run tests in multiple browsers.",https://www.evaluat.com/blog/playwright-performance-testing,https://www.twilio.com/blog/test-web-apps-with-playwright-and-csharp-dotnet,https://khalidabuhakmeh.com/end-to-end-test-with-aspnet-core-xunit-and-playwright
qa-soap-ui,qa,API & Backend Test Automation,Soap UI,,CORE,BRANCH,ALTERNATIVE,,,,,1,EVIDENCE_ALLOWED,65,"api & backend test automation,soap ui",qa-backend-automation,,"SoapUI is the world's leading Functional Testing tool for SOAP and REST testing. With its easy-to-use graphical interface, and enterprise-class features, SoapUI allows you to easily and rapidly create and execute automated functional, regression, and load tests.",https://www.soapui.org/,https://www.soapui.org/getting-started/,
qa-postman-newman,qa,Postman,Postman / Newman,,CORE,BRANCH,ALTERNATIVE,,,,,1,EVIDENCE_ALLOWED,65,"newman,postman,postman / newman",qa-backend-automation,,"Postman is an API platform for building and using APIs. Postman simplifies each step of the API lifecycle and streamlines collaboration so you can create better APIs??aster. It is an API client that makes it easy for developers to create, share, test, and document APIs. With this open-source solution, users can create and save simple and complex HTTP/s requests and read their responses.",https://www.postman.com,https://learning.postman.com/docs/getting-started/introduction/,https://learning.postman.com/docs/running-collections/using-newman-cli/command-line-integration-with-newman/
qa-rest-assured,qa,REST Assured,REST Assured,,CORE,BRANCH,ALTERNATIVE,,,,,1,EVIDENCE_ALLOWED,65,rest assured,qa-backend-automation,,Rest-assured helps developers and test engineers to test REST APIs in Java ease by using techniques used in dynamic languages such as Groovy and Ruby.,https://rest-assured.io,https://www.guru99.com/rest-assured.html,https://app.daily.dev/tags/rest-api?ref=roadmapsh
qa-frontend-automation,qa,Frontend Test Automation,Frontend Automation,6,CORE,MAIN,CORE,,,ALL,,3,EVIDENCE_ALLOWED,65,"frontend,ui,automation,browser,testing",,qa-manual-testing,"Front-end automation is a way to characterize automation that streamlines tasks focused on interactivity, websites, and attended processes. Robotic process automation, or RPA, is considered automation on the front end, or from the user-interface (UI) level. Benefits of front-end automation include quick task building with no programming knowledge, no required changes to existing programs or applications, and those individuals who know the keystrokes can easily build the automation task.",https://dev.to/davidz/how-we-do-automated-testing-on-our-frontend-b10,https://app.daily.dev/tags/automation?ref=roadmapsh,
qa-basic-introduction,qa,Frontend Test Automation,Basic Introduction,,CORE,BRANCH,CORE,,,ALL,,1,MANUAL_ONLY,,,qa-frontend-automation,,"Before automating a frontend, testers need a working understanding of how browsers render pages and how modern web apps behave, covering dev tools, core web technologies, caching, and rendering strategies.",https://developer.mozilla.org/en-US/docs/Learn,,
qa-browser-dev-tools,qa,,Browser / Dev Tools,,CORE,BRANCH,CORE,,,,,1,MANUAL_ONLY,,,qa-basic-introduction,,"Every modern web browser includes a powerful suite of developer tools. These tools do a range of things, from inspecting currently-loaded HTML, CSS and JavaScript to showing which assets the page has requested and how long they took to load. This article explains how to use the basic functions of your browser's devtools.",https://developer.mozilla.org/en-US/docs/Learn/Common_questions/What_are_browser_developer_tools,https://app.daily.dev/tags/devtools?ref=roadmapsh,
qa-html-css-javascript,qa,,"HTML, CSS, JavaScript",,CORE,BRANCH,CORE,,,,,1,MANUAL_ONLY,,,qa-basic-introduction,,"HTML stands for HyperText Markup Language. It is used on the front and gives structure to the webpage, which you can style using CSS and make interactive using JavaScript.",https://app.daily.dev/tags/css?ref=roadmapsh,,
qa-ajax,qa,,Ajax,,CORE,BRANCH,CORE,,,,,1,MANUAL_ONLY,,,qa-basic-introduction,,"AJAX stands for Asynchronous JavaScript And XML. In a nutshell, it is the use of the XMLHttpRequest object to communicate with servers. It can send and receive information in various formats, including JSON, XML, HTML, and text files.",https://developer.mozilla.org/en-US/docs/Web/Guide/AJAX/Getting_Started,https://www.youtube.com/watch?v=3l13qGLTgNw,
qa-caching,qa,,Caching,,CORE,BRANCH,CORE,,,,,1,MANUAL_ONLY,,,qa-basic-introduction,,"Caching ensures that the resources downloaded once are reused instead of doing a fresh fetch again. It is useful for increasing subsequent page load speed by reusing cached images, fonts, and other static assets. Caching should not be typically done on dynamic content. For example list of posts or comments. As part of the testing strategy, both caching and cache invalidation (not getting stale dynamic content) needs to be tested.",https://aws.amazon.com/caching/,https://www.youtube.com/watch?v=6FyXURRVmR0,
qa-swas-pwas-jamstack,qa,,"SWAs, PWAs, JAMStack",,CORE,BRANCH,CORE,,,,,1,MANUAL_ONLY,,,qa-basic-introduction,,SWAs,https://jamstack.org/,https://www.staticapps.org/,https://web.dev/progressive-web-apps/
qa-csr-vs-ssr,qa,,CSR vs SSR,,CORE,BRANCH,CORE,,,,,1,MANUAL_ONLY,,,qa-basic-introduction,,"CSR stands for Client Side Rendering and SSR stands for Server Side Rendering. CSR pages are computed in your machine and then shown by your browser while in the case of SSR, the server sends ready to show Html content directly. Primarily React, Vue, and Angular apps are examples of CSR (technically it is possible for them to be executed in SSR mode too) and almost all older tech stacks are SSR like PHP, ruby on rails, java, dot net, etc. From the user's standpoint, CSR apps take higher time to render but compensate by avoiding page reloads later (SPA) while SSR apps often have faster initial load time but do a full page reload often.",https://medium.com/@prashantramnyc/server-side-rendering-ssr-vs-client-side-rendering-csr-vs-pre-rendering-using-static-site-89f2d05182ef,https://www.youtube.com/watch?v=rNVcZklcmqU,https://app.daily.dev/tags/webdev?ref=roadmapsh
qa-responsive-vs-adaptive,qa,,Responsive vs Adaptive,,CORE,BRANCH,CORE,,,,,1,MANUAL_ONLY,,,qa-basic-introduction,,"There are two approaches to ensuring a website is optimized for mobile, tablet, laptop and PC screens: responsive design and adaptive design. While both are intended to solve the same problem, they use different strategies.",,,
qa-automation-frameworks,qa,Frontend Test Automation,Automation Frameworks,,CORE,BRANCH,CORE,,,CHOOSE_ONE,1,1,MANUAL_ONLY,,,qa-frontend-automation,,"Automation frameworks are the libraries and tools used to write and run automated browser tests, each with different tradeoffs in speed, language support, and ease of use.",https://www.browserstack.com/guide/top-test-automation-frameworks,,
qa-webdriver-io,qa,,Webdriver.io,,CORE,BRANCH,ALTERNATIVE,,,,,1,EVIDENCE_ALLOWED,65,webdriver.io,qa-automation-frameworks,,"WebdriverIO is a progressive automation framework built to automate modern web and mobile applications. It simplifies the interaction with your app and provides a set of plugins that help you create a scalable, robust and stable test suite.",https://webdriver.io/,https://webdriver.io/docs/what-is-webdriverio,https://webdriver.io/docs/gettingstarted
qa-playwright-automation-frameworks,qa,Playwright,Playwright,,CORE,BRANCH,ALTERNATIVE,,,,,1,EVIDENCE_ALLOWED,65,playwright,qa-automation-frameworks,,"Playwright Test was created specifically to accommodate the needs of end-to-end testing. Playwright supports all modern rendering engines including Chromium, WebKit, and Firefox. Test on Windows, Linux, and macOS, locally or on CI, headless or headed with native mobile emulation of Google Chrome for Android and Mobile Safari.Playwright leverages the DevTools protocol to write powerful, stable automated tests.Playwright can actually see into and control the browser rather than relying on a middle translation layer, it allows for the simulation of more insightful and relevant user scenarios.",https://playwright.dev/,https://www.browserstack.com/guide/playwright-tutorial,
qa-jasmine,qa,,Jasmine,,CORE,BRANCH,ALTERNATIVE,,,,,1,EVIDENCE_ALLOWED,65,jasmine,qa-automation-frameworks,,Jasmine is a very popular JavaScript BDD (behavior-driven development) framework for unit testing JavaScript applications. It provides utilities that can be used to run automated tests for both synchronous and asynchronous code. It does not depend on any other JavaScript frameworks. It does not require a DOM.,https://jasmine.github.io/,https://semaphoreci.com/community/tutorials/testing-components-in-angular-2-with-jasmine,https://www.testim.io/blog/jasmine-js-a-from-scratch-tutorial-to-start-testing
qa-qa-wolf,qa,,QA Wolf,,CORE,BRANCH,ALTERNATIVE,,,,,1,EVIDENCE_ALLOWED,65,qa wolf,qa-automation-frameworks,,QA Wolf is a hybrid platform & service that helps software teams ship better software faster by taking QA completely off their plate.,https://www.qawolf.com/,https://app.qawolf.com/docs/why-qa-wolf,https://app.qawolf.com/docs/create-a-test
qa-robot,qa,,Robot,,CORE,BRANCH,ALTERNATIVE,,,,,1,EVIDENCE_ALLOWED,65,robot,qa-automation-frameworks,,"Robot Framework is a Python-based, extensible keyword-driven automation framework for acceptance testing, acceptance test driven development (ATDD), behavior driven development (BDD) and robotic process automation (RPA).",https://robotframework.org/,https://robotframework.org/robotframework/latest/RobotFrameworkUserGuide.html,https://medium.com/swlh/robot-framework-the-basics-dfeadc025bea
qa-selenium,qa,Selenium,Selenium,,CORE,BRANCH,ALTERNATIVE,,,,,1,EVIDENCE_ALLOWED,65,selenium,qa-automation-frameworks,,"Selenium is an open-source tool that automates web browsers. It provides a single interface that lets you write test scripts in programming languages like Ruby, Java, NodeJS, PHP, Perl, Python, and C#, among others.",https://www.selenium.dev/,https://www.browserstack.com/selenium,https://app.daily.dev/tags/selenium?ref=roadmapsh
qa-cypress-automation-frameworks,qa,Cypress,Cypress,,CORE,BRANCH,ALTERNATIVE,,,,,1,EVIDENCE_ALLOWED,65,cypress,qa-automation-frameworks,,"Cypress framework is a JavaScript-based end-to-end testing framework built on top of Mocha ??a feature-rich JavaScript test framework running on and in the browser, making asynchronous testing simple and convenient. It also uses a BDD/TDD assertion library and a browser to pair with any JavaScript testing framework.",https://www.cypress.io/,https://docs.cypress.io/guides/overview/why-cypress#Other,https://www.cypress.io/how-it-works
qa-jest,qa,,Jest,,CORE,BRANCH,ALTERNATIVE,,,,,1,EVIDENCE_ALLOWED,65,jest,qa-automation-frameworks,,"Jest is a delightful JavaScript Testing Framework with a focus on simplicity. It works with projects using: Babel, TypeScript, Node, React, Angular, Vue and more!",https://jestjs.io/,https://jestjs.io/docs/getting-started,https://www.youtube.com/watch?v=7r4xVDI2vho
qa-nightwatch,qa,,Nightwatch,,CORE,BRANCH,ALTERNATIVE,,,,,1,EVIDENCE_ALLOWED,65,nightwatch,qa-automation-frameworks,,"Nightwatch.js is an open-source automated testing framework that is powered by Node.js and provides complete E2E (end to end) solutions to automation testing with Selenium Javascript be it for web apps, browser apps, and websites.",https://nightwatchjs.org/,https://www.browserstack.com/guide/nightwatch-framework-tutorial,
qa-puppeteer-automation-frameworks,qa,,Puppeteer,,CORE,BRANCH,ALTERNATIVE,,,,,1,EVIDENCE_ALLOWED,65,puppeteer,qa-automation-frameworks,,Puppeteer is a Node library which provides a high-level API to control headless Chrome or Chromium over the DevTools Protocol. It can also be configured to use full (non-headless) Chrome or Chromium.,https://developer.chrome.com/docs/puppeteer/,https://app.daily.dev/tags/crawling?ref=roadmapsh,
qa-browser-addons,qa,Frontend Test Automation,Browser Addons,,CORE,BRANCH,CORE,,,CHOOSE_ONE,1,1,MANUAL_ONLY,,,qa-frontend-automation,,"Browser addons and extensions provide codeless or low-code ways to record and replay browser interactions, useful for quick automated checks without writing a full test suite.",https://www.softwaretestinghelp.com/browser-extensions-for-testing/,,
qa-selenium-ide,qa,,Selenium IDE,,CORE,BRANCH,ALTERNATIVE,,,,,1,EVIDENCE_ALLOWED,65,selenium ide,qa-browser-addons,,Selenium IDE is an open source web automation testing tool from the Selenium Suite used primarily for QA purposes. It functions as a Firefox extension and does not require any programming knowledge and test cases can be created simply by interacting with the browser.,https://www.selenium.dev/selenium-ide/,https://www.softwaretestinghelp.com/selenium-ide-script-selenium-tutorial-3/,https://app.daily.dev/tags/selenium?ref=roadmapsh
qa-bugbug,qa,,BugBug,,CORE,BRANCH,ALTERNATIVE,,,,,1,EVIDENCE_ALLOWED,65,bugbug,qa-browser-addons,,"BugBug is a browser extension designed to help with test automation, particularly for web applications. It allows users to record their interactions with a website and then generate test scripts from those recordings, aiming to simplify the process of creating automated UI tests. It often emphasizes ease of use and integration with existing testing frameworks.",https://bugbug.io/v2/,https://www.youtube.com/watch?v=p09L8bD_Kh0,
qa-ghost-inspector,qa,,Ghost Inspector,,CORE,BRANCH,ALTERNATIVE,,,,,1,EVIDENCE_ALLOWED,65,ghost inspector,qa-browser-addons,,Ghost Inspector is a codeless automated testing tool that allows you to easily create and run automated browser tests for websites and web applications. These tests carry out actions in a web browser the same way a real user would to ensure that everything is working properly.,https://ghostinspector.com/,https://theqalead.com/test-management/what-is-ghost-inspector-overview-tour-of-features/,
qa-mobile-automation,qa,Mobile Test Automation,Mobile Automation,7,PRACTICAL,MAIN,CORE,,,CHOOSE_ONE,1,3,EVIDENCE_ALLOWED,65,"mobile,automation,ios,android,testing",,qa-manual-testing,"Mobile automation, as the name suggests, refers to 'automation' that is done on mobile devices. Mobile Automation can test a WAP site or an app. As we know, mobile devices consist of hardware and software components, while a mobile application is simply the software. Testing the mobile device is also connected to evaluating the hardware component and the software part.",https://u-tor.com/topic/mobile-automation-steps,https://app.daily.dev/tags/automation?ref=roadmapsh,
qa-espresso,qa,Mobile Test Automation,Espresso,,PRACTICAL,BRANCH,ALTERNATIVE,,,,,1,EVIDENCE_ALLOWED,65,"espresso,mobile test automation",qa-mobile-automation,,"Espresso is a native testing framework for Android to write reliable UI tests. Google released the Espresso framework in October 2013 and, as of release version 2.0, Espresso is part of the Android Support Repository. One of the important features in Espresso is that it automatically synchronizes your test actions with the user interface of your application. The framework also ensures that your activity is started before the test runs. It can also force a test to wait until all observer background activities have finished, which is sometimes a problem with other testing frameworks.",https://developer.android.com/training/testing/espresso#kotlin,https://github.com/android/testing-samples,https://www.tutorialspoint.com/espresso_testing/index.htm
qa-detox,qa,Mobile Test Automation,Detox,,PRACTICAL,BRANCH,ALTERNATIVE,,,,,1,EVIDENCE_ALLOWED,65,"detox,mobile test automation",qa-mobile-automation,,Detox is a JavaScript mobile testing framework that is built into the application and the test execution starts with app launch. This makes test execution really fast and robust as no external additional tools are needed to orchestrate and synchronize during the test execution.,https://wix.github.io/Detox/,https://wix.github.io/Detox/docs/introduction/getting-started,https://www.spritecloud.com/test-automation-tools-detox/
qa-appium,qa,Appium,Appium,,PRACTICAL,BRANCH,ALTERNATIVE,,,,,1,EVIDENCE_ALLOWED,65,appium,qa-mobile-automation,,"Appium is an open-source framework that allows QAs to conduct automated app testing on different platforms like Android, iOS, and Windows. It is developed and supported by Sauce Labs to automate native and hybrid mobile apps. It is a cross-platform mobile automation tool, which means that it allows the same test to be run on multiple platforms.",https://appium.io/,https://appium.io/docs/en/2.0/intro/,https://github.com/appium/appium/tree/1.x/sample-code
qa-swifttesting,qa,Mobile Test Automation,SwiftTesting,,PRACTICAL,BRANCH,ALTERNATIVE,,,,,1,EVIDENCE_ALLOWED,65,"mobile test automation,swifttesting",qa-mobile-automation,,"Swift testing involves writing code to automatically verify the functionality of Swift applications, especially those built for iOS, macOS, watchOS, and tvOS. This includes creating unit tests to check individual components, UI tests to simulate user interactions, and performance tests to ensure the app runs efficiently. The goal is to identify and fix bugs early in the development cycle, leading to more reliable and robust mobile applications.",https://roadmap.sh/swift-ui,https://developer.apple.com/documentation/testing,
qa-accessibility-tests,qa,Accessibility Testing,Accessibility Tests,8,PRACTICAL,MAIN,CORE,,,CHOOSE_ONE,1,3,EVIDENCE_ALLOWED,65,"accessibility,a11y,wcag,testing",,qa-manual-testing,"In software QA, accessibility testing is the practice of confirming that an application is usable for as many people as possible, including people with disabilities such as vision impairment, hearing problems and cognitive conditions.",https://app.daily.dev/tags/accessibility?ref=roadmapsh,,
qa-wave,qa,Accessibility Testing,Wave,,PRACTICAL,BRANCH,ALTERNATIVE,,,,,1,EVIDENCE_ALLOWED,65,"accessibility testing,wave",qa-accessibility-tests,,"Wave is a suite of evaluation tools that helps authors make their web content more accessible to individuals with disabilities. WAVE can identify many accessibility and Web Content Accessibility Guideline (WCAG) errors, but also facilitates human evaluation of web content.",https://wave.webaim.org/,https://www.softwaretestinghelp.com/web-accessibility-testing-tools/,
qa-axe,qa,Accessibility Testing,AXE,,PRACTICAL,BRANCH,ALTERNATIVE,,,,,1,EVIDENCE_ALLOWED,65,"accessibility testing,axe",qa-accessibility-tests,,"Axe is a fast and lightweight accessibility testing tool that checks the entire document against the rules and generates a report with all violations, passes, etc.",https://www.deque.com/axe/,https://www.browserstack.com/docs/automate/selenium/accessibility-testing,
qa-chrome-devtools,qa,Accessibility Testing,Chrome DevTools,,PRACTICAL,BRANCH,ALTERNATIVE,,,,,1,EVIDENCE_ALLOWED,65,"accessibility testing,chrome devtools",qa-accessibility-tests,,"These are a set of tools built into the browser to aid frontend developers diagnose and solve various issues in their applications ??such as JavaScript and logical bugs, CSS styling issues or even just making quick temporary alterations to the DOM.",https://developer.chrome.com/docs/devtools/overview/,https://app.daily.dev/tags/devtools?ref=roadmapsh,
qa-load-and-performance-testing,qa,Performance & Load Testing,Load & Performance Testing,9,PRACTICAL,MAIN,CORE,,,CHOOSE_ONE,1,3,EVIDENCE_ALLOWED,65,"load,performance,stress,testing",,qa-accessibility-tests,"Performance Testing is a subset of Performance Engineering. It is a process of evaluating a system?? behavior under various extreme conditions. The main intent of performance testing is to monitor and improve key performance indicators such as response time, throughput, memory, CPU utilization, and more.",https://www.evaluat.com/blog/performance-testing-guide,https://www.evaluat.com/blog/what-is-spike-testing,https://www.evaluat.com/blog/soak-testing
qa-lighthouse,qa,Performance & Load Testing,Lighthouse,,PRACTICAL,BRANCH,ALTERNATIVE,,,,,1,EVIDENCE_ALLOWED,65,"lighthouse,performance & load testing",qa-load-and-performance-testing,,"Lighthouse is an open-source, automated tool for improving the quality of web pages. You can run it against any web page, public or requiring authentication. It has audits for performance, accessibility, progressive web apps, SEO, and more. You can run Lighthouse in Chrome DevTools, from the command line, or as a Node module. You give Lighthouse a URL to audit, run a series of audits against the page, and then generate a report on how well the page did. From there, use the failing audits as indicators on how to improve the page. Each audit has a reference doc explaining why the audit is important and how to fix it.",https://www.evaluat.com/blog/core-web-vitals-lab-vs-field,https://app.daily.dev/tags/lighthouse?ref=roadmapsh,
qa-locust,qa,Performance & Load Testing,Locust,,PRACTICAL,BRANCH,ALTERNATIVE,,,,,1,EVIDENCE_ALLOWED,65,"locust,performance & load testing",qa-load-and-performance-testing,,"Locust is an easy-to-use, scriptable and scalable performance testing tool. You define the behavior of your users in regular Python code instead of being stuck in a UI or restrictive domain-specific language. This makes Locust infinitely expandable and very developer friendly. Given below are some of the features of Locust.",https://locust.io/,https://www.youtube.com/playlist?list=PLJ9A48W0kpRKMCzJARCObgJs3SinOewp5,
qa-webpage-test,qa,Performance & Load Testing,Webpage Test,,PRACTICAL,BRANCH,ALTERNATIVE,,,,,1,EVIDENCE_ALLOWED,65,"performance & load testing,webpage test",qa-load-and-performance-testing,,WebPageTest is a web performance tool providing deep diagnostic information about how a page performs under a variety of conditions.,https://www.webpagetest.org/,,
qa-gatling,qa,Performance & Load Testing,Gatling,,PRACTICAL,BRANCH,ALTERNATIVE,,,,,1,EVIDENCE_ALLOWED,65,"gatling,performance & load testing",qa-load-and-performance-testing,,"Gatling is a highly capable load testing tool. It is designed for ease of use, maintainability and high performance. Out of the box, Gatling comes with excellent support of the HTTP protocol that makes it a tool of choice for load testing any HTTP server. As the core engine is actually protocol agnostic, it is perfectly possible to implement support for other protocols. For example, Gatling currently also ships JMS support.",https://gatling.io/,https://www.youtube.com/playlist?list=PLJ9A48W0kpRJE6s8I1MjWm-z8BGbUYNCw,
qa-k6,qa,Performance & Load Testing,K6,,PRACTICAL,BRANCH,ALTERNATIVE,,,,,1,EVIDENCE_ALLOWED,65,"k6,performance & load testing",qa-load-and-performance-testing,,"Grafana k6 is an open-source load testing tool that makes performance testing easy and productive for engineering teams. k6 is free, developer-centric, and extensible.",https://k6.io/,https://www.youtube.com/playlist?list=PLJ9A48W0kpRJKmVeurt7ltKfrOdr8ZBdt,
qa-artillery,qa,Performance & Load Testing,Artillery,,PRACTICAL,BRANCH,ALTERNATIVE,,,,,1,EVIDENCE_ALLOWED,65,"artillery,performance & load testing",qa-load-and-performance-testing,,"Artillery is a modern, powerful & easy-to-use performance testing toolkit. Use it to ship scalable applications that stay performant & resilient under high load.",https://www.artillery.io/,https://www.youtube.com/playlist?list=PLJ9A48W0kpRJh1_uW2mVNhSIVCMYmNlm7,
qa-vegeta,qa,Performance & Load Testing,Vegeta,,PRACTICAL,BRANCH,ALTERNATIVE,,,,,1,EVIDENCE_ALLOWED,65,"performance & load testing,vegeta",qa-load-and-performance-testing,,Vegeta is a versatile HTTP load testing tool built out of a need to drill HTTP services with a constant request rate. It can be used both as a command line utility and a library.,https://github.com/tsenart/vegeta,,
qa-jmeter,qa,JMeter,JMeter,,PRACTICAL,BRANCH,ALTERNATIVE,,,,,1,EVIDENCE_ALLOWED,65,jmeter,qa-load-and-performance-testing,,"Apache JMeter is an Apache project that can be used as a load testing tool for analyzing and measuring the performance of a variety of services, with a focus on web applications.",https://jmeter.apache.org/,https://www.youtube.com/playlist?list=PLJ9A48W0kpRIjLkZ32Do9yDZXnnm7_uj_,https://app.daily.dev/tags/testing?ref=roadmapsh
qa-security-testing,qa,Security Testing,Security Testing,10,PRACTICAL,MAIN,CORE,,,ALL,,3,EVIDENCE_ALLOWED,65,"security,testing,vulnerability,owasp",,qa-load-and-performance-testing,"Security testing is a process intended to reveal flaws in the security mechanisms of an information system that protect data and maintain functionality as intended. Due to the logical limitations of security testing, passing the security testing process is not an indication that no flaws exist or that the system adequately satisfies the security requirements.",https://en.wikipedia.org/wiki/Security_testing,https://app.daily.dev/tags/security?ref=roadmapsh,
qa-authentication-authorization,qa,Security Testing,Authentication / Authorization,,PRACTICAL,BRANCH,CORE,,,,,1,MANUAL_ONLY,,,qa-security-testing,,"`Authentication` is the process of verifying that an individual, entity or website is whom it claims to be. Authentication in the context of web applications is commonly performed by submitting a username or ID and one or more items of private information that only a given user should know.",https://cheatsheetseries.owasp.org/cheatsheets/Authorization_Cheat_Sheet.html,https://app.daily.dev/tags/authentication?ref=roadmapsh,
qa-secrets-management,qa,Security Testing,Secrets Management,,PRACTICAL,BRANCH,CORE,,,,,1,MANUAL_ONLY,,,qa-security-testing,,"Secrets Management is a systematic way of in managing, storing, securing, and retrieving credentials for any systems, database, and other services. Credentials such as passwords, SSH keys, certificates, API keys, backup codes, and more.",https://aws.amazon.com/secrets-manager/,https://www.vaultproject.io/,https://app.daily.dev/tags/secrets-management?ref=roadmapsh
qa-vulnerability-scanning,qa,Security Testing,Vulnerability Scanning,,PRACTICAL,BRANCH,CORE,,,,,1,MANUAL_ONLY,,,qa-security-testing,,"Vulnerability scanning identifies hosts and host attributes (e.g., operating systems, applications, open ports), but it also attempts to identify vulnerabilities rather than relying on human interpretation of the scanning results. Many vulnerability scanners are equipped to accept results from network discovery and network port and service identification, which reduces the amount of work needed for vulnerability scanning.",https://csrc.nist.gov/glossary/term/vulnerability_scanning,https://app.daily.dev/tags/vulnerability?ref=roadmapsh,
qa-owasp-10,qa,Security Testing,OWASP 10,,PRACTICAL,BRANCH,CORE,,,,,1,MANUAL_ONLY,,,qa-security-testing,,"The Open Web Application Security Project, or OWASP, is an international non-profit organization dedicated to web application security.",https://owasp.org/www-project-top-ten/,https://www.cloudflare.com/learning/security/threats/owasp-top-10/,
qa-attack-vectors,qa,Security Testing,Attack Vectors,,PRACTICAL,BRANCH,CORE,,,,,1,MANUAL_ONLY,,,qa-security-testing,,"This metric reflects the context by which vulnerability exploitation is possible. This metric value (and consequently the Base Score) will be larger the more remote (logically, and physically) an attacker can be in order to exploit the vulnerable component. The assumption is that the number of potential attackers for a vulnerability that could be exploited from across a network is larger than the number of potential attackers that could exploit a vulnerability requiring physical access to a device, and therefore warrants a greater Base Score.",https://www.first.org/cvss/v3.1/specification-document,https://app.daily.dev/tags/security?ref=roadmapsh,
qa-email-testing,qa,Email Testing,Email Testing,11,ADVANCED,MAIN,CORE,,,CHOOSE_ONE,1,3,EVIDENCE_ALLOWED,65,"email,testing,mail",,qa-security-testing,"Email testing allows you to view your email before sending it out to your subscriber list to verify links, design, spelling errors, and more.",https://www.campaignmonitor.com/blog/email-marketing/how-email-testing-and-rendering-works-and-why-its-important/,https://sponge.io/checklist-how-to-test-and-qa-an-email/,https://app.daily.dev/tags/qa?ref=roadmapsh
qa-mailinator,qa,Email Testing,Mailinator,,ADVANCED,BRANCH,ALTERNATIVE,,,,,1,EVIDENCE_ALLOWED,65,"email testing,mailinator",qa-email-testing,,"Mailinator allows Developers and QA Testing teams to automatically test their SMS and Email workflows like 2FA verifications, sign-ups, and password resets with trillions of inboxes at your fingertips. Whether you do Manual Testing, use an API, or a framework like Selenium, Cypress, Playwright, or Puppeteer - Mailinator will close the loop on email/SMS testing.",https://www.mailinator.com/,https://www.mailinator.com/docs/index.html#mailinator,
qa-gmail-tester,qa,Email Testing,Gmail Tester,,ADVANCED,BRANCH,ALTERNATIVE,,,,,1,EVIDENCE_ALLOWED,65,"email testing,gmail tester",qa-email-testing,,Gmail-tester is a simple Node.js Gmail client which checks/returns email message(s) straight from any Gmail-powered account (both private and company).,https://www.npmjs.com/package/gmail-tester,https://medium.com/@sergtimosh/using-gmail-tester-puppeteer-to-poll-gmail-inbox-65bbee17618c,
qa-testing-data-management,qa,Test Data Management,Testing Data Management,12,ADVANCED,MAIN,CORE,,,ALL,,3,EVIDENCE_ALLOWED,65,"test,data,management",,qa-email-testing,"Data testing management involves the strategies and processes used to plan, create, acquire, store, control, and protect the data used for testing software applications. It ensures that testers have access to the right data, in the right format, at the right time, to effectively validate the functionality, performance, and reliability of the system under test. This includes techniques for data masking, data generation, data subsetting, and data virtualization to create realistic and representative test environments.",https://www.perforce.com/blog/pdx/test-data-management,https://katalon.com/resources-center/blog/what-is-test-data-management,
qa-delphix,qa,Test Data Management,Delphix,,ADVANCED,BRANCH,CORE,,,,,1,MANUAL_ONLY,,,qa-testing-data-management,,"Delphix is a data management platform that focuses on providing virtualized, masked, and rapidly provisioned data copies for various purposes like development, testing, and reporting. It allows organizations to create and manage virtual databases from a single source, reducing storage costs and accelerating data delivery while maintaining data security and compliance.",https://www.perforce.com/solutions/test-data-management,,
qa-reporting,qa,Test Reporting,Reporting,13,ADVANCED,MAIN,CORE,,,CHOOSE_ONE,1,3,EVIDENCE_ALLOWED,65,"test,reporting,results",,qa-testing-data-management,"The International Software Testing Qualifications Board (ISTQB) glossary defines a QA report as: _Documentation summarizing test activities and results_. By documenting the testing that was conducted and the results that were achieved, QA reports provide valuable insight into the health of the code base and critical metrics. As such, they should be generated on a regular basis to ensure the quality standards are being met. So basically, test reports should document all of the test cases that were performed during software testing, as well as the results of those tests. They should also deliver relevant information about the product and highlight any areas where improvements can be made.",https://www.netguru.com/blog/how-to-write-qa-report,https://www.qatouch.com/blog/how-to-write-qa-test-summary-report/,https://www.evaluat.com/blog/performance-test-report-metrics
qa-testrail-reporting,qa,Test Reporting,TestRail,,ADVANCED,BRANCH,ALTERNATIVE,,,,,1,EVIDENCE_ALLOWED,65,"test reporting,testrail",qa-reporting,,"TestRail is a web-based test management tool used by testers, developers and other stake holders to manage, track and organize software testing efforts. It follows a centralized test management concept that helps in easy communication and enables rapid development of task across QA team and other stakeholders .",https://www.gurock.com/testrail/,https://support.gurock.com/hc/en-us/,https://www.tutorialspoint.com/testrail/testrail_introduction.htm
qa-allure,qa,Test Reporting,Allure,,ADVANCED,BRANCH,ALTERNATIVE,,,,,1,EVIDENCE_ALLOWED,65,"allure,test reporting",qa-reporting,,"Allure Report is a flexible, lightweight multi-language test reporting tool. It provides clear graphical reports and allows everyone involved in the development process to extract the maximum of information from the everyday testing process.",https://qameta.io/,https://docs.qameta.io/allure-report/,
qa-junit,qa,Test Reporting,jUnit,,ADVANCED,BRANCH,ALTERNATIVE,,,,,1,EVIDENCE_ALLOWED,65,"junit,test reporting",qa-reporting,,"JUnit is known as a unit testing framework used for the Java programming language. JUnit has been playing a crucial in the development of test-driven development and is one of a family of unit testing frameworks. JUnit is useful to write repeatable tests for your application code units. JUnit stimulates the idea of ??esting first, then coding,?? The test approach explicates ??est a little + code a little = JUnit. JUnit helps the programmer by increasing the productivity and the stability of the program?? code snippets.That will helps in reducing the time of the tester, which is spent on debugging of the code.",https://www.tutorialspoint.com/junit/junit_test_framework.htm,,
qa-monitoring-and-logs,qa,Monitoring & Observability,Monitoring & Logs,14,ADVANCED,MAIN,CORE,,,ALL,,3,EVIDENCE_ALLOWED,65,"monitoring,logs,observability",,qa-reporting,"DevOps monitoring entails overseeing the entire development process from planning, development, integration and testing, deployment, and operations. It involves a complete and real-time view of the status of applications, services, and infrastructure in the production environment. Features such as real-time streaming, historical replay, and visualizations are critical components of application and service monitoring.",https://medium.com/@mohsenny/the-two-pillars-of-modern-qa-from-error-prevention-to-post-release-monitoring-4c11cc99fe14,,
qa-new-relic,qa,Monitoring & Observability,New Relic,,ADVANCED,BRANCH,CORE,,,,,1,MANUAL_ONLY,,,qa-monitoring-and-logs,,New Relic is an observability platform that helps you build better software. You can bring in data from any digital source so that you can fully understand your system and how to improve it.,https://newrelic.com/,https://learn.newrelic.com/,https://app.daily.dev/tags/devops?ref=roadmapsh
qa-runscope,qa,Monitoring & Observability,RunScope,,ADVANCED,BRANCH,CORE,,,,,1,MANUAL_ONLY,,,qa-monitoring-and-logs,,A Simple Tool for Monitoring Complex APIs. Verify that the structure and content of your API calls meets your expectations. Powerful and flexible assertions give you total control over defining a successful API call.,https://www.runscope.com,,
qa-kibana,qa,Monitoring & Observability,Kibana,,ADVANCED,BRANCH,CORE,,,,,1,MANUAL_ONLY,,,qa-monitoring-and-logs,,Kibana is a free and open user interface that lets you visualize your Elasticsearch data and navigate the Elastic Stack. Do anything from tracking query load to understanding the way requests flow through your apps.,https://www.elastic.co/kibana/,https://www.elastic.co/training/free,https://app.daily.dev/tags/elk?ref=roadmapsh
qa-datadog,qa,Monitoring & Observability,Datadog,,ADVANCED,BRANCH,CORE,,,,,1,MANUAL_ONLY,,,qa-monitoring-and-logs,,"Datadog is a monitoring and analytics platform for large-scale applications. It encompasses infrastructure monitoring, application performance monitoring, log management, and user-experience monitoring. Datadog aggregates data across your entire stack with 400+ integrations for troubleshooting, alerting, and graphing.",https://www.datadoghq.com/,https://docs.datadoghq.com/,
qa-pager-duty,qa,Monitoring & Observability,Pager Duty,,ADVANCED,BRANCH,CORE,,,,,1,MANUAL_ONLY,,,qa-monitoring-and-logs,,"Through its SaaS-based platform, PagerDuty empowers developers, DevOps, IT operations and business leaders to prevent and resolve business-impacting incidents for exceptional customer experience. When revenue and brand reputation depends on customer satisfaction, PagerDuty arms organizations with the insight to proactively manage events that may impact customers across their IT environment. With hundreds of native integrations, on-call scheduling and escalations, machine learning, business-wide response orchestration, analytics, and much more, PagerDuty gets the right data in the hands of the right people in real time, every time.",https://www.pagerduty.com/,https://university.pagerduty.com/,
qa-grafana,qa,Monitoring & Observability,Grafana,,ADVANCED,BRANCH,CORE,,,,,1,MANUAL_ONLY,,,qa-monitoring-and-logs,,"Grafana is the open-source platform for monitoring and observability. It allows you to query, visualize, alert on and understand your metrics no matter where they are stored.",https://grafana.com/,https://grafana.com/docs/,https://grafana.com/videos/
qa-sentry,qa,Monitoring & Observability,Sentry,,ADVANCED,BRANCH,CORE,,,,,1,MANUAL_ONLY,,,qa-monitoring-and-logs,,"Sentry tracks your software performance, measuring metrics like throughput and latency, and displaying the impact of errors across multiple systems. Sentry captures distributed traces consisting of transactions and spans, which measure individual services and individual operations within those services.",https://sentry.io,https://docs.sentry.io/,
qa-version-control-system,qa,Git and Version Control,Version Control System,15,ADVANCED,MAIN,CORE,,,ALL,,3,EVIDENCE_ALLOWED,65,"version,control,git",,qa-monitoring-and-logs,"Version control/source control systems allow developers to track and control changes to code over time. These services often include the ability to make atomic revisions to code, branch/fork off of specific points, and to compare versions of code. They are useful in determining the who, what, when, and why code changes were made.",https://git-scm.com/,https://www.mercurial-scm.org/,https://www.atlassian.com/git/tutorials/what-is-version-control
qa-git,qa,Git and Version Control,Git,,ADVANCED,BRANCH,CORE,,,,,1,MANUAL_ONLY,,,qa-version-control-system,,Git is a free and open source distributed version control system designed to handle everything from small to very large projects with speed and efficiency.,https://git-scm.com/,https://www.atlassian.com/git,https://cs.fyi/guide/git-cheatsheet
qa-repo-hosting-services,qa,VCS Hosting Platforms,Repo Hosting Services,16,JOB_READY,MAIN,CORE,,,CHOOSE_ONE,1,3,EVIDENCE_ALLOWED,65,"repository,hosting,github,gitlab",,qa-version-control-system,"Repository hosting services provide a centralized place to store, share, and collaborate on version-controlled code, and are often where QA teams manage test scripts and integrate automated test runs with pull requests.",https://about.gitlab.com/topics/version-control/what-is-repository-hosting/,,
qa-github,qa,VCS Hosting Platforms,GitHub,,JOB_READY,BRANCH,ALTERNATIVE,,,,,1,EVIDENCE_ALLOWED,65,"github,vcs hosting platforms",qa-repo-hosting-services,,"GitHub is a provider of Internet hosting for software development and version control using Git. It offers the distributed version control and source code management functionality of Git, plus its own features.",https://roadmap.sh/git-github,https://github.com,https://docs.github.com/en/get-started/quickstart
qa-bitbucket,qa,VCS Hosting Platforms,Bitbucket,,JOB_READY,BRANCH,ALTERNATIVE,,,,,1,EVIDENCE_ALLOWED,65,"bitbucket,vcs hosting platforms",qa-repo-hosting-services,,"Bitbucket is a Git based hosting and source code repository service that is Atlassian's alternative to other products like GitHub, GitLab etc.",https://bitbucket.org/product,https://bitbucket.org/product/guides/getting-started/overview#a-brief-overview-of-bitbucket,https://bitbucket.org/product/guides/basics/bitbucket-interface
qa-gitlab,qa,VCS Hosting Platforms,GitLab,,JOB_READY,BRANCH,ALTERNATIVE,,,,,1,EVIDENCE_ALLOWED,65,"gitlab,vcs hosting platforms",qa-repo-hosting-services,,"GitLab is a provider of internet hosting for software development and version control using Git. It offers the distributed version control and source code management functionality of Git, plus its own features.",https://gitlab.com/,https://docs.gitlab.com/,https://app.daily.dev/tags/gitlab?ref=roadmapsh
qa-ci-cd,qa,CI/CD & Workflow Automation,CI / CD,17,JOB_READY,MAIN,CORE,,,CHOOSE_ONE,1,3,EVIDENCE_ALLOWED,65,"ci,cd,continuous,integration,deployment",,qa-repo-hosting-services,"Continuous Integration is a software development method where team members integrate their work at least once daily. An automated build checks every integration to detect errors in this method. In Continuous Integration, the software is built and tested immediately after a code commit. In a large project with many developers, commits are made many times during the day. With each commit, code is built and tested.",https://www.guru99.com/continuous-integration.html,https://www.guru99.com/continuous-integration-vs-delivery-vs-deployment.html,https://www.guru99.com/ci-cd-pipeline.html
qa-jenkins,qa,CI/CD & Workflow Automation,Jenkins,,JOB_READY,BRANCH,ALTERNATIVE,,,,,1,EVIDENCE_ALLOWED,65,"cd & workflow automation,ci,ci/cd & workflow automation,jenkins",qa-ci-cd,,"Jenkins is an open-source CI/CD automation server. Jenkins is primarily used for building projects, running tests, static code analysis and deployments.",https://www.jenkins.io/,https://www.jenkins.io/doc/book/,https://www.jenkins.io/doc/pipeline/tour/getting-started/
qa-drone,qa,CI/CD & Workflow Automation,Drone,,JOB_READY,BRANCH,ALTERNATIVE,,,,,1,EVIDENCE_ALLOWED,65,"cd & workflow automation,ci,ci/cd & workflow automation,drone",qa-ci-cd,,"Drone is a CI/CD service offering by Harness. Each build runs on an isolated Docker container, and Drone integrates with many popular source code management repositories like GitHub, BitBucket and GitLab",https://www.drone.io/,https://docs.drone.io/,https://docs.drone.io/server/overview/
qa-bamboo,qa,CI/CD & Workflow Automation,Bamboo,,JOB_READY,BRANCH,ALTERNATIVE,,,,,1,EVIDENCE_ALLOWED,65,"bamboo,cd & workflow automation,ci,ci/cd & workflow automation",qa-ci-cd,,"Bamboo is a CI/CD service provided by Atlassian. Bamboo is primarily used for automating builds, tests and releases in a single workflow.",https://www.atlassian.com/software/bamboo,https://confluence.atlassian.com/bamboo/bamboo-documentation-289276551.html,https://confluence.atlassian.com/bamboo/getting-started-with-bamboo-289277283.html
qa-gitlab-ci,qa,CI/CD & Workflow Automation,GitLab CI,,JOB_READY,BRANCH,ALTERNATIVE,,,,,1,EVIDENCE_ALLOWED,65,"cd & workflow automation,ci,ci/cd & workflow automation,gitlab ci",qa-ci-cd,,"GitLab offers a CI/CD service that can be used as a SaaS offering or self-managed using your own resources. You can use GitLab CI with any GitLab hosted repository, or any BitBucket Cloud or GitHub repository in the GitLab Premium self-managed, GitLab Premium SaaS and higher tiers.",https://gitlab.com/,https://docs.gitlab.com/,https://docs.gitlab.com/ee/ci/quick_start/
qa-circle-ci,qa,CI/CD & Workflow Automation,Circle CI,,JOB_READY,BRANCH,ALTERNATIVE,,,,,1,EVIDENCE_ALLOWED,65,"cd & workflow automation,ci,ci/cd & workflow automation,circle ci",qa-ci-cd,,"CircleCI is a CI/CD service that can be integrated with GitHub, BitBucket and GitLab repositories. The service that can be used as a SaaS offering or self-managed using your own resources.",https://circleci.com/,https://circleci.com/docs,https://circleci.com/docs/config-intro
qa-travis-ci,qa,CI/CD & Workflow Automation,Travis CI,,JOB_READY,BRANCH,ALTERNATIVE,,,,,1,EVIDENCE_ALLOWED,65,"cd & workflow automation,ci,ci/cd & workflow automation,travis ci",qa-ci-cd,,Travis CI is a CI/CD service that is primarily used for building and testing projects that are hosted on BitBucket and GitHub. Open source projects can utilized Travis CI for free.,https://www.travis-ci.com/,https://docs.travis-ci.com/,https://docs.travis-ci.com/user/tutorial/
qa-teamcity,qa,CI/CD & Workflow Automation,TeamCity,,JOB_READY,BRANCH,ALTERNATIVE,,,,,1,EVIDENCE_ALLOWED,65,"cd & workflow automation,ci,ci/cd & workflow automation,teamcity",qa-ci-cd,,TeamCity is a CI/CD service provided by JetBrains. TeamCity can be used as a SaaS offering or self-managed using your own resources.,https://www.jetbrains.com/teamcity/,https://www.jetbrains.com/help/teamcity/teamcity-documentation.html,https://www.jetbrains.com/teamcity/tutorials/
qa-azure-devops-services,qa,CI/CD & Workflow Automation,Azure DevOps Services,,JOB_READY,BRANCH,ALTERNATIVE,,,,,1,EVIDENCE_ALLOWED,65,"azure devops services,cd & workflow automation,ci,ci/cd & workflow automation",qa-ci-cd,,"Azure DevOps is developed by Microsoft as a full scale application lifecycle management and CI/CD service. Azure DevOps provides developer services for allowing teams to plan work, collaborate on code development, and build and deploy applications.",https://azure.microsoft.com/en-us/services/devops/#overview,https://docs.microsoft.com/en-us/azure/devops/?view=azure-devops&viewFallbackFrom=vsts,https://docs.microsoft.com/en-us/azure/devops/user-guide/sign-up-invite-teammates?view=azure-devops
qa-headless-testing,qa,Headless Browser Testing,Headless Testing,18,JOB_READY,MAIN,CORE,,,CHOOSE_ONE,1,3,EVIDENCE_ALLOWED,65,"headless,browser,testing,automation",,qa-ci-cd,"Headless testing is when end-to-end tests are performed without loading the browser's user interface. Since the browser operates as a typical browser would but does not make use of the user interface, it is considered highly suitable for automated testing.",https://www.browserstack.com/guide/what-is-headless-browser-testing,https://app.daily.dev/tags/qa?ref=roadmapsh,
qa-puppeteer-headless-testing,qa,Headless Browser Testing,Puppeteer,,JOB_READY,BRANCH,ALTERNATIVE,,,,,1,EVIDENCE_ALLOWED,65,"headless browser testing,puppeteer",qa-headless-testing,,Puppeteer is a Node library that provides a high-level API to control headless Chrome or Chromium browsers over the DevTools Protocol. It can also be configured to use full (non-headless) Chrome or Chromium.,https://pptr.dev/,https://app.daily.dev/tags/crawling?ref=roadmapsh,
qa-playwright-headless-testing,qa,Playwright,Playwright,,JOB_READY,BRANCH,ALTERNATIVE,,,,,1,EVIDENCE_ALLOWED,65,playwright,qa-headless-testing,,"Playwright is an open-source test automation library initially developed by Microsoft contributors. It supports programming languages such as Java, Python, C#, and NodeJS. Playwright comes with Apache 2.0 License and is most popular with NodeJS with Javascript/Typescript.",https://playwright.dev/,https://www.browserstack.com/guide/playwright-tutorial,
qa-zombie-js,qa,Headless Browser Testing,Zombie.js,,JOB_READY,BRANCH,ALTERNATIVE,,,,,1,EVIDENCE_ALLOWED,65,"headless browser testing,zombie.js",qa-headless-testing,,"Zombie.js allows you to run Unit or Integration tests without a real web browser. Instead, it uses a simulated browser where it stores the HTML code and runs the JavaScript you may have in your HTML page. This means that an HTML page doesn?? need to be displayed, saving precious time that would otherwise be occupied rendering it.",http://zombie.js.org/,https://www.packt.com/getting-started-zombiejs/,https://app.daily.dev/tags/javascript?ref=roadmapsh
qa-cypress-headless-testing,qa,Cypress,Cypress,,JOB_READY,BRANCH,ALTERNATIVE,,,,,1,EVIDENCE_ALLOWED,65,cypress,qa-headless-testing,,"Cypress framework is a JavaScript-based end-to-end testing framework built on top of Mocha ??a feature-rich JavaScript test framework running on and in the browser, making asynchronous testing simple and convenient. It also uses a BDD/TDD assertion library and a browser to pair with any JavaScript testing framework.",https://www.cypress.io/,https://docs.cypress.io/guides/overview/why-cypress#Other,https://www.cypress.io/how-it-works
qa-headless-chrome,qa,Headless Browser Testing,Headless Chrome,,JOB_READY,BRANCH,ALTERNATIVE,,,,,1,EVIDENCE_ALLOWED,65,"headless browser testing,headless chrome",qa-headless-testing,,Headless Chrome is a way to run the Chrome browser in a headless environment without the full browser UI. One of the benefits of using Headless Chrome (as opposed to testing directly in Node) is that your JavaScript tests will be executed in the same environment as users of your site.,https://chromium.googlesource.com/chromium/src/+/lkgr/headless/README.md,https://app.daily.dev/tags/google-chrome?ref=roadmapsh,
qa-headless-fox,qa,Headless Browser Testing,Headless Fox,,JOB_READY,BRANCH,ALTERNATIVE,,,,,1,EVIDENCE_ALLOWED,65,"headless browser testing,headless fox",qa-headless-testing,,"Headless Browser Testing is a process of running the browser tests without the type of browser UI or GUI. In headless browser testing, to conduct cross-browser testing the tester can run test cases accurately and successfully without requiring the browser on which application needs to be tested.",https://hacks.mozilla.org/2017/12/using-headless-mode-in-firefox/,,
qa-html-unit,qa,Headless Browser Testing,HTML Unit,,JOB_READY,BRANCH,ALTERNATIVE,,,,,1,EVIDENCE_ALLOWED,65,"headless browser testing,html unit",qa-headless-testing,,"HtmlUnit is a ""GUI-Less browser for Java programs"". It models HTML documents and provides an API that allows you to invoke pages, fill out forms, click links, etc... just like you do in your ""normal"" browser. It has fairly good JavaScript support (which is constantly improving) and is able to work even with quite complex AJAX libraries, simulating Chrome, Firefox or Internet Explorer depending on the configuration used.",https://htmlunit.sourceforge.io/,https://www.baeldung.com/htmlunit,https://app.daily.dev/tags/html?ref=roadmapsh
swarch-understand-the-basics,software-architect,Software Architecture Fundamentals,Understand the Basics,1,FOUNDATION,MAIN,CORE,,,ALL,,3,EVIDENCE_ALLOWED,65,"software,architecture,fundamentals,basics",,,"Understand different concepts such as what is software architecture, software architect, different types of architects and so on.",,,
swarch-what-is-software-architecture,software-architect,Software Architecture Fundamentals,What is Software Architecture,,FOUNDATION,BRANCH,CORE,,,,,1,MANUAL_ONLY,,,swarch-understand-the-basics,,"Describes how an application is built including its components, how they interact with each other, environment in which they operate and so on.",https://www.computer.org/resources/software-architecture,https://www.infoq.com/articles/what-software-architecture/,https://app.daily.dev/tags/architecture?ref=roadmapsh
swarch-what-is-a-software-architect,software-architect,Software Architecture Fundamentals,What is a Software Architect,,FOUNDATION,BRANCH,CORE,,,,,1,MANUAL_ONLY,,,swarch-understand-the-basics,,"An expert developer who design software solutions from the ground up, making high-level decisions about each stage of the process including technical standards, tools, design principles, platforms to be used, etc., leading a team of engineers to create the final product.",https://www.redhat.com/architect/what-is-software-architect,,
swarch-levels-of-architecture,software-architect,Software Architecture Fundamentals,Levels of Architecture,,FOUNDATION,BRANCH,CORE,,,ALL,,1,MANUAL_ONLY,,,swarch-understand-the-basics,,Architecture can be done on several ??evels??of abstractions. The level influences the importance of necessary skills. As there are many categorizations possible my favorite segmentation includes these 3 levels:,,,
swarch-application-architecture,software-architect,,Application Architecture,,FOUNDATION,BRANCH,CORE,,,,,1,MANUAL_ONLY,,,swarch-levels-of-architecture,,"The lowest level of architecture. Focus on one single application. Very detailed, low level design. Communication is usually within one development team.",https://www.codesee.io/learning-center/application-architecture,,
swarch-solution-architecture,software-architect,,Solution Architecture,,FOUNDATION,BRANCH,CORE,,,,,1,MANUAL_ONLY,,,swarch-levels-of-architecture,,"The mid-level of architecture. Focus on one or more applications which fulfill a business need (business solution). Some high, but mainly low-level design. Communication is between multiple development teams.",https://www.leanix.net/en/wiki/it-architecture/solution-architecture,,
swarch-enterprise-architecture,software-architect,,Enterprise Architecture,,FOUNDATION,BRANCH,CORE,,,,,1,MANUAL_ONLY,,,swarch-levels-of-architecture,,"The highest level of architecture. Focus on multiple solutions. High level, abstract design, which needs to be detailed out by solution or application architects. Communication is across the organization.",https://medium.com/@hsienwei/enterprise-software-architecture-957288829daa,https://www.linkedin.com/pulse/enterprise-architect-vs-software-who-you-luigi-saggese/,https://app.daily.dev/tags/architecture?ref=roadmapsh
swarch-responsibilities,software-architect,Software Architect Responsibilities,Responsibilities,2,FOUNDATION,MAIN,CORE,,,,,3,EVIDENCE_ALLOWED,65,"architect,responsibilities,role,duties",,swarch-understand-the-basics,"To understand the necessary skills an architect needs, we first need to understand typical activities. The following list contains from my perspective the most important activities:
Define and decide development technology and platform
Define development standards, e.g., coding standards, tools, review processes, test approach, etc.
Support identifying and understanding business requirements
Design systems and take decisions based on requirements
Document and communicate architectural definitions, design and decisions
Check and review architecture and code, e.g., check if defined patterns and coding standards are implemented properly
Collaborate with other architects and stakeholders
Coach and consult developers
Make sure that as implementation takes place, the architecture is being adhered to
Play a key part in reviewing code
Detail out and refine higher level design into lower level design",https://en.wikipedia.org/wiki/Software_architect,,
swarch-important-skills-to-learn,software-architect,Architect Soft Skills,Important Skills to Learn,3,FOUNDATION,MAIN,CORE,,,ALL,,3,EVIDENCE_ALLOWED,65,"soft,skills,communication,decision,making",,swarch-responsibilities,"To support the laid-out activities specific skills are required. From my experience, read books and discussions we can boil this down to these ten skills every software architect should have:",,,
swarch-design-and-architecture,software-architect,Architect Soft Skills,Design & Architecture,,FOUNDATION,BRANCH,CORE,,,,,1,MANUAL_ONLY,,,swarch-important-skills-to-learn,,"Good design in software architecture blends theoretical knowledge with practical experience. Theoretically, architects should master fundamental design patterns, such as those detailed in _""Design Patterns: Elements of Reusable Object-Oriented Software""_, which remain foundational for modern architecture. Advanced knowledge of patterns and anti-patterns, like those in _""Enterprise Integration Patterns""_, extends this understanding. Architects must also focus on quality measures, ensuring designs meet non-functional requirements like scalability, security, and adaptability.",https://roadmap.sh/software-design-architecture,https://github.com/nilbuild/design-patterns-for-humans,
swarch-decision-making,software-architect,Architect Soft Skills,Decision Making,,FOUNDATION,BRANCH,CORE,,,,,1,MANUAL_ONLY,,,swarch-important-skills-to-learn,,"Effective decision-making is crucial for architects to guide projects and organizations in the right direction. Focus on what?? important by emphasizing **conceptual integrity** (sticking to consistent decisions for simplicity and maintainability) and **uniformity** (ensuring standards like naming conventions are applied consistently). Prioritize critical decisions early to avoid costly workarounds or project delays, using tools like the Weighted Shortest Job First (WSJF) model for prioritization. Stay within your scope of competence to maintain credibility, collaborate with peers, and clarify responsibilities within the architectural hierarchy.",https://en.wikipedia.org/wiki/Decision-making,,
swarch-simplifying-things,software-architect,Architect Soft Skills,Simplifying Things,,FOUNDATION,BRANCH,CORE,,,,,1,MANUAL_ONLY,,,swarch-important-skills-to-learn,,"Simplifying solutions is critical for effective problem-solving, aligning with Occam?? Razor, which favors simplicity by reducing unnecessary assumptions. To achieve this, ??hake??your solution by analyzing it from different perspectives and questioning its assumptions. After complex discussions, take a step back to review the big picture and refactor if needed, giving your brain time to process ideas. Apply the _divide and conquer_ method to break problems into smaller parts and validate their integration afterward. Finally, remember that refactoring is a valuable process to improve overly complex solutions, provided there?? adequate test coverage and stakeholder support.",https://www.infoq.com/articles/driving-architectural-simplicity/,,
swarch-how-to-code,software-architect,Architect Soft Skills,How to Code,,FOUNDATION,BRANCH,CORE,,,,,1,MANUAL_ONLY,,,swarch-important-skills-to-learn,,"Even as an Enterprise Architect, staying connected to coding practices is essential to understand developers??challenges and earn their trust. Maintaining a **side project** allows you to explore new technologies, tools, and methodologies hands-on, building practical experience beyond theoretical knowledge. This helps in forming informed decisions and keeping pace with evolving trends in development.",https://www.freecodecamp.org/news/how-to-code-coding-for-beginners-and-how-to-learn-programming-for-free/,https://www.thoughtworks.com/radar,https://www.youtube.com/watch?v=qkFYqY3vr84
swarch-documentation,software-architect,Architect Soft Skills,Documentation,,FOUNDATION,BRANCH,CORE,,,,,1,MANUAL_ONLY,,,swarch-important-skills-to-learn,,"Architectural documentation is sometimes more and sometimes less important. Important documents are for example architectural decisions or code guidelines. Initial documentation is often required before coding starts and need to be refined continuously. Other documentation can be automatically generated as code can also be documentation, e.g. UML class diagrams.",https://en.wikipedia.org/wiki/Documentation,https://www.workingsoftware.dev/software-architecture-documentation-the-ultimate-guide/,
swarch-communication,software-architect,Architect Soft Skills,Communication,,FOUNDATION,BRANCH,CORE,,,,,1,MANUAL_ONLY,,,swarch-important-skills-to-learn,,"From my observations this is one of the most underestimated skill. If you are brilliant in design but cannot communicate your ideas, your thoughts are likely to have less impact or even fail to succeed.",https://en.wikipedia.org/wiki/Communication,,
swarch-estimate-and-evaluate,software-architect,Architect Soft Skills,Estimate and Evaluate,,FOUNDATION,BRANCH,CORE,,,,,1,MANUAL_ONLY,,,swarch-important-skills-to-learn,,"Estimation and evaluation are critical skills for architects and lead developers. Architects must understand basic project management principles to provide estimates for timelines, resources, and costs, considering all project phases like requirements, testing, and debugging. Using past data or models like COCOMO helps refine estimates. For agile projects, resources like _""Agile Estimating and Planning""_ by Mike Cohn can offer valuable guidance.",https://medium.com/oolooroo/evaluating-digital-architectures-a-deep-dive-into-modern-software-systems-analysis-dff3b0d2da8f,https://www.linkedin.com/advice/0/what-most-common-software-architecture-evaluation,
swarch-balance,software-architect,Architect Soft Skills,Balance,,FOUNDATION,BRANCH,CORE,,,,,1,MANUAL_ONLY,,,swarch-important-skills-to-learn,,"Achieving balance in architecture requires managing trade-offs between quality, cost, and development speed, avoiding over-engineering while aligning functional and non-functional requirements. Architects must navigate conflicting goals, like balancing short-term simplicity with long-term vision, ensuring solutions fit future needs while involving developers, businesses, and managers in understanding the financial and strategic impact. Additionally, architects often mediate between diverse groups, resolving conflicts and aligning strategies through effective communication, such as the ??our-Ears Model??by Schulze von Thun, which aids in fostering collaboration and achieving balanced, strategic outcomes.",https://en.wikipedia.org/wiki/Balance_(architecture,,
swarch-consult-and-coach,software-architect,Architect Soft Skills,Consult & Coach,,FOUNDATION,BRANCH,CORE,,,,,1,MANUAL_ONLY,,,swarch-important-skills-to-learn,,"Proactive consulting and coaching are essential to prevent architectural issues from escalating. Architects must anticipate future needs and prepare the organization by setting a clear vision of mid- and long-term goals, often using maturity models to provide structure and measure progress against SMART criteria. Building a **Community of Practice (CoP)** fosters collaboration, standardization, and knowledge sharing among professionals with shared interests, such as developers and architects, enhancing individual and organizational growth. Open-door sessions, held regularly without a strict agenda, encourage open communication, resolve minor issues promptly, and address complex topics through follow-ups, reducing misconceptions and ambiguity.",https://en.wikipedia.org/wiki/Consulting,,
swarch-marketing-skills,software-architect,Architect Soft Skills,Marketing Skills,,FOUNDATION,BRANCH,CORE,,,,,1,MANUAL_ONLY,,,swarch-important-skills-to-learn,,"Marketing skills are essential for promoting your ideas effectively, especially when others may not immediately embrace them. To convince others, it's crucial to motivate them by demonstrating the value and benefits of your ideas in an easily digestible format, such as through prototypes or videos. Persistence is key; if you're convinced of your idea?? worth, you need to fight for it, even if it's met with resistance. Establishing allies who support your ideas can also make it easier to gain traction, so start building a network. Repeating your message regularly can help, but be cautious not to overdo it, as credibility is essential for long-term success.",https://openasset.com/blog/marketing-for-architects/,,
swarch-technical-skills,software-architect,,Technical Skills,4,FOUNDATION,MAIN,CORE,,,,,3,EVIDENCE_ALLOWED,65,"technical,skills,architecture,engineering",,swarch-important-skills-to-learn,"Experience in software development
Experience in project management
Knowledge of one or more programming languages, such as Java, Python, JavaScript, Ruby, Rust, and C
Knowledge of different development platforms
Understanding of web applications, cybersecurity, and open source technologies
Proficiency in analyzing code for issues and errors
Experience in database platforms
Experience with Operations and DevOps Skills",,,
swarch-programming-languages,software-architect,,Programming Languages,5,CORE,MAIN,CORE,,,CHOOSE_ONE,1,3,EVIDENCE_ALLOWED,65,"programming,language,java,python,go",,swarch-technical-skills,"A programming language is a system of notation for writing computer programs. Programming languages are described in terms of their syntax and semantics, usually defined by a formal language. Languages usually provide features such as a type system, variables, and mechanisms for error handling.",https://en.wikipedia.org/wiki/Programming_language,,
swarch-java-kotlin-scala-swift,software-architect,Java / Kotlin / Scala / Swift,Java / Kotlin / Scala / Swift,,CORE,BRANCH,ALTERNATIVE,,,,,1,EVIDENCE_ALLOWED,65,"java,java / kotlin / scala / swift,kotlin,scala,swift",swarch-programming-languages,,"Java: Java is a widely-used, object-oriented programming language known for its platform independence, reliability, and scalability. It?? commonly used for building large-scale enterprise applications, Android development, and web services. Java?? extensive libraries, frameworks, and strong community support make it a popular choice for developers.",https://roadmap.sh/java,https://www.java.com/,https://roadmap.sh/kotlin
swarch-python,software-architect,Python,Python,,CORE,BRANCH,ALTERNATIVE,,,,,1,EVIDENCE_ALLOWED,65,python,swarch-programming-languages,,"Python is a multi-paradigm language. Being an interpreted language, code is executed as soon as it is written and the Python syntax allows for writing code in functional, procedural or object-oriented programmatic ways. Python is frequently recommended as the first language new coders should learn, because of its focus on readability, consistency, and ease of use. This comes with some downsides, as the language is not especially performant in most production tasks.",https://roadmap.sh/python,https://www.python.org/,https://www.python.org/about/gettingstarted/
swarch-ruby,software-architect,Ruby,Ruby,,CORE,BRANCH,ALTERNATIVE,,,,,1,EVIDENCE_ALLOWED,65,ruby,swarch-programming-languages,,"Ruby is a high-level, interpreted programming language that blends Perl, Smalltalk, Eiffel, Ada, and Lisp. Ruby focuses on simplicity and productivity along with a syntax that reads and writes naturally. Ruby supports procedural, object-oriented and functional programming and is dynamically typed.",https://www.ruby-lang.org/en/,https://www.ruby-lang.org/en/documentation/quickstart/,https://app.daily.dev/tags/ruby?ref=roadmapsh
swarch-go,software-architect,Go,Go,,CORE,BRANCH,ALTERNATIVE,,,,,1,EVIDENCE_ALLOWED,65,go,swarch-programming-languages,,"Go is an open source programming language supported by Google. Go can be used to write cloud services, CLI tools, used for API development, and much more.",https://roadmap.sh/golang,https://go.dev/tour/welcome/1,https://go.dev/doc/
swarch-javascript-typescript,software-architect,JavaScript / TypeScript,JavaScript / TypeScript,,CORE,BRANCH,ALTERNATIVE,,,,,1,EVIDENCE_ALLOWED,65,"javascript,javascript / typescript,js,node,ts,typescript",swarch-programming-languages,,"JavaScript allows you to add interactivity to your pages. Common examples that you may have seen on the websites are sliders, click interactions, popups and so on. Apart from being used on the frontend in browsers, there is Node.js which is an open-source, cross-platform, back-end JavaScript runtime environment that runs on the V8 engine and executes JavaScript code outside a web browser. TypeScript adds optional types to JavaScript that support tools for large-scale JavaScript applications for any browser, for any host, on any OS. TypeScript compiles to readable, standards-based JavaScript.",https://roadmap.sh/javascript,https://roadmap.sh/typescript,https://www.typescriptlang.org/
swarch-net-framework-based,software-architect,.NET,.NET Framework Based,,CORE,BRANCH,ALTERNATIVE,,,,,1,EVIDENCE_ALLOWED,65,".net,.net framework based,asp.net,c#,csharp,dotnet",swarch-programming-languages,,".NET is an open-source platform with tools and libraries for building web, mobile, desktop, games, IoT, cloud, and microservices.",https://dotnet.microsoft.com/en-us/,https://dotnet.microsoft.com/en-us/learn/dotnet/what-is-dotnet,https://dotnet.microsoft.com/en-us/platform/why-choose-dotnet
swarch-patterns-and-design-principles,software-architect,Design Patterns & Principles,Patterns & Design Principles,6,CORE,MAIN,CORE,,,ALL,,3,EVIDENCE_ALLOWED,65,"design,pattern,principle,solid,ddd",,swarch-programming-languages,"In the realm of software architecture, patterns and design principles are foundational tools that enable architects to create robust, scalable, and maintainable systems. They offer proven solutions to common problems and guide decision-making throughout the software development lifecycle. Understanding these concepts is essential for anyone following a software architect roadmap, as they bridge the gap between high-level architecture and practical implementation.",,,
swarch-mvc-mvp-mvvm,software-architect,Design Patterns & Principles,"MVC, MVP, MVVM",,CORE,BRANCH,CORE,,,,,1,MANUAL_ONLY,,,swarch-patterns-and-design-principles,,"Model-view-controller, or MVC, is a pattern used to separate user-interface, data and application logic. It does this by separating an application into three parts: Model, View, and Controller. The model holds the data, the view encompasses the user-interface, and the controller acts as a mediator between the two.",https://medium.com/@ankit.sinhal/mvc-mvp-and-mvvm-design-pattern-6e169567bbad,https://app.daily.dev/tags/general-programming?ref=roadmapsh,
swarch-cqrs-eventual-consistency,software-architect,Design Patterns & Principles,"CQRS, Eventual Consistency",,CORE,BRANCH,CORE,,,,,1,MANUAL_ONLY,,,swarch-patterns-and-design-principles,,CQRS (Segregation of Responsibility for Command Queries) is an architecture pattern that comes with the idea of separating read and write operations into two distinct logical processes.,https://martinfowler.com/bliki/CQRS.html,https://learn.microsoft.com/en-us/azure/architecture/patterns/cqrs,
swarch-acid-cap-theorem,software-architect,Design Patterns & Principles,"ACID, CAP Theorem",,CORE,BRANCH,CORE,,,,,1,MANUAL_ONLY,,,swarch-patterns-and-design-principles,,"ACID (Atomicity, Consistency, Isolation, Durability) and CAP (Consistency, Availability, Partition Tolerance) are essential concepts in distributed systems. They are often used to explain the trade-offs between consistency and availability.",https://www.bmc.com/blogs/cap-theorem/,https://en.wikipedia.org/wiki/CAP_theorem,https://mwhittaker.github.io/blog/an_illustrated_proof_of_the_cap_theorem/
swarch-actors,software-architect,Design Patterns & Principles,Actors,,CORE,BRANCH,CORE,,,,,1,MANUAL_ONLY,,,swarch-patterns-and-design-principles,,"Actor Model is a model that represents actors as the basic unit of a system, they can only communicate through messages and have their own private state, and they can also manage other actors, resulting in an encapsulated and fault-tolerant system.",https://www.brianstorti.com/the-actor-model/,https://www.youtube.com/watch?v=ELwEdb_pD0k,
swarch-oop,software-architect,Design Patterns & Principles,OOP,,CORE,BRANCH,CORE,,,,,1,MANUAL_ONLY,,,swarch-patterns-and-design-principles,,"Object-oriented programming (OOP) is a computer programming model that organizes software design around data, or objects, rather than functions and logic. An object can be defined as a data field that has unique attributes and behavior.",https://en.wikipedia.org/wiki/Object-oriented_programming,https://developer.mozilla.org/en-US/docs/Learn/JavaScript/Objects/Object-oriented_programming,https://www.youtube.com/watch?v=wN0x9eZLix4
swarch-solid,software-architect,Design Patterns & Principles,SOLID,,CORE,BRANCH,CORE,,,,,1,MANUAL_ONLY,,,swarch-patterns-and-design-principles,,"SOLID is a set of principles applied to object-oriented design (OOD) to create maintainable, understandable, and flexible code, while avoiding code smells and defects. The principles are:",https://www.baeldung.com/solid-principles,https://www.digitalocean.com/community/conceptual_articles/s-o-l-i-d-the-first-five-principles-of-object-oriented-design,
swarch-tdd,software-architect,Design Patterns & Principles,TDD,,CORE,BRANCH,CORE,,,,,1,MANUAL_ONLY,,,swarch-patterns-and-design-principles,,"Test driven development (TDD) is the process of writing tests for software's requirements which will fail until the software is developed to meet those requirements. Once those tests pass, then the cycle repeats to refactor code or develop another feature/requirement. In theory, this ensures that software is written to meet requirements in the simplest form, and avoids code defects.",https://www.guru99.com/test-driven-development.html,https://www.ibm.com/garage/method/practices/code/practice_test_driven_development/,https://youtu.be/uGaNkTahrIw
swarch-ddd,software-architect,Design Patterns & Principles,DDD,,CORE,BRANCH,CORE,,,,,1,MANUAL_ONLY,,,swarch-patterns-and-design-principles,,Domain-driven design (DDD) is a software design approach focusing on modeling software to match a domain according to input from that domain's experts.,https://github.com/ddd-crew/ddd-starter-modelling-process/,"https://web.archive.org/web/20230606035225/https://matfrs2.github.io/RS2/predavanja/literatura/Avram%20A,%20Marinescu%20F.%20-%20Domain%20Driven%20Design%20Quickly.pdf",https://app.daily.dev/tags/architecture?ref=roadmapsh
swarch-tools,software-architect,Collaboration & Dev Tools,Tools,7,CORE,MAIN,CORE,,,ALL,,3,EVIDENCE_ALLOWED,65,"tools,collaboration,git,project,management",,swarch-patterns-and-design-principles,"Software architects rely on a range of collaboration and productivity tools to manage source code, communicate with teams, and track project work across the organization.",https://roadmap.sh/software-architect,,
swarch-git,software-architect,Collaboration & Dev Tools,Git,,CORE,BRANCH,CORE,,,,,1,MANUAL_ONLY,,,swarch-tools,,"Git is a distributed version control system designed to handle projects of any size with speed and efficiency. Created by Linus Torvalds in 2005, Git tracks changes in source code during software development, allowing multiple developers to work together on non-linear development. It provides strong support for branching, merging, and distributed development workflows. Git maintains a complete history of all changes, enabling easy rollbacks and comparisons between versions. Its distributed nature means each developer has a full copy of the repository, allowing for offline work and backup. Git's speed, flexibility, and robust branching and merging capabilities have made it the most widely used version control system in software development, particularly for open-source projects.",https://roadmap.sh/git-github,https://cs.fyi/guide/git-cheatsheet,https://thenewstack.io/tutorial-git-for-absolutely-everyone/
swarch-github,software-architect,Collaboration & Dev Tools,GitHub,,CORE,BRANCH,CORE,,,,,1,MANUAL_ONLY,,,swarch-tools,,"GitHub has become a central hub for open-source projects and is widely used by developers, companies, and organizations for both private and public repositories. It was acquired by Microsoft in 2018 but continues to operate as a relatively independent entity. GitHub's popularity has made it an essential tool in modern software development workflows and a key platform for showcasing coding projects and contributing to open-source software.",https://roadmap.sh/git-github,https://github.com,https://docs.github.com/en/get-started/quickstart/hello-world
swarch-slack,software-architect,Collaboration & Dev Tools,Slack,,CORE,BRANCH,CORE,,,,,1,MANUAL_ONLY,,,swarch-tools,,"Slack is a messaging app for business that connects people to the information that they need. By bringing people together to work as one unified team, Slack transforms the way that organisations communicate.",https://slack.com,https://slack.com/intl/en-in/help/categories/360000049043,https://www.youtube.com/watch?v=q19RtuCHt1Q
swarch-trello,software-architect,Collaboration & Dev Tools,Trello,,CORE,BRANCH,CORE,,,,,1,MANUAL_ONLY,,,swarch-tools,,"Trello is the visual tool that empowers your team to manage any type of project, workflow, or task tracking.",https://trello.com,https://trello.com/guide,https://www.youtube.com/watch?v=AyfupeWS0yY
swarch-atlassian-tools,software-architect,Collaboration & Dev Tools,Atlassian Tools,,CORE,BRANCH,CORE,,,,,1,MANUAL_ONLY,,,swarch-tools,,"Atlassian tools offer a suite of solutions designed to streamline collaboration, project management, and incident handling for various teams. Jira serves as the core workflow engine, allowing organizations to track tasks through customizable workflows with granular permissions. Specialized tools like Jira Service Desk cater to help desk teams for managing incoming requests, while Jira Core enables business teams to organize and execute task-oriented projects across departments like marketing, HR, and operations. For enhanced collaboration, Confluence acts as a knowledge-sharing wiki, allowing teams to create, share, and audit content changes seamlessly. Bitbucket provides Git repository management for enterprise teams, fostering efficient collaboration on codebases.",https://www.atlassian.com/software/jira/service-management/features/service-desk,https://www.atlassian.com/software/jira/work-management,https://www.atlassian.com/wac/software/confluence?
swarch-architecture,software-architect,Architecture Styles,Architecture,8,CORE,MAIN,CORE,,,ALL,,3,EVIDENCE_ALLOWED,65,"architecture,style,microservices,distributed",,swarch-tools,Architecture refers to the approach of designing and implementing software architecture with a focus on the tools and technologies that will be used during the development process. This perspective emphasizes that the selection of tools can significantly influence architectural decisions and the overall design of the system.,,,
swarch-microservices,software-architect,Architecture Styles,Microservices,,CORE,BRANCH,CORE,,,,,1,MANUAL_ONLY,,,swarch-architecture,,"Microservice architecture is a pattern in which highly cohesive, loosely coupled services are separately developed, maintained, and deployed. Each component handles an individual function, and when combined, the application handles an overall business function.",https://microservices.io/patterns/microservices.html,https://smartbear.com/solutions/microservices/,https://thenewstack.io/microservices-101/
swarch-serverless,software-architect,Architecture Styles,Serverless,,CORE,BRANCH,CORE,,,,,1,MANUAL_ONLY,,,swarch-architecture,,"Serverless architecture (also known as serverless computing or function as a service, FaaS) is a software design pattern where applications are hosted by a third-party service, eliminating the need for server software and hardware management by the developer. Applications are broken up into individual functions that can be invoked and scaled individually.",https://aws.amazon.com/lambda/serverless-architectures-learn-more/,https://martinfowler.com/articles/serverless.html,https://app.daily.dev/tags/serverless?ref=roadmapsh
swarch-client-server,software-architect,Architecture Styles,Client / Server,,CORE,BRANCH,CORE,,,,,1,MANUAL_ONLY,,,swarch-architecture,,"Client-server architecture is a computing model that separates tasks or workloads between service providers (servers) and service requesters (clients). This architecture is widely used in networked applications, including web applications, where clients interact with servers to access resources, services, and data.",https://www.simplilearn.com/what-is-client-server-architecture-article,https://app.daily.dev/tags/architecture?ref=roadmapsh,
swarch-layered,software-architect,Architecture Styles,Layered,,CORE,BRANCH,CORE,,,,,1,MANUAL_ONLY,,,swarch-architecture,,"Layered architecture is a software design pattern where an application is divided into distinct layers, each with a specific responsibility, such as presentation, business logic, and data access. This approach promotes modularity, easier maintenance, testing, and component reusability. The most common implementation is the three-tier architecture, which separates concerns between the user interface, business rules, and data handling. However, it can introduce complexity, performance issues, tight coupling, and overhead if not carefully implemented. Despite these challenges, layered architecture is widely used in scalable and maintainable systems, particularly in enterprise applications.",https://en.wikipedia.org/wiki/Layered_architecture,,
swarch-distributed-systems,software-architect,Architecture Styles,Distributed Systems,,CORE,BRANCH,CORE,,,,,1,MANUAL_ONLY,,,swarch-architecture,,"Distributed systems are a type of computing architecture where components located on networked computers communicate and coordinate their actions by passing messages. These systems are designed to work together to achieve a common goal, often providing services or processing data in a collaborative manner.",https://www.distributed-systems.net/index.php/books/ds3/,https://estuary.dev/distributed-architecture/,https://app.daily.dev/tags/architecture?ref=roadmapsh
swarch-service-oriented,software-architect,Architecture Styles,Service Oriented,,CORE,BRANCH,CORE,,,,,1,MANUAL_ONLY,,,swarch-architecture,,"Service-oriented architecture (SOA) is an enterprise-wide approach to software development of application components that takes advantage of reusable software components, or services.",https://aws.amazon.com/what-is/service-oriented-architecture/,,
swarch-security,software-architect,Security Architecture,Security,9,PRACTICAL,MAIN,CORE,,,ALL,,3,EVIDENCE_ALLOWED,65,"security,architecture,authentication,owasp",,swarch-architecture,"Security is a broad field that encompasses various measures and practices designed to protect information, systems, and networks from unauthorized access, damage, or theft. It is essential in safeguarding sensitive data and maintaining the integrity and availability of resources.",https://en.wikipedia.org/wiki/Security,https://aws.amazon.com/blogs/architecture/lets-architect-security-in-software-architectures/,
swarch-hashing-algorithms,software-architect,Security Architecture,Hashing Algorithms,,PRACTICAL,BRANCH,CORE,,,,,1,MANUAL_ONLY,,,swarch-security,,"Hashing algorithms are used to generate a unique value for a given input. This value is called a hash. Hashing algorithms are used to verify the integrity of data, to store passwords, and to generate unique identifiers for data.",https://www.codecademy.com/resources/blog/what-is-hashing/,https://www.youtube.com/watch?v=b4b8ktEV4Bg,https://www.youtube.com/watch?v=Plp4F3ZfC7A
swarch-pki,software-architect,Security Architecture,PKI,,PRACTICAL,BRANCH,CORE,,,,,1,MANUAL_ONLY,,,swarch-security,,"A public key infrastructure (PKI) is a set of roles, policies, hardware, software, and procedures to create, manage, distribute, use, store and revoke digital certificates and public-key encryption. The purpose of a PKI is to facilitate the secure electronic transfer of information for a range of network activities such as e-commerce, internet banking, and confidential email. It is required for activities where simple passwords are an inadequate authentication method, and the more rigorous proof is required to confirm the identity of the parties involved in the communication and to validate the information being transferred.",https://en.wikipedia.org/wiki/Public_key_infrastructure,https://public.cyber.mil/pki-pke/,
swarch-owasp,software-architect,Security Architecture,OWASP,,PRACTICAL,BRANCH,CORE,,,,,1,MANUAL_ONLY,,,swarch-security,,"OWASP or Open Web Application Security Project is an online community that produces freely-available articles, methodologies, documentation, tools, and technologies in the field of web application security.",https://github.com/0xRadi/OWASP-Web-Checklist,https://en.wikipedia.org/wiki/OWASP,https://sucuri.net/guides/owasp-top-10-security-vulnerabilities-2021/
swarch-auth-strategies,software-architect,Security Architecture,Auth Strategies,,PRACTICAL,BRANCH,CORE,,,,,1,MANUAL_ONLY,,,swarch-security,,Authentication strategies are essential for ensuring secure access to applications and systems. They define how users are verified before being granted access to resources. Here are some common authentication strategies:,https://auth0.com/resources/ebooks/jwt-handbook,https://www.cerbos.dev/blog/authentication-vs-authorization,https://www.youtube.com/watch?v=i8wFExDSZv0
swarch-working-with-data,software-architect,Data Architecture,Working with Data,10,PRACTICAL,MAIN,CORE,,,ALL,,3,EVIDENCE_ALLOWED,65,"data,architecture,database,analytics",,swarch-security,"Working with databases involves storing, managing, and retrieving data efficiently to support applications and business processes. Databases can be relational, like MySQL and PostgreSQL, which use structured tables and SQL for querying, or non-relational (NoSQL), like MongoDB and Cassandra, which handle unstructured or semi-structured data. Effective database management requires designing normalized schemas for relational databases, ensuring data integrity, and optimizing queries for performance. For NoSQL databases, it's important to choose the right type (e.g., document, key-value, columnar) based on application needs. Additionally, managing transactions, indexing, backups, and security are crucial for maintaining reliable and scalable database systems.",https://www.digitalocean.com/community/conceptual-articles/an-introduction-to-databases,,
swarch-hadoop-spark-mapreduce,software-architect,Data Architecture,"Hadoop, Spark, MapReduce",,PRACTICAL,BRANCH,CORE,,,,,1,MANUAL_ONLY,,,swarch-working-with-data,,"Spark is a data processing framework that can quickly perform processing tasks on very large data sets, and can also distribute data processing tasks across multiple computers, either on its own or in tandem with other distributed computing tools.",https://spark.apache.org/,https://www.integrate.io/blog/apache-spark-vs-hadoop-mapreduce,https://www.youtube.com/watch?v=aReuLtY0YMI
swarch-etl-datawarehouses,software-architect,Data Architecture,"ETL, Datawarehouses",,PRACTICAL,BRANCH,CORE,,,,,1,MANUAL_ONLY,,,swarch-working-with-data,,"ETL (Extract, Transform, Load) is a key process in data warehousing, enabling the integration of data from multiple sources into a centralized database. The process begins by **extracting** data from original sources, followed by **transforming** it to ensure quality, deduplication, and combination, and finally **loading** it into the target database. ETL tools streamline this process, allowing companies to consolidate diverse data types and ensure seamless integration for effective data analysis and decision-making.",https://www.snowflake.com/guides/what-etl,https://www.youtube.com/watch?v=OW5OgsLpDCQ,https://app.daily.dev/tags/etl?ref=roadmapsh
swarch-sql-databases,software-architect,Data Architecture,SQL Databases,,PRACTICAL,BRANCH,CORE,,,,,1,MANUAL_ONLY,,,swarch-working-with-data,,"SQL stands for Structured Query Language. It's used for relational databases. A SQL database is a collection of tables that stores a specific set of structured data. Examples of SQL Databases includes MariaDB, MySQL and PostgreSQL.",https://roadmap.sh/sql,https://aws.amazon.com/what-is/sql/,https://www.openlogic.com/blog/what-sql-database
swarch-nosql-databases,software-architect,Data Architecture,NoSQL Databases,,PRACTICAL,BRANCH,CORE,,,,,1,MANUAL_ONLY,,,swarch-working-with-data,,"NoSQL databases (aka ""not only SQL"") are non-tabular databases and store data differently than relational tables. NoSQL databases come in a variety of types based on their data model. The main types are document, key-value, wide-column, and graph. They provide flexible schemas and scale easily with large amounts of data and high user loads.",https://aws.amazon.com/nosql/,https://www.mongodb.com/resources/basics/databases/nosql-explained,https://app.daily.dev/tags/nosql?ref=roadmapsh
swarch-analytics,software-architect,Data Architecture,Analytics,,PRACTICAL,BRANCH,CORE,,,ALL,,1,MANUAL_ONLY,,,swarch-working-with-data,,"Analytics tools and platforms help architects design systems that can process, warehouse, and derive insight from large volumes of data at scale.",https://en.wikipedia.org/wiki/Big_data,,
swarch-apache-spark,software-architect,,Apache Spark,,PRACTICAL,BRANCH,CORE,,,,,1,MANUAL_ONLY,,,swarch-analytics,,"Apache Spark is a multi-language engine for executing data engineering, data science, and machine learning on single-node machines or clusters.",https://spark.apache.org/,https://app.daily.dev/tags/apache?ref=roadmapsh,
swarch-datawarehouse-principles,software-architect,,Datawarehouse Principles,,PRACTICAL,BRANCH,CORE,,,,,1,MANUAL_ONLY,,,swarch-analytics,,It is based on the assumption that every system should take care of a concern in a way that such concern should be encapsulated by the system itself.,https://www.toptal.com/data-science/data-warehouse-concepts-principles,,
swarch-hadoop,software-architect,,Hadoop,,PRACTICAL,BRANCH,CORE,,,,,1,MANUAL_ONLY,,,swarch-analytics,,The Apache Hadoop software library is a framework that allows for the distributed processing of large data sets across clusters of computers using simple programming models.,https://hadoop.apache.org/,https://en.wikipedia.org/wiki/Apache_Hadoop,https://app.daily.dev/tags/apache-hadoop?ref=roadmapsh
swarch-apis-and-integrations,software-architect,APIs & Integration Patterns,APIs & Integrations,11,PRACTICAL,MAIN,CORE,,,ALL,,3,EVIDENCE_ALLOWED,65,"api,integration,rest,graphql,messaging",,swarch-working-with-data,"APIs (Application Programming Interfaces) are essential for enabling communication between different software applications, allowing them to share data and functionality seamlessly. They serve as the bridge that connects disparate systems, making it possible for applications to interact without needing to know the internal workings of one another. Integration, on the other hand, refers to the process of connecting these systems to work together effectively, often utilizing APIs to facilitate data exchange and process automation. By leveraging APIs in integrations, organizations can enhance operational efficiency, reduce data silos, and improve user experiences through seamless data flow between applications.",https://www.ibm.com/topics/api-integration,https://www.postman.com/api-platform/api-integration/,https://www.infoq.com/articles/api-first-integration/
swarch-grpc,software-architect,APIs & Integration Patterns,gRPC,,PRACTICAL,BRANCH,CORE,,,,,1,MANUAL_ONLY,,,swarch-apis-and-integrations,,"gRPC is a platform agnostic serialization protocol that is used to communicate between services. Designed by Google in 2015, it is a modern alternative to REST APIs. It is a binary protocol that uses HTTP/2 as a transport layer. It is a high performance, open source, general-purpose RPC framework that puts mobile and HTTP/2 first.",https://grpc.io/,https://grpc.io/docs/what-is-grpc/introduction/,https://grpc.io/docs/what-is-grpc/core-concepts/
swarch-esb-soap,software-architect,APIs & Integration Patterns,"ESB, SOAP",,PRACTICAL,BRANCH,CORE,,,,,1,MANUAL_ONLY,,,swarch-apis-and-integrations,,"ESB (Enterprise Service Bus) and SOAP (Simple Object Access Protocol) are two technologies that enable communication between different systems. ESB is a software architecture that allows for the integration of various systems, such as databases, web services, and mobile applications. SOAP is a messaging protocol that enables the exchange of structured data between systems over the internet.",https://mariomthree.medium.com/understanding-soap-the-old-guard-of-web-services-6ca89d8ec312,https://en.wikipedia.org/wiki/Enterprise_service_bus,https://www.ibm.com/topics/esb
swarch-rest,software-architect,APIs & Integration Patterns,REST,,PRACTICAL,BRANCH,CORE,,,,,1,MANUAL_ONLY,,,swarch-apis-and-integrations,,"REST, or REpresentational State Transfer, is an architectural style for providing standards between computer systems on the web, making it easier for systems to communicate with each other.",https://www.redhat.com/en/topics/api/what-is-a-rest-api,https://www.ics.uci.edu/~fielding/pubs/dissertation/rest_arch_style.htm,https://restapitutorial.com/
swarch-graphql,software-architect,APIs & Integration Patterns,GraphQL,,PRACTICAL,BRANCH,CORE,,,,,1,MANUAL_ONLY,,,swarch-apis-and-integrations,,"GraphQL is a query language and runtime for APIs, developed by Facebook. GraphQL's flexibility and efficiency make it popular for building complex applications, especially those with diverse client requirements. It's particularly useful for mobile applications where bandwidth efficiency is crucial. While it requires a paradigm shift from REST, many developers and organizations find GraphQL's benefits outweigh the learning curve, especially for large-scale or rapidly evolving APIs.",https://roadmap.sh/graphql,https://graphql.org/learn/,https://thenewstack.io/introduction-to-graphql/
swarch-bpm-bpel,software-architect,APIs & Integration Patterns,"BPM, BPEL",,PRACTICAL,BRANCH,CORE,,,,,1,MANUAL_ONLY,,,swarch-apis-and-integrations,,BPM: Business Process Management,https://www.redhat.com/en/topics/automation/what-is-business-process-management,https://www.ibm.com/docs/en/baw/19.x?topic=SS8JB4_19.x/com.ibm.wbpm.wid.main.doc/prodoverview/topics/cbpelproc.html,https://www.youtube.com/watch?v=V6nr5dnb1JQ
swarch-messaging-queues,software-architect,APIs & Integration Patterns,Messaging Queues,,PRACTICAL,BRANCH,CORE,,,,,1,MANUAL_ONLY,,,swarch-apis-and-integrations,,"Message queuing makes it possible for applications to communicate asynchronously, by sending messages to each other via a queue. A message queue provides temporary storage between the sender and the receiver so that the sender can keep operating without interruption when the destination program is busy or not connected.",https://aws.amazon.com/message-queue/,https://www.tutorialspoint.com/inter_process_communication/inter_process_communication_message_queues.htm,
swarch-web-mobile,software-architect,Web & Mobile Architecture,"Web, Mobile",12,PRACTICAL,MAIN,CORE,,,ALL,,3,EVIDENCE_ALLOWED,65,"web,mobile,frontend,spa,reactive",,swarch-apis-and-integrations,"Web apps and mobile apps are two distinct types of software applications designed to run on different platforms. Web apps are accessed through web browsers and run on various devices using internet connectivity. They are platform-independent, making them easy to update and maintain, but often require an active internet connection. Mobile apps, on the other hand, are specifically developed for mobile operating systems like Android and iOS, providing enhanced performance, offline functionality, and seamless access to device features such as GPS, cameras, and sensors. While web apps prioritize accessibility and cost-effectiveness, mobile apps focus on delivering a tailored and optimized user experience.",https://buildfire.com/difference-between-web-app-and-mobile-app/,,
swarch-reactive-programming,software-architect,Web & Mobile Architecture,Reactive Programming,,PRACTICAL,BRANCH,CORE,,,,,1,MANUAL_ONLY,,,swarch-web-mobile,,Reactive programming describes a design paradigm that relies on asynchronous programming logic to handle real-time updates to otherwise static content. It provides an efficient means -- the use of automated data streams -- to handle data updates to content whenever a user makes an inquiry.,https://www.techtarget.com/searchapparchitecture/definition/reactive-programming,,
swarch-functional-programming,software-architect,Web & Mobile Architecture,Functional Programming,,PRACTICAL,BRANCH,CORE,,,,,1,MANUAL_ONLY,,,swarch-web-mobile,,Functional programming is a programming paradigm designed to handle pure mathematical functions. This paradigm is totally focused on writing more compounded and pure functions.,https://en.wikipedia.org/wiki/Functional_programming,https://www.telerik.com/blogs/functional-programming-javascript,https://youtube.com/watch?v=e-5obm1G_FY
swarch-react-vue-angular,software-architect,Web & Mobile Architecture,"React, Vue, Angular",,PRACTICAL,BRANCH,CORE,,,,,1,MANUAL_ONLY,,,swarch-web-mobile,,React is the most popular front-end JavaScript library for building user interfaces. React can also render on the server using Node and power mobile apps using React Native.,https://roadmap.sh/react,https://roadmap.sh/vue,https://roadmap.sh/angular
swarch-spa-ssr-ssg,software-architect,Web & Mobile Architecture,"SPA, SSR, SSG",,PRACTICAL,BRANCH,CORE,,,,,1,MANUAL_ONLY,,,swarch-web-mobile,,"*   **SPA**: A single page application loads only a single web document from the server and then updates the content of that document on demand via `Javascript APIs` without reloading the entire document. React, Vue, Angular are the top frameworks used to create single page applications.",https://medium.com/codex/web-design-patterns-ssr-ssg-and-spa-fadad7673dfe,https://web.dev/rendering-on-the-web/,https://app.daily.dev/tags/webdev?ref=roadmapsh
swarch-microfrontends,software-architect,Web & Mobile Architecture,Microfrontends,,PRACTICAL,BRANCH,CORE,,,,,1,MANUAL_ONLY,,,swarch-web-mobile,,"Microfrontends is an architectural style where independently deliverable frontend applications built by different teams using different technologies are composed into a greater whole. Simply, a Micro-Frontend is a portion of a webpage (not the entire page). There is a ??ost??or a ??ontainer??page in the Micro-Frontend Architecture page that can host one or more Micro-Frontends.",https://micro-frontends.org/,https://www.youtube.com/watch?v=lKKsjpH09dU,https://app.daily.dev/tags/webdev?ref=roadmapsh
swarch-w3c-and-whatwg,software-architect,Web & Mobile Architecture,W3C and WHATWG,,PRACTICAL,BRANCH,CORE,,,,,1,MANUAL_ONLY,,,swarch-web-mobile,,"World Wide Web Consortium (W3C) standards define the best practices for web development to enable developers to build rich interactive experiences that are available on any device. Theses standards range from recommended web technologies such as HTML, CSS, XML to the generally accepted principles of web architecture, semantics and services.",https://www.w3.org/standards/,https://spec.whatwg.org/,
swarch-frameworks,software-architect,Architecture Frameworks & Modeling,Frameworks,13,ADVANCED,MAIN,CORE,,,ALL,,3,EVIDENCE_ALLOWED,65,"architecture,framework,togaf,uml,modeling",,swarch-web-mobile,"Architect frameworks are tools that provide a structured approach to software architecture. They help architects organize their work, manage dependencies, and ensure consistency across projects. Some popular frameworks include:",https://www.techtarget.com/searchapparchitecture/definition/enterprise-architecture-framework,https://medium.com/@publicapplicationcenter/tutorial-notes-common-software-architecture-frameworks-1a9915e1d806,
swarch-babok,software-architect,Architecture Frameworks & Modeling,BABOK,,ADVANCED,BRANCH,CORE,,,,,1,MANUAL_ONLY,,,swarch-frameworks,,"The guide to the Business Analysis Body of Knowledge (BABOK Guide) is a book from the International Institute of Business Analysis (IIBA) that provides business analysts (BAs) with strategies for using data to improve an organization's workflow processes, technology, products and services.",https://www.iiba.org/career-resources/a-business-analysis-professionals-foundation-for-success/babok/,https://en.wikipedia.org/wiki/A_Guide_to_the_Business_Analysis_Body_of_Knowledge,
swarch-iaf,software-architect,Architecture Frameworks & Modeling,IAF,,ADVANCED,BRANCH,CORE,,,,,1,MANUAL_ONLY,,,swarch-frameworks,,"The Integrated Architecture Framework (IAF) is an enterprise architecture framework that covers business, information, information system and technology infrastructure.",https://en.wikipedia.org/wiki/Integrated_Architecture_Framework,https://www.capgemini.com/wp-content/uploads/2018/03/architecture-for-the-information-age.pdf,
swarch-uml,software-architect,Architecture Frameworks & Modeling,UML,,ADVANCED,BRANCH,CORE,,,,,1,MANUAL_ONLY,,,swarch-frameworks,,"The Unified Modeling Language, or UML, is a modeling language that is intended to provide a standard way to visualize and describe the design of a system.",https://www.uml.org,https://www.ibm.com/docs/en/rational-soft-arch/9.6.1?topic=files-uml-pattern-frameworks,https://personal.utdallas.edu/~chung/Fujitsu/UML_2.0/Rumbaugh--UML_2.0_Reference_CD.pdf
swarch-togaf,software-architect,Architecture Frameworks & Modeling,TOGAF,,ADVANCED,BRANCH,CORE,,,,,1,MANUAL_ONLY,,,swarch-frameworks,,"The TOGAF content framework provides a detailed model of architectural work products, including deliverables, artifacts within deliverables, and the architectural building blocks that artifacts represent.",https://www.opengroup.org/togaf,https://en.wikipedia.org/wiki/The_Open_Group_Architecture_Framework,
swarch-management,software-architect,Project & Delivery Management,Management,14,ADVANCED,MAIN,CORE,,,ALL,,3,EVIDENCE_ALLOWED,65,"management,agile,certification,delivery",,swarch-frameworks,"Management in software architects encompasses various responsibilities and practices that ensure the successful design, development, and implementation of software systems. Software architects play a critical role in bridging the gap between business requirements and technical implementation.",https://en.wikipedia.org/wiki/Management,,
swarch-certifications,software-architect,Project & Delivery Management,Certifications,,ADVANCED,BRANCH,CORE,,,ALL,,1,MANUAL_ONLY,,,swarch-management,,"Formal certifications validate an architect's knowledge of project management and IT service delivery frameworks, and are often valued by employers and clients alike.",https://en.wikipedia.org/wiki/Project_Management_Professional,,
swarch-pmi,software-architect,,PMI,,ADVANCED,BRANCH,CORE,,,,,1,MANUAL_ONLY,,,swarch-certifications,,"The PMI certification (Project Management Institute) is an internationally recognized credential in project management. The most well-known is the PMP? (Project Management Professional), which validates the skills and knowledge of professionals to manage projects effectively by applying best practices and standards defined in the PMBOK? (Project Management Body of Knowledge) guide.",https://www.pmi.org/,,
swarch-itil,software-architect,,ITIL,,ADVANCED,BRANCH,CORE,,,,,1,MANUAL_ONLY,,,swarch-certifications,,"**ITIL (Information Technology Infrastructure Library)** is a set of best practices for IT service management, designed to align IT services with business needs. Its primary focus is the efficient and effective delivery of value through managing the IT service lifecycle, which includes five phases: `Strategy`, `Design`, `Transition`, `Operation`, and `Continual Service Improvement`. ITIL includes key processes such as incident management, problem management, change management, configuration management, and service level agreements (SLAs). These practices aim to optimize performance, service quality, and customer satisfaction. Adopting ITIL helps organizations improve operational efficiency, reduce risks, and maintain clear control over IT services over time.",https://www.axelos.com/certifications/itil-service-management/itil-4-foundation,https://www.youtube.com/watch?v=wgnpfMK8vDk,
swarch-rup,software-architect,,RUP,,ADVANCED,BRANCH,CORE,,,,,1,MANUAL_ONLY,,,swarch-certifications,,"The RUP (**Rational Unified Process**) is not a widely recognized certification like PMP or Scrum, but rather a software development framework created by Rational Software (now IBM). It follows an iterative and incremental approach to project development, based on best practices for delivering high-quality software on time and within budget.",https://www.ibm.com/training/certification/ibm-certified-solution-designer-ibm-rational-unified-process-v70-38008003,,
swarch-prince2,software-architect,,Prince2,,ADVANCED,BRANCH,CORE,,,,,1,MANUAL_ONLY,,,swarch-certifications,,"Prince2 is a structured project management method and practitioner certification programme. Prince2 emphasizes dividing projects into manageable and controllable stages. It is adopted in many countries worldwide, including the UK, Western European countries, and Australia.",https://www.simplilearn.com/project-management/prince2-foundation-and-practitioner-certification-training,https://www.axelos.com/certifications/propath/prince2-project-management,
swarch-agile-model,software-architect,Project & Delivery Management,Agile Model,,ADVANCED,BRANCH,CORE,,,ALL,,1,MANUAL_ONLY,,,swarch-management,,Agile methodologies and scaling frameworks shape how architecture decisions are made and delivered within a team or across a large organization.,https://agilemanifesto.org/,,
swarch-less,software-architect,,LeSS,,ADVANCED,BRANCH,CORE,,,,,1,MANUAL_ONLY,,,swarch-agile-model,,"**LeSS** (Large-Scale-Scrum) is an agile framework designed to scale Scrum across multiple teams working on a single product. It adheres to Scrum's principles, emphasizing simplicity and continuous improvement. LeSS encourages coordination between teams by using a single backlog and a common Product Owner. Each team is responsible for parts of the product, but they collaborate in its joint development, with frequent feedback loops to adjust project direction. Its goal is to minimize bureaucracy and maximize value delivery in an agile and efficient way.",https://less.works/less/framework,https://www.youtube.com/watch?v=1BZf_Oa7W94,
swarch-safe,software-architect,,SaFE,,ADVANCED,BRANCH,CORE,,,,,1,MANUAL_ONLY,,,swarch-agile-model,,"**SAFe** is an agile framework designed to scale agile practices in large and complex organizations. Unlike LeSS, SAFe is more structured and provides a formal approach to coordinating multiple teams, programs, and portfolios. It incorporates elements of `Lean`, `DevOps`, and `agile principles`, and defines additional roles, ceremonies, and artifacts to align teams' goals with the business strategy. SAFe enables **large-scale planning**, **continuous delivery**, and **improvement of organizational efficiency**, offering a comprehensive framework for agile transformation at the corporate level.",https://scaledagileframework.com/SAFE,https://www.youtube.com/watch?v=aW2m-BtCJyE&t=2s,
swarch-xp,software-architect,,XP,,ADVANCED,BRANCH,CORE,,,,,1,MANUAL_ONLY,,,swarch-agile-model,,"`Extreme Programming (XP)` is a popular agile software development framework that emphasizes speed, simplicity, and quality. It was developed by Kent Beck in the late 1990s and is based on five values:",https://www.agilealliance.org/glossary/xp/,https://www.nimblework.com/agile/extreme-programming-xp/,https://scrum-master.org/en/extreme-programming-xp-a-beginners-guide-to-the-agile-method/
swarch-kanban,software-architect,,Kanban,,ADVANCED,BRANCH,CORE,,,,,1,MANUAL_ONLY,,,swarch-agile-model,,"`Kanban` is a popular agile methodology that focuses on visualizing workflow and continuously improving that flow. It's a more flexible approach than Scrum, without the rigid framework.",https://businessmap.io/kanban-resources/getting-started/what-is-kanban,https://kissflow.com/project/agile/kanban-methodology/,https://www.wrike.com/kanban-guide/what-is-kanban/
swarch-scrum,software-architect,,Scrum,,ADVANCED,BRANCH,CORE,,,,,1,MANUAL_ONLY,,,swarch-agile-model,,"`Scrum` is a popular agile framework used for project management, particularly in software development. It emphasizes iterative development, collaboration, and flexibility to deliver high-quality products.",https://www.atlassian.com/agile/scrum.,https://thedigitalprojectmanager.com/projects/pm-methodology/scrum-methodology-complete-guide/,https://www.scrum.org/resources/blog/essential-topics-scrum-product-owner
swarch-networks,software-architect,Web & Networking Fundamentals,Networks,15,ADVANCED,MAIN,CORE,,,ALL,,3,EVIDENCE_ALLOWED,65,"networking,protocols,osi,tcp,ip,http",,swarch-management,"A computer network is a set of computers sharing resources located on or provided by network nodes. Computers use common communication protocols over digital interconnections to communicate with each other. These interconnections are made up of telecommunication network technologies based on physically wired, optical, and wireless radio-frequency methods that may be arranged in a variety of network topologies.",https://www.ibm.com/topics/networking,https://en.wikipedia.org/wiki/Networking,https://www.cisco.com/c/en/us/solutions/small-business/resource-center/networking/networking-basics.html
swarch-osi,software-architect,Web & Networking Fundamentals,OSI,,ADVANCED,BRANCH,CORE,,,,,1,MANUAL_ONLY,,,swarch-networks,,The OSI and TCP/IP model is used to help the developer to design their system for interoperability. The OSI model has 7 layers while the TCP/IP model has a more summarized form of the OSI model only consisting 4 layers. This is important if you're trying to design a system to communicate with other systems.,https://www.cloudflare.com/learning/ddos/glossary/open-systems-interconnection-model-osi/,,
swarch-tcp-ip-model,software-architect,Web & Networking Fundamentals,TCP/IP Model,,ADVANCED,BRANCH,CORE,,,,,1,MANUAL_ONLY,,,swarch-networks,,"The `TCP/IP model` defines how devices should transmit data between them and enables communication over networks and large distances. The model represents how data is exchanged and organized over networks. It is split into four layers, which set the standards for data exchange and represent how data is handled and packaged when being delivered between applications, devices, and servers.","https://www.fortinet.com/resources/cyberglossary/tcp-ip#:~:text=The%20TCP%2FIP%20model%20defines,exchanged%20and%20organized%20over%20networks.",https://www.techtarget.com/searchnetworking/definition/TCP-IP,
swarch-http-https,software-architect,Web & Networking Fundamentals,"HTTP, HTTPS",,ADVANCED,BRANCH,CORE,,,,,1,MANUAL_ONLY,,,swarch-networks,,HTTP is the `TCP/IP` based application layer communication protocol which standardizes how the client and server communicate with each other. It defines how the content is requested and transmitted across the internet.,https://www.cloudflare.com/en-gb/learning/ssl/what-is-https/,https://www.cloudflare.com/en-gb/learning/ddos/glossary/hypertext-transfer-protocol-http/,https://developer.mozilla.org/en-US/docs/Web/HTTP/Overview
swarch-proxies,software-architect,Web & Networking Fundamentals,Proxies,,ADVANCED,BRANCH,CORE,,,,,1,MANUAL_ONLY,,,swarch-networks,,"In computer networking, a proxy server is a server application that acts as an intermediary between a client requesting a resource and the server providing that resource.",https://en.wikipedia.org/wiki/Proxy_server,,
swarch-firewalls,software-architect,Web & Networking Fundamentals,Firewalls,,ADVANCED,BRANCH,CORE,,,,,1,MANUAL_ONLY,,,swarch-networks,,"A Firewall is a network security device that monitors and filters incoming and outgoing network traffic based on an organization's previously established security policies. Firewalls usually sit between a trusted network and an untrusted network; oftentimes the untrusted network is the Internet. For example, office networks often use a firewall to protect their network from online threats.",https://www.cloudflare.com/learning/security/what-is-a-firewall/,https://www.cisco.com/site/us/en/learn/topics/security/what-is-a-firewall.html,
swarch-operations-knowledge,software-architect,Cloud & Operations Knowledge,Operations Knowledge,16,JOB_READY,MAIN,CORE,,,ALL,,3,EVIDENCE_ALLOWED,65,"operations,cloud,devops,infrastructure",,swarch-networks,"Operational knowledge refers to the understanding and insights that software architects need to effectively design, implement, and manage software systems throughout their lifecycle. This knowledge encompasses various aspects of software development, deployment, and maintenance, and it is crucial for ensuring that systems operate efficiently, reliably, and securely.",,,
swarch-infrastructure-as-code,software-architect,Cloud & Operations Knowledge,Infrastructure as Code,,JOB_READY,BRANCH,CORE,,,,,1,MANUAL_ONLY,,,swarch-operations-knowledge,,"Sometimes referred to as IaC, this section refers to the techniques and tools used to define infrastructure, typically in a markup language like YAML or JSON. Infrastructure as code allows DevOps Engineers to use the same workflows used by software developers to version, roll back, and otherwise manage changes.",https://www.redhat.com/en/topics/automation/what-is-infrastructure-as-code-iac,https://thenewstack.io/guis-cli-apis-learn-basic-terms-of-infrastructure-as-code/,https://www.youtube.com/watch?v=zWw2wuiKd5o
swarch-cloud-providers,software-architect,Cloud & Operations Knowledge,Cloud Providers,,JOB_READY,BRANCH,CORE,,,,,1,MANUAL_ONLY,,,swarch-operations-knowledge,,"Cloud providers provide a layer of APIs to abstract infrastructure and provision it based on security and billing boundaries. The cloud runs on servers in data centers, but the abstractions cleverly give the appearance of interacting with a single ??latform??or large application. The ability to quickly provision, configure, and secure resources with cloud providers has been key to both the tremendous success and complexity of modern DevOps.",https://www.techtarget.com/searchitchannel/definition/cloud-service-provider-cloud-provider,https://www.redhat.com/en/topics/cloud-computing/what-are-cloud-providers,https://app.daily.dev/tags/cloud?ref=roadmapsh
swarch-serverless-concepts,software-architect,Cloud & Operations Knowledge,Serverless Concepts,,JOB_READY,BRANCH,CORE,,,,,1,MANUAL_ONLY,,,swarch-operations-knowledge,,"Serverless is a cloud-native development model that allows developers to build and run applications without having to manage servers. There are still servers in serverless, but they are abstracted away from app development. A cloud provider handles the routine work of provisioning, maintaining, and scaling the server infrastructure. Developers can simply package their code in containers for deployment.",https://www.redhat.com/en/topics/cloud-native-apps/what-is-serverless,https://www.cloudflare.com/learning/serverless/what-is-serverless/,https://aws.amazon.com/serverless/
swarch-linux-unix,software-architect,Cloud & Operations Knowledge,Linux / Unix,,JOB_READY,BRANCH,CORE,,,,,1,MANUAL_ONLY,,,swarch-operations-knowledge,,"Knowledge of UNIX is a must for almost all kind of development as most of the codes that you write is most likely going to be finally deployed on a UNIX/Linux machine. Linux has been the backbone of the free and open source software movement, providing a simple and elegant operating system for almost all your needs.",https://roadmap.sh/linux,https://www.coursera.org/courses?query=unix,https://www.tutorialspoint.com/unix/index.htm
swarch-service-mesh,software-architect,Cloud & Operations Knowledge,Service Mesh,,JOB_READY,BRANCH,CORE,,,,,1,MANUAL_ONLY,,,swarch-operations-knowledge,,"A Service Mesh is a dedicated infrastructure layer for handling service-to-service communication. It?? responsible for the reliable delivery of requests through the complex topology of services that comprise a modern, cloud native application. In layman's terms, it's a tool which helps you to control how different services communicate with each other.",https://www.redhat.com/en/topics/microservices/what-is-a-service-mesh,https://platform9.com/blog/kubernetes-service-mesh-a-comparison-of-istio-linkerd-and-consul/,https://youtu.be/16fgzklcF7Y
swarch-ci-cd,software-architect,Cloud & Operations Knowledge,CI / CD,,JOB_READY,BRANCH,CORE,,,,,1,MANUAL_ONLY,,,swarch-operations-knowledge,,"CI/CD is a method to frequently deliver apps to customers by introducing automation into the stages of app development. The main concepts attributed to CI/CD are continuous integration, continuous delivery, and continuous deployment. CI/CD is a solution to the problems integrating new code can cause for development and operations teams (AKA ""integration hell"").",https://github.com/resources/articles/devops/ci-cd,https://www.redhat.com/en/topics/devops/what-is-ci-cd,https://www.infoworld.com/article/3271126/what-is-cicd-continuous-integration-and-continuous-delivery-explained.html
swarch-containers,software-architect,Cloud & Operations Knowledge,Containers,,JOB_READY,BRANCH,CORE,,,,,1,MANUAL_ONLY,,,swarch-operations-knowledge,,"Containers are a construct in which cgroups, namespaces, and chroot are used to fully encapsulate and isolate a process. This encapsulated process, called a container image, shares the kernel of the host with other containers, allowing containers to be significantly smaller and faster than virtual machines. These images are designed for portability, allowing for full local testing of a static image, and easy deployment to a container management platform.",https://en.wikipedia.org/wiki/Cgroups,https://en.wikipedia.org/wiki/Linux_namespaces,https://en.wikipedia.org/wiki/Chroot
swarch-cloud-design-patterns,software-architect,Cloud & Operations Knowledge,Cloud Design Patterns,,JOB_READY,BRANCH,CORE,,,,,1,MANUAL_ONLY,,,swarch-operations-knowledge,,"These design patterns are useful for building reliable, scalable, secure applications in the cloud. The cloud design patterns where each pattern describes the problem that the pattern addresses, considerations for applying the pattern, and an example based on Microsoft Azure. Most patterns include code samples or snippets that show how to implement the pattern on Azure. However, most patterns are relevant to any distributed system, whether hosted on Azure or other cloud platforms.",https://learn.microsoft.com/en-us/azure/architecture/patterns/,https://app.daily.dev/tags/cloud?ref=roadmapsh,
swarch-enterprise-software,software-architect,Enterprise Software Platforms,Enterprise Software,17,JOB_READY,MAIN,CORE,,,CHOOSE_ONE,1,3,EVIDENCE_ALLOWED,65,"enterprise,software,erp,crm,platform",,swarch-operations-knowledge,"Enterprise software refers to software applications that are designed to meet the needs of large organizations or enterprises. These applications are typically complex, scalable, and capable of integrating with other systems to support a wide range of business functions. Enterprise software is used to improve efficiency, streamline processes, and enhance productivity across various departments within an organization.",https://en.wikipedia.org/wiki/Enterprise_software,,
swarch-ms-dynamics,software-architect,Enterprise Software Platforms,MS Dynamics,,JOB_READY,BRANCH,ALTERNATIVE,,,,,1,EVIDENCE_ALLOWED,65,"enterprise software platforms,ms dynamics",swarch-enterprise-software,,Microsoft Dynamics 365 is a combination of both Enterprise Resource Planning (ERP) software and Customer Relationship Management (CRM) software.,https://www.nigelfrank.com/insights/everything-you-ever-wanted-to-know-about-dynamics-crm,https://www.youtube.com/watch?v=ogfclHWgqgE,
swarch-sap-erp-hana-business-objects,software-architect,Enterprise Software Platforms,"SAP ERP, HANA, Business Objects",,JOB_READY,BRANCH,ALTERNATIVE,,,,,1,EVIDENCE_ALLOWED,65,"business objects,enterprise software platforms,hana,sap erp,sap erp, hana, business objects",swarch-enterprise-software,,"SAP (Systems, Applications, and Products in Data Processing) is a leading enterprise resource planning (ERP) software provider that helps organizations manage their business operations and customer relations effectively. SAP ERP integrates various business processes, such as finance, sales, procurement, and human resources, into a unified system, enabling real-time data access and improved decision-making. SAP HANA (High-Performance Analytic Appliance) is an in-memory database and application development platform that allows businesses to process large volumes of data quickly and efficiently, supporting advanced analytics and real-time reporting. BusinessObjects, part of the SAP Business Intelligence suite, provides powerful tools for data visualization, reporting, and analysis, enabling users to transform raw data into actionable insights. Together, these solutions empower organizations to streamline operations, enhance productivity, and drive strategic decision-making through data-driven insights.",https://www.sap.com/,,
swarch-ibm-bpm,software-architect,Enterprise Software Platforms,IBM BPM,,JOB_READY,BRANCH,ALTERNATIVE,,,,,1,EVIDENCE_ALLOWED,65,"enterprise software platforms,ibm bpm",swarch-enterprise-software,,"IBM BPM is a comprehensive business process management platform. It provides a robust set of tools to author, test, and deploy business processes, as well as full visibility and insight to managing those business processes.",https://www.ibm.com/docs/en/bpm/8.5.5?topic=manager-business-process-overview,https://www.youtube.com/watch?v=6yn4nCWMNLI,https://app.daily.dev/tags/ibm?ref=roadmapsh
swarch-emc-dms,software-architect,Enterprise Software Platforms,EMC DMS,,JOB_READY,BRANCH,ALTERNATIVE,,,,,1,EVIDENCE_ALLOWED,65,"emc dms,enterprise software platforms",swarch-enterprise-software,,EMC (Enterprise Metadata Catalog) and DMS (Document Management System) are two distinct concepts in the realm of data management and information systems. Below is an overview of each:,https://www.opentext.com/products/documentum-content-management,https://www.spiceworks.com/collaboration/content-collaboration/articles/top-10-enterprise-content-management-software-systems/,
swarch-salesforce,software-architect,Salesforce,Salesforce,,JOB_READY,BRANCH,ALTERNATIVE,,,,,1,EVIDENCE_ALLOWED,65,salesforce,swarch-enterprise-software,,Salesforce is a cloud platform helping companies to manage relationships with their customers,https://ascendix.com/blog/what-is-salesforce-what-salesforce-is-used-for/,https://www.youtube.com/watch?v=xx2sK-QiBjw,https://app.daily.dev/tags/salesforce?ref=roadmapsh
